URL,Platform,HTTP Status
https://www.brahmakumaris.com/soul-sustenance/ss-hindi/apne-beliefs-ko-check-karein-aur-chinta-par-kabu-paayein-bhag-1/,Next.js (Modern),200
https://www.brahmakumaris.com/soul-sustenance/change-your-belief-systems-and-create-a-positive-destiny/,Next.js (Modern),200
https://www.brahmakumaris.com/soul-sustenance/am-i-a-good-gods-child/,Next.js (Modern),200
https://www.brahmakumaris.com/soul-sustenance/to-be-happy-always-love-yourself-love-god-and-love-others-part-3/,Next.js (Modern),200
https://www.brahmakumaris.com/soul-sustenance/ss-hindi/5-tips-dwara-office-ke-vatavaran-ko-aadhyatmik-banaein/,Next.js (Modern),200
https://www.brahmakumaris.com/soul-sustenance/ss-hindi/apni-aantarik-sundarta-ko-bhadhayein/,Next.js (Modern),200
https://www.brahmakumaris.com/soul-sustenance/5-new-year-promises-to-make-to-yourself-2/,Next.js (Modern),200
https://www.brahmakumaris.com/soul-sustenance/overcoming-sibling-rivalry-with-spiritual-understanding/,Next.js (Modern),200
https://www.brahmakumaris.com/soul-sustenance/ss-hindi/parmatma-ke-trustee-kaise-banein-bhag-1/,Next.js (Modern),200
https://www.brahmakumaris.com/soul-sustenance/06th-oct-soul-sustenance/,Next.js (Modern),200
https://www.brahmakumaris.com/?p=101910,WordPress (Legacy),404
https://www.brahmakumaris.com/soul-sustenance/5-positive-affirmations-for-good-health/,Next.js (Modern),200
https://www.brahmakumaris.com/soul-sustenance/ss-hindi/logon-ke-saamne-bolne-ke-dar-par-kaabu-paayein/,Next.js (Modern),200
https://www.brahmakumaris.com/soul-sustenance/a-journey-to-happiness-or-a-journey-of-happiness-part-1/,Next.js (Modern),200
https://www.brahmakumaris.com/soul-sustenance/a-journey-to-happiness-or-a-journey-of-happiness-part-2/,Next.js (Modern),200
https://www.brahmakumaris.com/soul-sustenance/happy-greetings-that-matter-2/,Next.js (Modern),200
https://www.brahmakumaris.com/soul-sustenance/ss-hindi/sakaratmak-vicharo-ke-sath-jeevan-jeena-bhag-1/,Next.js (Modern),200
https://www.brahmakumaris.com/soul-sustenance/crossing-negative-situations-with-spiritual-power-part-2/,Next.js (Modern),200
https://www.brahmakumaris.com/soul-sustenance/connecting-to-god-with-the-umbilical-cord-of-meditation-part-3/,Next.js (Modern),200
https://www.brahmakumaris.com/soul-sustenance/23rd-jul-2023-ss/,Next.js (Modern),200
https://www.brahmakumaris.com/soul-sustenance/experience-patience-when-waiting-for-situations-to-change/,Next.js (Modern),200
https://www.brahmakumaris.com/soul-sustenance/ss-hindi/31st-aug-2023-ssh/,Next.js (Modern),200
https://www.brahmakumaris.com/soul-sustenance/overcoming-obstacles-with-a-powerful-consciousness-of-faith-part-2/,Next.js (Modern),200
https://www.brahmakumaris.com/soul-sustenance/5-affirmations-for-experiencing-peace/,Next.js (Modern),200
https://www.brahmakumaris.com/anubhavgatha/bk-uttara-didi-chandigarh/,WordPress (Legacy),200
https://www.brahmakumaris.com/soul-sustenance/ss-hindi/3rd-aug-2023-ssh/,Next.js (Modern),200
https://www.brahmakumaris.com/soul-sustenance/5th-aug-2023-ss/,Next.js (Modern),200
https://www.brahmakumaris.com/soul-sustenance/honesty-at-the-workplace/,Next.js (Modern),200
https://www.brahmakumaris.com/soul-sustenance/overcoming-guilt-over-not-spending-enough-time-with-your-children/,Next.js (Modern),200
https://www.brahmakumaris.com/soul-sustenance/ss-hindi/parmatma-ke-trustee-kaise-banein-bhag-2/,Next.js (Modern),200
https://www.brahmakumaris.com/blog/hindi-blog/iss-navratri-apni-aantrik-shaktiyon-ka-anubhav-karein/,WordPress (Legacy),200
https://www.brahmakumaris.com/soul-sustenance/ss-hindi/adhyatmik-samuhon-mei-pragati-ka-anubhav-karna-bhag-1/,Next.js (Modern),200
https://www.brahmakumaris.com/anubhavgatha/mateshwari-mamma/,WordPress (Legacy),200
https://www.brahmakumaris.com/soul-sustenance/ss-hindi/karm-karte-hue-aatmik-sthiti-mei-rahne-ka-abhyas-part-1/,Next.js (Modern),200
https://www.brahmakumaris.com/blog/self-development/happiness-mantras/,WordPress (Legacy),200
https://www.brahmakumaris.com/blog/bkshivani/lifestyle/simple-way-detox-mind-body/,WordPress (Legacy),200
https://www.brahmakumaris.com/soul-sustenance/07th-oct-soul-sustenance/,Next.js (Modern),200
https://www.brahmakumaris.com/soul-sustenance/earning-money-along-with-blessings/,Next.js (Modern),200
https://www.brahmakumaris.com/soul-sustenance/ss-hindi/apne-har-din-ko-no-complaint-day-banayein-2/,Next.js (Modern),200
https://www.brahmakumaris.com/soul-sustenance/20th-may-2023-ss/,Next.js (Modern),200
https://www.brahmakumaris.com/soul-sustenance/time-management-in-our-daily-lives-part-2/,Next.js (Modern),200
https://www.brahmakumaris.com/soul-sustenance/the-significance-of-shri-krishna-janmashtami-in-our-daily-lives/,Next.js (Modern),200
https://www.brahmakumaris.com/blog/bkshivani/karma/the-art-of-packing-light-for-lifes-journey/,WordPress (Legacy),200
https://www.brahmakumaris.com/soul-sustenance/ss-hindi/office-ya-ghar-par-niyam-banate-samay-logon-ki-rai-lein/,Next.js (Modern),200
https://www.brahmakumaris.com/anubhavgatha/bk-vijaya-didi/,WordPress (Legacy),200
https://www.brahmakumaris.com/soul-sustenance/5-steps-to-make-the-world-paradise-again/,Next.js (Modern),200
https://www.brahmakumaris.com/blog/brahma-baba-articles/abla-ko-sabla-banane-wale-pitashree/,WordPress (Legacy),200
https://www.brahmakumaris.com/soul-sustenance/ss-hindi/parmatma-se-sundar-bhagya/,Next.js (Modern),200
https://www.brahmakumaris.com/soul-sustenance/ss-hindi/5th-apr-2023-ssh/,Next.js (Modern),200
https://www.brahmakumaris.com/soul-sustenance/ss-hindi/dashare-parv-ka-divya-arth-bhag-2/,Next.js (Modern),200
https://www.brahmakumaris.com/soul-sustenance/ss-hindi/27th-may-2023-ssh/,Next.js (Modern),200
https://www.brahmakumaris.com/soul-sustenance/5-ways-to-remain-stable-in-change/,Next.js (Modern),200
https://www.brahmakumaris.com/soul-sustenance/ss-hindi/ahankar-ko-thes-pahunchna-bhag-1/,Next.js (Modern),200
https://www.brahmakumaris.com/soul-sustenance/tolerate-with-acceptance-and-understanding/,Next.js (Modern),200
https://www.brahmakumaris.com/soul-sustenance/remaining-free-from-sarcasm-in-relationships/,Next.js (Modern),200
https://www.brahmakumaris.com/blog/self-development/when-results-dont-match-your-dreams-a-path-to-acceptance-and-strength/,WordPress (Legacy),200
https://www.brahmakumaris.com/blog/specialdays/kisan-desh-ki-shaan-hai/,WordPress (Legacy),200
https://www.brahmakumaris.com/soul-sustenance/5-steps-to-a-stress-free-life-part-3/,Next.js (Modern),200
https://www.brahmakumaris.com/soul-sustenance/ss-hindi/baaton-ko-aasani-se-jaane-dein/,Next.js (Modern),200
https://www.brahmakumaris.com/soul-sustenance/the-key-to-beautiful-relationships-unconditional-love-part-5/,Next.js (Modern),200
https://www.brahmakumaris.com/soul-sustenance/2nd-aug-2023-ss/,Next.js (Modern),200
https://www.brahmakumaris.com/soul-sustenance/ss-hindi/karma-ka-sidhdhant-kaise-kaary-karta-hai/,Next.js (Modern),200
https://www.brahmakumaris.com/soul-sustenance/ss-hindi/aadhytmikta-dwara-apne-man-aur-tan-ko-sanwarien-bhag-1/,Next.js (Modern),200
https://www.brahmakumaris.com/blog/bkshivani/lifestyle/the-key-to-calming-down-quickly/,WordPress (Legacy),200
https://www.brahmakumaris.com/soul-sustenance/ss-hindi/saaf-aur-saral-dil-ke-saath-logon-se-milein/,Next.js (Modern),200
https://www.brahmakumaris.com/soul-sustenance/ss-hindi/shaktiyon-ko-andar-bharein-kamjoriyon-ko-bahar-nikalein/,Next.js (Modern),200
https://www.brahmakumaris.com/soul-sustenance/ss-hindi/khushiyon-bhare-abhivadan-jo-maayne-rakhte-hein/,Next.js (Modern),200
https://www.brahmakumaris.com/soul-sustenance/ss-hindi/18th-jun-2023-ssh/,Next.js (Modern),200
https://www.brahmakumaris.com/soul-sustenance/your-mind-is-your-inner-child/,Next.js (Modern),200
https://www.brahmakumaris.com/soul-sustenance/08th-feb-2023-ss/,Next.js (Modern),200
https://www.brahmakumaris.com/category/blog/mamma-b/,WordPress (Legacy),200
https://www.brahmakumaris.com/blog/festivals/janmashtami-spiritual-significance/,WordPress (Legacy),200
https://www.brahmakumaris.com/hi/magazine-and-newsletter/,WordPress (Legacy),200
https://www.brahmakumaris.com/soul-sustenance/ss-hindi/zindgi-ki-daud-mein-na-bhagein-present-moment-ko-enjoy-karein-bhag-3/,Next.js (Modern),200
https://www.brahmakumaris.com/soul-sustenance/ss-hindi/dusron-ke-sath-urja-ke-len-den-ko-behtar-banaein-bhag-1/,Next.js (Modern),200
https://www.brahmakumaris.com/soul-sustenance/creating-a-personality-of-truth-part-3/,Next.js (Modern),200
https://www.brahmakumaris.com/soul-sustenance/ss-hindi/ganesh-chaturthi-ka-aadhyatamik-mahatav-bhag-3/,Next.js (Modern),200
https://www.brahmakumaris.com/blog/bkshivani/meditation-bs/the-power-of-thoughts-and-meditation-transforming-destiny/,WordPress (Legacy),200
https://www.brahmakumaris.com/blog/bkshivani/relationships-bs/can-being-there-for-someone-really-make-them-feel-better/,WordPress (Legacy),200
https://www.brahmakumaris.com/soul-sustenance/ss-hindi/zindgi-ki-daud-mein-na-bhagein-present-moment-ko-enjoy-karein-bhag-4/,Next.js (Modern),200
https://www.brahmakumaris.com/soul-sustenance/harmonizing-relationships-taking-responsibility/,Next.js (Modern),200
https://www.brahmakumaris.com/soul-sustenance/ss-hindi/5th-jul-2023-ssh/,Next.js (Modern),200
https://www.brahmakumaris.com/soul-sustenance/the-triangle-of-spiritual-energy/,Next.js (Modern),200
https://www.brahmakumaris.com/soul-sustenance/stop-running-the-race-enjoy-the-present-moment-part-2/,Next.js (Modern),200
https://www.brahmakumaris.com/soul-sustenance/ss-hindi/visvaas-rakhein-aur-safalta-prapt-karein/,Next.js (Modern),200
https://www.brahmakumaris.com/soul-sustenance/ss-hindi/achche-swasthya-ke-liye-jaruri-shudhdh-khan-paan-aur-hawa-bhag-4/,Next.js (Modern),200
https://www.brahmakumaris.com/soul-sustenance/ss-hindi/khushi-se-sambandhit-3-galat-manytaayein-aur-sachchai-bhag-2/,Next.js (Modern),200
https://www.brahmakumaris.com/soul-sustenance/ss-hindi/krodh-par-kabu-paane-ke-5-safal-steps-bhag-3/,Next.js (Modern),200
https://www.brahmakumaris.com/anubhavgatha/bk-pushpa-didi-nagpur/,WordPress (Legacy),200
https://www.brahmakumaris.com/bkteluguradio/,WordPress (Legacy),200
https://www.brahmakumaris.com/soul-sustenance/being-patient-in-every-scene-of-life/,Next.js (Modern),200
https://www.brahmakumaris.com/soul-sustenance/ss-hindi/3rd-apr-2023-ssh/,Next.js (Modern),200
https://www.brahmakumaris.com/soul-sustenance/3-steps-for-creating-a-positive-present-and-future-part-1/,Next.js (Modern),200
https://www.brahmakumaris.com/soul-sustenance/ss-hindi/10th-may-2023-ssh/,Next.js (Modern),200
https://www.brahmakumaris.com/soul-sustenance/rest-refresh-and-rejuvenate-your-mind/,Next.js (Modern),200
https://www.brahmakumaris.com/soul-sustenance/15th-jun-2023-ss/,Next.js (Modern),200
https://www.brahmakumaris.com/soul-sustenance/experiencing-and-radiating-happiness-to-others-part-1/,Next.js (Modern),200
https://www.brahmakumaris.com/soul-sustenance/12-characteristics-of-a-divine-soul-part-1/,Next.js (Modern),200
https://www.brahmakumaris.com/soul-sustenance/ss-hindi/sundar-parenting-ke-anand-ka-anubhav-lein-bhag-2/,Next.js (Modern),200
https://www.brahmakumaris.com/soul-sustenance/ss-hindi/12th-jul-2023-ssh/,Next.js (Modern),200
https://www.brahmakumaris.com/soul-sustenance/ss-hindi/apne-sharir-ko-heal-karne-se-pahle-man-ko-heal-karein/,Next.js (Modern),200
https://www.brahmakumaris.com/soul-sustenance/ss-hindi/28th-jun-2023-ssh/,Next.js (Modern),200
https://www.brahmakumaris.com/soul-sustenance/make-6-types-of-contentment-a-part-of-your-life/,Next.js (Modern),200
https://www.brahmakumaris.com/soul-sustenance/ss-hindi/labhkaari-karmik-balance/,Next.js (Modern),200
https://www.brahmakumaris.com/soul-sustenance/ss-hindi/logon-par-shak-na-karein-balki-bharosha-karein/,Next.js (Modern),200
https://www.brahmakumaris.com/anubhavgatha/bk-sundarlal-bhai/,WordPress (Legacy),200
https://www.brahmakumaris.com/soul-sustenance/should-we-be-emotional-or-not-part-1/,Next.js (Modern),200
https://www.brahmakumaris.com/soul-sustenance/ss-hindi/kam-khana-aur-soch-samajhkar-khana/,Next.js (Modern),200
https://www.brahmakumaris.com/cop-29/,WordPress (Legacy),404
https://www.brahmakumaris.com/soul-sustenance/dont-search-for-happiness-create-it/,Next.js (Modern),200
https://www.brahmakumaris.com/soul-sustenance/ss-hindi/kya-hame-bhavuk-emotional-hona-chahiye-ya-nahi-bhag-1/,Next.js (Modern),200
https://www.brahmakumaris.com/anubhavgatha/%e0%a4%a6%e0%a4%be%e0%a4%a6%e0%a5%80-%e0%a4%ad%e0%a5%82%e0%a4%b0%e0%a5%80-%e0%a4%9c%e0%a5%80-%e0%a4%85%e0%a4%a8%e0%a5%81%e0%a4%ad%e0%a4%b5%e0%a4%97%e0%a4%be%e0%a4%a5%e0%a4%be/,WordPress (Legacy),200
https://www.brahmakumaris.com/soul-sustenance/ss-hindi/hamesha-khush-rahne-ke-5-steps/,Next.js (Modern),200
https://www.brahmakumaris.com/soul-sustenance/ss-hindi/28th-may-2023-ssh/,Next.js (Modern),200
https://www.brahmakumaris.com/soul-sustenance/burning-the-inner-ravan-and-experiencing-freedom-part-1/,Next.js (Modern),200
https://www.brahmakumaris.com/category/blog/bkshivani/relationships-bs/,WordPress (Legacy),200
https://www.brahmakumaris.com/blog/environment/world-soil-day/,WordPress (Legacy),200
https://www.brahmakumaris.com/soul-sustenance/celebrating-in-dependence/,Next.js (Modern),200
https://www.brahmakumaris.com/blog/hindi-blog/aakhir-mein-atma-ke-saath-kya-jata-hai/,WordPress (Legacy),200
https://www.brahmakumaris.com/soul-sustenance/role-of-women-in-transforming-the-world/,Next.js (Modern),200
https://www.brahmakumaris.com/soul-sustenance/ss-hindi/niswarth-prem-sundar-sambandhon-ki-chabhi-hei-bhag-2/,Next.js (Modern),200
https://www.brahmakumaris.com/soul-sustenance/ss-hindi/parmatma-parampita-teacher-aur-sadguru-ke-role-mei/,Next.js (Modern),200
https://www.brahmakumaris.com/soul-sustenance/ss-hindi/5th-mar-2023-ssh/,Next.js (Modern),200
https://www.brahmakumaris.com/kalp-taruh/photos/,WordPress (Legacy),200
https://www.brahmakumaris.com/soul-sustenance/keeping-a-worry-free-consciousness/,Next.js (Modern),200
https://www.brahmakumaris.com/soul-sustenance/14th-mar-2023-sst/,Next.js (Modern),200
https://www.brahmakumaris.com/soul-sustenance/ss-hindi/khoya-hua-swarg-punah-prapt-karna-bhag-2/,Next.js (Modern),200
https://www.brahmakumaris.com/soul-sustenance/ss-hindi/parmatma-saath-se-jeevan-ke-labh/,Next.js (Modern),200
https://www.brahmakumaris.com/soul-sustenance/ss-hindi/karm-bandhano-ka-chakra-bhag-2/,Next.js (Modern),200
https://www.brahmakumaris.com/cop-30-brazil-2025/,WordPress (Legacy),200
https://www.brahmakumaris.com/soul-sustenance/ss-hindi/kya-krodh-ko-dabana-theek-hai-ya-fir-ise-paida-hi-na-hone-dein/,Next.js (Modern),200
https://www.brahmakumaris.com/soul-sustenance/recruit-staff-based-on-their-vibrations-not-just-resume/,Next.js (Modern),200
https://www.brahmakumaris.com/soul-sustenance/ss-hindi/25th-apr-2023-ssh/,Next.js (Modern),200
https://www.brahmakumaris.com/rajyogteachers/dadi-ishu/,WordPress (Legacy),200
https://www.brahmakumaris.com/soul-sustenance/ss-hindi/7th-mar-2023-ssh/,Next.js (Modern),200
https://www.brahmakumaris.com/soul-sustenance/returning-to-my-original-state-of-goodness-part-2/,Next.js (Modern),200
https://www.brahmakumaris.com/soul-sustenance/crossing-negative-situations-with-spiritual-power-part-3/,Next.js (Modern),200
https://www.brahmakumaris.com/soul-sustenance/meditation-an-easy-technique-for-self-transformation-part-1/,Next.js (Modern),200
https://www.brahmakumaris.com/kalp-taruh/contact-us/,WordPress (Legacy),200
https://www.brahmakumaris.com/dadigulzar/,WordPress (Legacy),200
https://www.brahmakumaris.com/soul-sustenance/ruling-the-kingdom-of-the-mind-part-3/,Next.js (Modern),200
https://www.brahmakumaris.com/soul-sustenance/overcoming-mental-pressures-and-stress-part-1/,Next.js (Modern),200
https://www.brahmakumaris.com/anubhavgatha/bk-meera-didi-malasia/,WordPress (Legacy),200
https://www.brahmakumaris.com/soul-sustenance/8th-jul-2023-ss/,Next.js (Modern),200
https://www.brahmakumaris.com/soul-sustenance/24th-jul-2023-ss/,Next.js (Modern),200
https://www.brahmakumaris.com/soul-sustenance/ss-hindi/apne-vyaktitva-mei-satytaa-laayein-bhag-3/,Next.js (Modern),200
https://www.brahmakumaris.com/soul-sustenance/ss-hindi/logon-aur-paristhitiyon-ko-duaaon-bhari-energy-radiate-karein/,Next.js (Modern),200
https://www.brahmakumaris.com/soul-sustenance/ss-hindi/negative-situations-ko-teen-steps-mein-resolve-karein-bhag-2/,Next.js (Modern),200
https://www.brahmakumaris.com/soul-sustenance/dont-justify-impulsive-reactions/,Next.js (Modern),200
https://www.brahmakumaris.com/soul-sustenance/25th-jun-2023-ss/,Next.js (Modern),200
https://www.brahmakumaris.com/anubhavgatha/bk-sudha-didi-burhanpur/,WordPress (Legacy),200
https://www.brahmakumaris.com/soul-sustenance/ss-hindi/negative-energy-ko-absorb-ya-reflect-na-karein-balki-transform-karein/,Next.js (Modern),200
https://www.brahmakumaris.com/soul-sustenance/5-ways-to-be-positive-in-negative-situations/,Next.js (Modern),200
https://www.brahmakumaris.com/soul-sustenance/ss-hindi/kya-punarjanam-ek-vastvikta-hei/,Next.js (Modern),200
https://www.brahmakumaris.com/soul-sustenance/14th-jul-2023-ss/,Next.js (Modern),200
https://www.brahmakumaris.com/soul-sustenance/5-ways-to-take-blessings-from-god-the-supreme-guru/,Next.js (Modern),200
https://www.brahmakumaris.com/soul-sustenance/creating-a-nature-of-permanent-happiness/,Next.js (Modern),200
https://www.brahmakumaris.com/web-stories/10-morning-thoughts-your-key-to-solving-daily-challenges/,WordPress (Legacy),200
https://www.brahmakumaris.com/soul-sustenance/ss-hindi/chinta-karne-ki-aadat-ko-overcome-karein-bhag-1/,Next.js (Modern),200
https://www.brahmakumaris.com/kohenoor-of-spirituality-dadi-janki/,WordPress (Legacy),200
https://www.brahmakumaris.com/soul-sustenance/ss-hindi/zindgi-ki-daud-mein-na-bhagein-present-moment-ko-enjoy-karein-bhag-2/,Next.js (Modern),200
https://www.brahmakumaris.com/soul-sustenance/ss-hindi/11th-may-2023-ssh/,Next.js (Modern),200
https://www.brahmakumaris.com/soul-sustenance/ss-hindi/karyasthal-par-nishkriyta-ko-dur-karke-nirantar-vikas-karein/,Next.js (Modern),200
https://www.brahmakumaris.com/soul-sustenance/5-ways-of-making-our-relationships-beautiful-part-1/,Next.js (Modern),200
https://www.brahmakumaris.com/soul-sustenance/25th-mar-2023-ss/,Next.js (Modern),200
https://www.brahmakumaris.com/anubhavgatha/sister-batul-ki-roohani-yatra/,WordPress (Legacy),200
https://www.brahmakumaris.com/soul-sustenance/ss-hindi/hamare-bhagya-ka-nirmata-kaun-hei/,Next.js (Modern),200
https://www.brahmakumaris.com/soul-sustenance/enjoy-and-love-every-moment-of-eating/,Next.js (Modern),200
https://www.brahmakumaris.com/soul-sustenance/ss-hindi/27th-jun-2023-ssh/,Next.js (Modern),200
https://www.brahmakumaris.com/brahma-baba/memory-lane/,WordPress (Legacy),200
https://www.brahmakumaris.com/soul-sustenance/the-divine-significance-of-raksha-bandhan/,Next.js (Modern),200
https://www.brahmakumaris.com/blog/self-development/understanding-and-conquering-depression/,WordPress (Legacy),200
https://www.brahmakumaris.com/soul-sustenance/why-do-we-need-spirituality-in-our-lives-2/,Next.js (Modern),200
https://www.brahmakumaris.com/rajyogteachers/dadi-shantamani/,WordPress (Legacy),200
https://www.brahmakumaris.com/mahashivratri/ms-articles/mahashivratri-secrets/,WordPress (Legacy),200
https://www.brahmakumaris.com/soul-sustenance/ss-hindi/swayam-se-prem-karein/,Next.js (Modern),200
https://www.brahmakumaris.com/soul-sustenance/ss-hindi/khushi-ko-talashein-nahin-create-karein/,Next.js (Modern),200
https://www.brahmakumaris.com/soul-sustenance/ss-hindi/13th-apr-2023-ssh/,Next.js (Modern),200
https://www.brahmakumaris.com/category/blog/festivals/shivratri/,WordPress (Legacy),200
https://www.brahmakumaris.com/soul-sustenance/the-three-mirrors-for-inner-beauty-part-2/,Next.js (Modern),200
https://www.brahmakumaris.com/soul-sustenance/ss-hindi/meditation-kaise-karein-basic-commentary/,Next.js (Modern),200
https://www.brahmakumaris.com/soul-sustenance/ss-hindi/gyan-ko-vivek-mei-badlein/,Next.js (Modern),200
https://www.brahmakumaris.com/soul-sustenance/ss-hindi/11th-mar-2023-ssh/,Next.js (Modern),200
https://www.brahmakumaris.com/category/blog/self-development/,WordPress (Legacy),200
https://www.brahmakumaris.com/soul-sustenance/ss-hindi/apne-antargyan-andar-ki-awaaz-ko-sunne-ka-abhyas-karein/,Next.js (Modern),200
https://www.brahmakumaris.com/soul-sustenance/how-to-meditate-a-basic-meditation-commentary-part-2/,Next.js (Modern),200
https://www.brahmakumaris.com/rajyogteachers/dadi-manoharindra/,WordPress (Legacy),200
https://www.brahmakumaris.com/centers/centers-statewise/,Next.js (Modern),200
https://www.brahmakumaris.com/blog/bkshivani/power/how-to-control-your-mind/,WordPress (Legacy),200
https://www.brahmakumaris.com/ktfestival/our-earth-our-responsibility-prisha-gajwani/,WordPress (Legacy),200
https://www.brahmakumaris.com/soul-sustenance/ss-hindi/apne-belief-system-ko-badlein-aur-positive-bhagya-banaein/,Next.js (Modern),200
https://www.brahmakumaris.com/soul-sustenance/seeking-perfection-in-other-people/,Next.js (Modern),200
https://www.brahmakumaris.com/soul-sustenance/how-do-our-thoughts-create-our-destiny-part-2/,Next.js (Modern),200
https://www.brahmakumaris.com/soul-sustenance/creating-a-perfect-personality-for-success-part-1/,Next.js (Modern),200
https://www.brahmakumaris.com/digital-wellness/contact-us-dw/,WordPress (Legacy),200
https://www.brahmakumaris.com/soul-sustenance/ss-hindi/6th-apr-2023-ssh/,Next.js (Modern),200
https://www.brahmakumaris.com/soul-sustenance/making-the-earth-beautiful-and-pure/,Next.js (Modern),200
https://www.brahmakumaris.com/soul-sustenance/ss-hindi/krutagyata-ka-bhav/,Next.js (Modern),200
https://www.brahmakumaris.com/category/storytime/,WordPress (Legacy),200
https://www.brahmakumaris.com/soul-sustenance/ss-hindi/daily-life-mein-time-management-bhag-1/,Next.js (Modern),200
https://www.brahmakumaris.com/soul-sustenance/slow-down-dont-rush-through-life/,Next.js (Modern),200
https://www.brahmakumaris.com/soul-sustenance/ss-hindi/shri-ganesh-chaturthi-ka-mahatav-aur-divyata-bhag-2/,Next.js (Modern),200
https://www.brahmakumaris.com/blog/hindi-blog/worldfoodday/,WordPress (Legacy),200
https://www.brahmakumaris.com/anubhavgatha/bk-mahesh-bhai-pandav-bhavan/,WordPress (Legacy),200
https://www.brahmakumaris.com/soul-sustenance/everyday-is-a-perfect-day/,Next.js (Modern),200
https://www.brahmakumaris.com/soul-sustenance/ss-hindi/26th-may-2023-ssh/,Next.js (Modern),200
https://www.brahmakumaris.com/soul-sustenance/ss-hindi/kshmabhav-ka-sansar-create-karein-bhag-3/,Next.js (Modern),200
https://www.brahmakumaris.com/soul-sustenance/5-tips-for-overcoming-work-stress-2/,Next.js (Modern),200
https://www.brahmakumaris.com/category/blog/jal-jan/,WordPress (Legacy),200
https://www.brahmakumaris.com/soul-sustenance/stop-running-the-race-enjoy-the-present-moment-part-3/,Next.js (Modern),200
https://www.brahmakumaris.com/soul-sustenance/overcoming-worry-about-what-others-think-of-you-part-2/,Next.js (Modern),200
https://www.brahmakumaris.com/soul-sustenance/19th-mar-2023-ss/,Next.js (Modern),200
https://www.brahmakumaris.com/soul-sustenance/the-negative-habit-of-writing-other-peoples-script/,Next.js (Modern),200
https://www.brahmakumaris.com/soul-sustenance/visualizing-god-in-the-soul-world/,Next.js (Modern),200
https://www.brahmakumaris.com/soul-sustenance/returning-to-normal-conversation-after-a-conflict/,Next.js (Modern),200
https://www.brahmakumaris.com/soul-sustenance/creating-positive-health-with-positive-thoughts/,Next.js (Modern),200
https://www.brahmakumaris.com/soul-sustenance/love-yourself/,Next.js (Modern),200
https://www.brahmakumaris.com/soul-sustenance/ss-hindi/varsh-2025-ke-liye-5-naye-sankalp/,Next.js (Modern),200
https://www.brahmakumaris.com/soul-sustenance/ss-hindi/dusron-ki-script-likhne-ki-nakaratmak-aadat/,Next.js (Modern),200
https://www.brahmakumaris.com/soul-sustenance/ss-hindi/24th-apr-2023-ssh/,Next.js (Modern),200
https://www.brahmakumaris.com/soul-sustenance/ss-hindi/16th-mar-2023-ssh/,Next.js (Modern),200
https://www.brahmakumaris.com/soul-sustenance/17th-oct-soul-sustenance/,Next.js (Modern),200
https://www.brahmakumaris.com/soul-sustenance/,Next.js (Modern),200
https://www.brahmakumaris.com/soul-sustenance/lets-be-human-beings-not-human-doings-part-2/,Next.js (Modern),200
https://www.brahmakumaris.com/soul-sustenance/ss-hindi/negative-energy-ke-exchange-ko-break-karein-bhag-2/,Next.js (Modern),200
https://www.brahmakumaris.com/soul-sustenance/5-tips-to-remain-free-from-hurry/,Next.js (Modern),200
https://www.brahmakumaris.com/soul-sustenance/ss-hindi/sambandho-ko-sundar-aur-anandmay-banayein/,Next.js (Modern),200
https://www.brahmakumaris.com/soul-sustenance/the-7-days-course-of-the-brahma-kumaris-part-6/,Next.js (Modern),200
https://www.brahmakumaris.com/category/blog/bkshivani/meditation-bs/,WordPress (Legacy),200
https://www.brahmakumaris.com/kalp-taruh/about-kalptaruh/,WordPress (Legacy),200
https://www.brahmakumaris.com/soul-sustenance/12th-jul-2023-ss/,Next.js (Modern),200
https://www.brahmakumaris.com/soul-sustenance/ss-hindi/9th-may-2023-ssh/,Next.js (Modern),200
https://www.brahmakumaris.com/soul-sustenance/the-hurting-of-the-ego-part-1/,Next.js (Modern),200
https://www.brahmakumaris.com/soul-sustenance/05th-feb-2023-ss/,Next.js (Modern),200
https://www.brahmakumaris.com/soul-sustenance/ss-hindi/aap-koi-bhi-aadat-badal-sakte-hein/,Next.js (Modern),200
https://www.brahmakumaris.com/soul-sustenance/ss-hindi/aantarik-sundarta-inner-beauty-ke-teen-darpan-bhag-4/,Next.js (Modern),200
https://www.brahmakumaris.com/soul-sustenance/ss-hindi/mahashivratri-par-parmatma-sandesh-part-3/,Next.js (Modern),200
https://www.brahmakumaris.com/amritmahotsav/campaigns/,WordPress (Legacy),200
https://www.brahmakumaris.com/bkshivani/upcoming-events-bk-shivani/,Next.js (Modern),200
https://www.brahmakumaris.com/soul-sustenance/ss-hindi/parmatma-ke-sapno-ka-bharat-banein-bhag-1-swatantrata-divas-15-august-par-aadhytmik-sandesh/,Next.js (Modern),200
https://www.brahmakumaris.com/soul-sustenance/ss-hindi/aao-ek-sundar-aur-swatantra-sansar-banaein/,Next.js (Modern),200
https://www.brahmakumaris.com/storytime/power-st/is-manifestation-just-positive-thinking-or-something-deeper/,WordPress (Legacy),200
https://www.brahmakumaris.com/soul-sustenance/10-new-beliefs-for-positive-living-part-3/,Next.js (Modern),200
https://www.brahmakumaris.com/soul-sustenance/ss-hindi/vishva-ko-cancer-se-bachane-ki-adhyatmik-pahal/,Next.js (Modern),200
https://www.brahmakumaris.com/category/blog/bkshivani/festivals-bs/,WordPress (Legacy),200
https://www.brahmakumaris.com/soul-sustenance/16th-apr-2023-ss/,Next.js (Modern),200
https://www.brahmakumaris.com/soul-sustenance/ss-hindi/ahankar-ki-jagah-drudhta-ko-chunein/,Next.js (Modern),200
https://www.brahmakumaris.com/soul-sustenance/20th-jun-2023-ss/,Next.js (Modern),200
https://www.brahmakumaris.com/blog/the-art-of-detachment/,WordPress (Legacy),200
https://www.brahmakumaris.com/soul-sustenance/ss-hindi/15th-jun-2023-ssh/,Next.js (Modern),200
https://www.brahmakumaris.com/soul-sustenance/8-keys-to-success-for-facing-exams-part-1/,Next.js (Modern),200
https://www.brahmakumaris.com/soul-sustenance/accept-with-ease-and-remain-free-from-expectations/,Next.js (Modern),200
https://www.brahmakumaris.com/soul-sustenance/ss-hindi/sambandhon-mei-samnjasya-banae-rakhne-ki-jimmedari-lena/,Next.js (Modern),200
https://www.brahmakumaris.com/kalp-taruh/statistics/bcde-ap/,WordPress (Legacy),200
https://www.brahmakumaris.com/blog/brahma-baba-articles/18th-january-samriti-divas-of-prajapita-brahma-baba/,WordPress (Legacy),200
https://www.brahmakumaris.com/soul-sustenance/ss-hindi/dusron-ko-copy-na-karein-swayam-ke-liye-achche-banein/,Next.js (Modern),200
https://www.brahmakumaris.com/soul-sustenance/7-benefits-of-offering-food-to-god-before-eating/,Next.js (Modern),200
https://www.brahmakumaris.com/soul-sustenance/23rd-may-soul-sustenance/,Next.js (Modern),200
https://www.brahmakumaris.com/soul-sustenance/ss-hindi/apne-man-ke-raja-banein-aur-shasan-karein-bhag-3/,Next.js (Modern),200
https://www.brahmakumaris.com/blog/rajyog-meditation/chapter-6-do-you-know-your-real-self/,WordPress (Legacy),200
https://www.brahmakumaris.com/soul-sustenance/12th-jun-2023-ss/,Next.js (Modern),200
https://www.brahmakumaris.com/soul-sustenance/the-36-divine-qualities-of-deities-or-devi-devtas/,Next.js (Modern),200
https://www.brahmakumaris.com/soul-sustenance/heal-your-mind-to-heal-your-body/,Next.js (Modern),200
https://www.brahmakumaris.com/world-meditation-day/,WordPress (Legacy),200
https://www.brahmakumaris.com/soul-sustenance/ss-hindi/khushi-ek-yatra-hai/,Next.js (Modern),200
https://www.brahmakumaris.com/soul-sustenance/24th-aug-2023-ss/,Next.js (Modern),200
https://www.brahmakumaris.com/mahashivratri/ms-articles/shivratri-the-harbinger-of-golden-down/,WordPress (Legacy),200
https://www.brahmakumaris.com/soul-sustenance/stand-back-observe-and-steer/,Next.js (Modern),200
https://www.brahmakumaris.com/soul-sustenance/happy-greetings-that-matter/,Next.js (Modern),200
https://www.brahmakumaris.com/soul-sustenance/ss-hindi/parmatma-se-judkar-apni-divyta-ko-anubhav-karein-bhag-2/,Next.js (Modern),200
https://www.brahmakumaris.com/web-stories/life-wisdom-of-mateshwari-jagdamba-saraswati/,WordPress (Legacy),200
https://www.brahmakumaris.com/soul-sustenance/increasing-your-inner-beauty/,Next.js (Modern),200
https://www.brahmakumaris.com/soul-sustenance/include-people-when-making-rules-at-office-or-home/,Next.js (Modern),200
https://www.brahmakumaris.com/soul-sustenance/ss-hindi/prabal-vishwas-dwara-badhaon-par-vijay-prapt-karna-bhag-1/,Next.js (Modern),200
https://www.brahmakumaris.com/blog/bkshivani/lifestyle/how-to-raise-your-standard-of-living/,WordPress (Legacy),200
https://www.brahmakumaris.com/soul-sustenance/ss-hindi/26th-jun-2023-ssh/,Next.js (Modern),200
https://www.brahmakumaris.com/soul-sustenance/overcoming-obstacles-with-a-powerful-consciousness-of-faith-part-3/,Next.js (Modern),200
https://www.brahmakumaris.com/soul-sustenance/ss-hindi/main-karunga-naaki-koshish/,Next.js (Modern),200
https://www.brahmakumaris.com/soul-sustenance/ss-hindi/sahajta-se-sweekarein-aur-ummiddon-se-mukt-rahein/,Next.js (Modern),200
https://www.brahmakumaris.com/blog/bkshivani/festivals-bs/the-year-of-becoming-an-angel/,WordPress (Legacy),200
https://www.brahmakumaris.com/soul-sustenance/12-characteristics-of-a-divine-soul-part-2/,Next.js (Modern),200
https://www.brahmakumaris.com/soul-sustenance/08th-oct-soul-sustenance/,Next.js (Modern),200
https://www.brahmakumaris.com/soul-sustenance/ss-hindi/apni-aadhyatmik-jagrukta-ka-ek-diya-jalaien-bhag-1/,Next.js (Modern),200
https://www.brahmakumaris.com/soul-sustenance/05th-oct-soul-sustenance/,Next.js (Modern),200
https://www.brahmakumaris.com/soul-sustenance/ss-hindi/law-of-attraction-hum-jo-hein-vahi-paate-hein/,Next.js (Modern),200
https://www.brahmakumaris.com/soul-sustenance/practice-listening-to-your-intuition/,Next.js (Modern),200
https://www.brahmakumaris.com/soul-sustenance/give-yourself-an-emotional-detox/,Next.js (Modern),200
https://www.brahmakumaris.com/soul-sustenance/ss-hindi/jimmedariyon-ko-dusron-ko-saunpana/,Next.js (Modern),200
https://www.brahmakumaris.com/category/blog/bkshivani/children/,WordPress (Legacy),200
https://www.brahmakumaris.com/soul-sustenance/ss-hindi/har-kadam-par-nayapan-bhag-1/,Next.js (Modern),200
https://www.brahmakumaris.com/soul-sustenance/ss-hindi/4th-jun-2023-ssh/,Next.js (Modern),200
https://www.brahmakumaris.com/blog/bkshivani/addiction/freedom-from-addiction-helping-yourself-others/,WordPress (Legacy),200
https://www.brahmakumaris.com/kalp-taruh/virtues-kalp-taruh/,WordPress (Legacy),200
https://www.brahmakumaris.com/blog/bkshivani/karma/how-to-live-life-so-that-we-leave-without-pain/,WordPress (Legacy),200
https://www.brahmakumaris.com/anubhavgatha/dadi-chandramani-ji/,WordPress (Legacy),200
https://www.brahmakumaris.com/storytime/god-st/divine-guidance-in-decision-making-arjuns-journey-of-faith/,WordPress (Legacy),200
https://www.brahmakumaris.com/soul-sustenance/4-benefits-of-negative-situations-part-2/,Next.js (Modern),200
https://www.brahmakumaris.com/soul-sustenance/how-to-meditate-a-basic-meditation-commentary-part-1/,Next.js (Modern),200
https://www.brahmakumaris.com/soul-sustenance/11th-feb-2023-ss/,Next.js (Modern),200
https://www.brahmakumaris.com/jal-jan-abhiyan/reading/,WordPress (Legacy),200
https://www.brahmakumaris.com/blog/brahma-baba-articles/companion-of-god-brahma-baba/,WordPress (Legacy),200
https://www.brahmakumaris.com/soul-sustenance/8-steps-on-the-road-to-success-part-3/,Next.js (Modern),200
https://www.brahmakumaris.com/soul-sustenance/ss-hindi/parmatma-ko-soul-world-mei-experience-aur-visuvalise-karna/,Next.js (Modern),200
https://www.brahmakumaris.com/soul-sustenance/experiencing-spiritual-success-in-every-sphere-of-life-part-3/,Next.js (Modern),200
https://www.brahmakumaris.com/anubhavgatha/bk-vidhyasagar-bhai/,WordPress (Legacy),200
https://www.brahmakumaris.com/anubhavgatha/bk-geeta-los-angeles/,WordPress (Legacy),200
https://www.brahmakumaris.com/soul-sustenance/affirmations-5-tips-for-success/,Next.js (Modern),200
https://www.brahmakumaris.com/soul-sustenance/going-beyond-the-influence-of-bad-omens-and-superstitions/,Next.js (Modern),200
https://www.brahmakumaris.com/anubhavgatha/bk-jayanti-didi/,WordPress (Legacy),200
https://www.brahmakumaris.com/amritmahotsav/contact-us/,WordPress (Legacy),200
https://www.brahmakumaris.com/soul-sustenance/an-attitude-of-gratitude/,Next.js (Modern),200
https://www.brahmakumaris.com/blog/bkshivani/happiness/can-happiness-truly-transform-a-dull-environment/,WordPress (Legacy),200
https://www.brahmakumaris.com/blog/specialdays/parmatma-hamare-jeevan-ke-prakash-stambh-shikshak-diwas/,WordPress (Legacy),200
https://www.brahmakumaris.com/amritmahotsav/,WordPress (Legacy),200
https://www.brahmakumaris.com/soul-sustenance/dont-get-attached-to-the-branches-of-your-life-tree/,Next.js (Modern),200
https://www.brahmakumaris.com/blog/self-development/power-of-introversion-for-progressive-administration/,WordPress (Legacy),200
https://www.brahmakumaris.com/anubhavgatha/bk-sister-gayatri-newyork/,WordPress (Legacy),200
https://www.brahmakumaris.com/soul-sustenance/31st-oct-soul-sustenance/,Next.js (Modern),200
https://www.brahmakumaris.com/soul-sustenance/ss-hindi/samay-abhi-hi-hei/,Next.js (Modern),200
https://www.brahmakumaris.com/soul-sustenance/the-key-to-beautiful-relationships-unconditional-love-part-2/,Next.js (Modern),200
https://www.brahmakumaris.com/soul-sustenance/start-taking-care-of-your-mind-an-inner-factory-of-thoughts/,Next.js (Modern),200
https://www.brahmakumaris.com/soul-sustenance/freedom-from-guilt/,Next.js (Modern),200
https://www.brahmakumaris.com/soul-sustenance/ss-hindi/swayam-ko-niyantrit-karne-ki-kala-mein-nipun-banein/,Next.js (Modern),200
https://www.brahmakumaris.com/hi/yatra/,Unreachable / Error,Failed
https://www.brahmakumaris.com/anubhavgatha/bk-pushpa-didi-haryana/,WordPress (Legacy),200
https://www.brahmakumaris.com/soul-sustenance/ss-hindi/kya-aapka-parmatma-ke-sath-sambandh-ghanishth-aur-majboot-hei/,Next.js (Modern),200
https://www.brahmakumaris.com/soul-sustenance/ss-hindi/mansik-dabav-aur-tanaav-par-kaabu-kaise-paayein-bhag-1-2/,Next.js (Modern),200
https://www.brahmakumaris.com/blog/self-development/seva-beyond-the-visible-through-mind-words-and-actions/,WordPress (Legacy),200
https://www.brahmakumaris.com/soul-sustenance/ss-hindi/safalta-prapt-karne-ke-liye-soul-aur-role-power-ka-santulan-banaye-rakhein-bhag-2/,Next.js (Modern),200
https://www.brahmakumaris.com/soul-sustenance/ss-hindi/parmatm-saath-ke-labh/,Next.js (Modern),200
https://www.brahmakumaris.com/soul-sustenance/the-importance-of-thought-energy-in-relationships-part-3/,Next.js (Modern),200
https://www.brahmakumaris.com/soul-sustenance/ss-hindi/parmatma-ke-trustee-kaise-banein-bhag-3/,Next.js (Modern),200
https://www.brahmakumaris.com/soul-sustenance/is-reincarnation-a-reality/,Next.js (Modern),200
https://www.brahmakumaris.com/soul-sustenance/10-new-beliefs-for-positive-living-part-5/,Next.js (Modern),200
https://www.brahmakumaris.com/soul-sustenance/ss-hindi/ateet-ko-let-go-karne-ki-7-takniken-bhag-2/,Next.js (Modern),200
https://www.brahmakumaris.com/soul-sustenance/the-key-to-beautiful-relationships-unconditional-love-part-1/,Next.js (Modern),200
https://www.brahmakumaris.com/soul-sustenance/27th-apr-2023-ss/,Next.js (Modern),200
https://www.brahmakumaris.com/soul-sustenance/when-we-change-others-change-part-3/,Next.js (Modern),200
https://www.brahmakumaris.com/soul-sustenance/be-the-giver-in-your-relationships/,Next.js (Modern),200
https://www.brahmakumaris.com/soul-sustenance/ss-hindi/dusron-ke-sath-urja-ke-len-den-ko-behtar-banaein-bhag-2/,Next.js (Modern),200
https://www.brahmakumaris.com/soul-sustenance/ss-hindi/prashansha-ki-ichcha-se-mukt-hona-bhag-3/,Next.js (Modern),200
https://www.brahmakumaris.com/soul-sustenance/21st-may-2023-ss/,Next.js (Modern),200
https://www.brahmakumaris.com/soul-sustenance/creating-a-personality-of-truth-part-1/,Next.js (Modern),200
https://www.brahmakumaris.com/blog/self-development/role-of-ethics-for-sustaining-excellence-in-administration/,WordPress (Legacy),200
https://www.brahmakumaris.com/soul-sustenance/stability-in-appreciation-and-criticism/,Next.js (Modern),200
https://www.brahmakumaris.com/soul-sustenance/ss-hindi/sada-khush-rahne-ke-liye-swayam-se-ishwar-se-aur-dusron-se-prem-%e0%a4%95%e0%a4%b0-bhag-1/,Next.js (Modern),200
https://www.brahmakumaris.com/soul-sustenance/ss-hindi/kya-mein-ishwar-ka-achcha-bachcha-hun/,Next.js (Modern),200
https://www.brahmakumaris.com/soul-sustenance/ss-hindi/10th-apr-2023-ssh/,Next.js (Modern),200
https://www.brahmakumaris.com/blog/environment/india-one-solar-power-plant-an-innovation-anchored-by-spirituality/,WordPress (Legacy),200
https://www.brahmakumaris.com/blog/gods-tv-with-his-8-divine-channels/,WordPress (Legacy),200
https://www.brahmakumaris.com/soul-sustenance/ss-hindi/mansik-dabav-aur-tanaav-par-kaabu-kaise-paayein-bhag-1/,Next.js (Modern),200
https://www.brahmakumaris.com/blog/self-development/facing-challenges-for-sustaining-growth/,WordPress (Legacy),200
https://www.brahmakumaris.com/hi/rajyog-meditation-course/,WordPress (Legacy),200
https://www.brahmakumaris.com/soul-sustenance/taking-care-of-our-emotional-and-physical-health-with-spirituality-part-2/,Next.js (Modern),200
https://www.brahmakumaris.com/blog/self-development/simplicity/,WordPress (Legacy),200
https://www.brahmakumaris.com/literature-coming-soon/,WordPress (Legacy),200
https://www.brahmakumaris.com/blog/spirituality/treasures-of-thoughts-and-time/,WordPress (Legacy),200
https://www.brahmakumaris.com/soul-sustenance/a-healthy-emotional-diet-for-the-mind-part-4/,Next.js (Modern),200
https://www.brahmakumaris.com/category/anubhavgatha/,Next.js (Modern),200
https://www.brahmakumaris.com/blog/mamma-b/mamma-adhyatmik-kranti-ki-agradoot/,WordPress (Legacy),200
https://www.brahmakumaris.com/soul-sustenance/reversing-the-flow-of-love-in-relationships/,Next.js (Modern),200
https://www.brahmakumaris.com/soul-sustenance/ss-hindi/kshama-karein-aur-bhool-jayein/,Next.js (Modern),200
https://www.brahmakumaris.com/soul-sustenance/check-your-adaptability-quotient/,Next.js (Modern),200
https://www.brahmakumaris.com/soul-sustenance/ss-hindi/aantarik-shanti-aur-aanand-ke-liye-ghar-par-ek-sacred-corner-banaein/,Next.js (Modern),200
https://www.brahmakumaris.com/soul-sustenance/ss-hindi/apne-jeevan-mei-attention-ke-watchmen-ko-satark-rakhna/,Next.js (Modern),200
https://www.brahmakumaris.com/abumarathon/register-am/,WordPress (Legacy),200
https://www.brahmakumaris.com/soul-sustenance/ss-hindi/khush-rehkar-hi-khushiyan-baantien-ja-sakti-hein/,Next.js (Modern),200
https://www.brahmakumaris.com/soul-sustenance/11th-apr-2023-ss/,Next.js (Modern),200
https://www.brahmakumaris.com/blog/,WordPress (Legacy),200
https://www.brahmakumaris.com/blog/bkshivani/god/how-to-experience-gods-support-guidance/,WordPress (Legacy),200
https://www.brahmakumaris.com/soul-sustenance/22nd-jun-2023-ss/,Next.js (Modern),200
https://www.brahmakumaris.com/soul-sustenance/ss-hindi/3rd-may-2023-ssh/,Next.js (Modern),200
https://www.brahmakumaris.com/blog/festivals/navratri/maa-saraswati-power-to-decide/,WordPress (Legacy),200
https://www.brahmakumaris.com/soul-sustenance/ss-hindi/25th-jul-2023-ssh/,Next.js (Modern),200
https://www.brahmakumaris.com/soul-sustenance/ss-hindi/sada-khush-rahne-ke-liye-swayam-se-ishwar-se-aur-dusron-se-prem-%e0%a4%95%e0%a4%b0-bhag-2/,Next.js (Modern),200
https://www.brahmakumaris.com/blog/festivals/this-navratri-empower-your-shaktis/,WordPress (Legacy),200
https://www.brahmakumaris.com/soul-sustenance/the-key-to-beautiful-relationships-unconditional-love-part-3/,Next.js (Modern),200
https://www.brahmakumaris.com/blog/bkshivani/self-love/only-30-minutes-to-transform-your-reality/,WordPress (Legacy),200
https://www.brahmakumaris.com/soul-sustenance/ss-hindi/aadhytmikta-dwara-apne-man-aur-tan-ko-sanwarien-bhag-2/,Next.js (Modern),200
https://www.brahmakumaris.com/category/blog/relationships/,WordPress (Legacy),200
https://www.brahmakumaris.com/anubhavgatha/bk-nirwair-bhaiji/,WordPress (Legacy),200
https://www.brahmakumaris.com/blog/specialdays/%e0%a4%95%e0%a5%88%e0%a4%b8%e0%a5%87-%e0%a4%b9%e0%a5%8b%e0%a4%82-%e0%a4%a8%e0%a4%b5%e0%a4%b5%e0%a4%b0%e0%a5%8d%e0%a4%b7-%e0%a4%ae%e0%a5%87%e0%a4%82-%e0%a4%b9%e0%a4%ae%e0%a4%be%e0%a4%b0%e0%a5%87/,WordPress (Legacy),200
https://www.brahmakumaris.com/soul-sustenance/be-happy-when-others-do-well/,Next.js (Modern),200
https://www.brahmakumaris.com/bkshivani/,WordPress (Legacy),200
https://www.brahmakumaris.com/soul-sustenance/10-ways-of-improving-quality-and-wellness-of-relationships-part-2/,Next.js (Modern),200
https://www.brahmakumaris.com/soul-sustenance/ss-hindi/achchaiyon-ki-apni-original-state-mei-vapas-aayein-bhag-1/,Next.js (Modern),200
https://www.brahmakumaris.com/soul-sustenance/ss-hindi/parmatma-se-judkar-quality-recharging-karein-bhag-1/,Next.js (Modern),200
https://www.brahmakumaris.com/soul-sustenance/ss-hindi/dusron-ko-apni-emotional-state-ko-dominate-na-karne-dein/,Next.js (Modern),200
https://www.brahmakumaris.com/soul-sustenance/keep-giving-to-others-constantly-part-3/,Next.js (Modern),200
https://www.brahmakumaris.com/soul-sustenance/the-beauty-of-christmas-a-festival-of-love-and-joy-part-2/,Next.js (Modern),200
https://www.brahmakumaris.com/anubhavgatha/dadi-gulzar/,WordPress (Legacy),200
https://www.brahmakumaris.com/soul-sustenance/ss-hindi/ek-achche-parents-bankar-ek-sundar-bachche-ki-rachna-karna/,Next.js (Modern),200
https://www.brahmakumaris.com/blog/festivals/diwali/will-lakshmi-visit-me-this-diwali/,WordPress (Legacy),200
https://www.brahmakumaris.com/soul-sustenance/breaking-the-cycle-of-negative-energy-exchanges-part-1/,Next.js (Modern),200
https://www.brahmakumaris.com/soul-sustenance/ss-hindi/kya-hamara-bhagya-tay-hota-hai-ya-hum-ise-badal-sakte-hein/,Next.js (Modern),200
https://www.brahmakumaris.com/soul-sustenance/are-you-emotionally-overweight/,Next.js (Modern),200
https://www.brahmakumaris.com/soul-sustenance/ss-hindi/apne-man-ko-sada-halka-aur-urjawaan-rakhna/,Next.js (Modern),200
https://www.brahmakumaris.com/blog/rajyog-meditation/connect-to-god-short-film/,WordPress (Legacy),200
https://www.brahmakumaris.com/soul-sustenance/ss-hindi/bhumika-nibhate-hue-apne-real-swarup-ka-anubhav-karien/,Next.js (Modern),200
https://www.brahmakumaris.com/soul-sustenance/a-healthy-emotional-diet-for-the-mind-part-2/,Next.js (Modern),200
https://www.brahmakumaris.com/soul-sustenance/ss-hindi/visualisation-dwara-apne-lakshya-ko-prapt-karna/,Next.js (Modern),200
https://www.brahmakumaris.com/soul-sustenance/ss-hindi/harek-pal-ko-savadhani-se-record-karein/,Next.js (Modern),200
https://www.brahmakumaris.com/soul-sustenance/ss-hindi/rishton-mei-thought-energy-ka-mahatav-bhag-3/,Next.js (Modern),200
https://www.brahmakumaris.com/soul-sustenance/dont-equate-love-with-meeting-expectations/,Next.js (Modern),200
https://www.brahmakumaris.com/soul-sustenance/realizing-and-experiencing-the-virtue-of-peace-part-2/,Next.js (Modern),200
https://www.brahmakumaris.com/anubhavgatha/bk-raj-didi-nepal/,WordPress (Legacy),200
https://www.brahmakumaris.com/soul-sustenance/how-to-bless-yourself/,Next.js (Modern),200
https://www.brahmakumaris.com/soul-sustenance/ss-hindi/har-kadam-par-nayapan-bhag-3/,Next.js (Modern),200
https://www.brahmakumaris.com/soul-sustenance/ss-hindi/kam-bolein-dheere-bolein-aur-meetha-bolein/,Next.js (Modern),200
https://www.brahmakumaris.com/soul-sustenance/ss-hindi/sundar-parenting-ke-anand-ka-anubhav-lein-bhag-3/,Next.js (Modern),200
https://www.brahmakumaris.com/soul-sustenance/ss-hindi/21st-jun-2023-ssh/,Next.js (Modern),200
https://www.brahmakumaris.com/soul-sustenance/ss-hindi/apne-communication-ko-swachch-aur-sundar-banaein/,Next.js (Modern),200
https://www.brahmakumaris.com/blog/god-has-the-best-christmas-present-for-you/,WordPress (Legacy),200
https://www.brahmakumaris.com/blog/festivals/navratri/maa-santoshi-power-of-love-acceptance/,WordPress (Legacy),200
https://www.brahmakumaris.com/anubhavgatha/bk-nalini-didi/,WordPress (Legacy),200
https://www.brahmakumaris.com/soul-sustenance/purifying-food-water-and-air-for-good-health-part-3/,Next.js (Modern),200
https://www.brahmakumaris.com/soul-sustenance/ss-hindi/rishton-mei-assertive-hone-ke-5-tarike/,Next.js (Modern),200
https://www.brahmakumaris.com/blog/hindi-blog/awarness-water-conservation/,WordPress (Legacy),200
https://www.brahmakumaris.com/soul-sustenance/ss-hindi/22nd-aug-2023-ssh/,Next.js (Modern),200
https://www.brahmakumaris.com/soul-sustenance/2nd-may-2023-ss/,Next.js (Modern),200
https://www.brahmakumaris.com/anubhavgatha/bk-pushpal-didi/,WordPress (Legacy),200
https://www.brahmakumaris.com/soul-sustenance/newness-at-every-step-part-2/,Next.js (Modern),200
https://www.brahmakumaris.com/soul-sustenance/start-listening-more-be-less-judgmental/,Next.js (Modern),200
https://www.brahmakumaris.com/soul-sustenance/returning-to-my-original-state-of-goodness-part-3/,Next.js (Modern),200
https://www.brahmakumaris.com/soul-sustenance/ss-hindi/29th-jul-2023-ssh/,Next.js (Modern),200
https://www.brahmakumaris.com/soul-sustenance/time-management-in-our-daily-lives-part-1/,Next.js (Modern),200
https://www.brahmakumaris.com/soul-sustenance/create-success-inside-and-outside/,Next.js (Modern),200
https://www.brahmakumaris.com/soul-sustenance/ss-hindi/man-ke-liye-healthy-emotional-diet-bhag-3/,Next.js (Modern),200
https://www.brahmakumaris.com/soul-sustenance/ss-hindi/sakaratamak-jeevan-shaily-ke-liye-10-steps-bhag-2/,Next.js (Modern),200
https://www.brahmakumaris.com/soul-sustenance/ss-hindi/easy-rahein-busy-nahin/,Next.js (Modern),200
https://www.brahmakumaris.com/soul-sustenance/ss-hindi/pratispardha-ya-sahyog/,Next.js (Modern),200
https://www.brahmakumaris.com/soul-sustenance/ss-hindi/hamare-jeevan-mein-aadhymiktaa-kyon-jaruri-hei/,Next.js (Modern),200
https://www.brahmakumaris.com/soul-sustenance/ss-hindi/5-sanket-jo-darshate-hein-ki-achchai-ki-urja-faeil-rahi-hei/,Next.js (Modern),200
https://www.brahmakumaris.com/soul-sustenance/ss-hindi/sahyog-kareinpratispardha-nahin/,Next.js (Modern),200
https://www.brahmakumaris.com/soul-sustenance/the-spiritual-meaning-of-holi-part-2/,Next.js (Modern),200
https://www.brahmakumaris.com/soul-sustenance/ss-hindi/apne-sukh-baantein-dukh-nahi/,Next.js (Modern),200
https://www.brahmakumaris.com/soul-sustenance/8th-apr-2023-ss/,Next.js (Modern),200
https://www.brahmakumaris.com/anubhavgatha/bk-kamlesh-didi-odisha/,WordPress (Legacy),200
https://www.brahmakumaris.com/soul-sustenance/ss-hindi/achche-swasthya-ke-liye-jaruri-shudhdh-khan-paan-aur-hawa-bhag-3/,Next.js (Modern),200
https://www.brahmakumaris.com/soul-sustenance/ss-hindi/24th-mar-2023-ssh/,Next.js (Modern),200
https://www.brahmakumaris.com/soul-sustenance/ss-hindi/5-prakar-ka-swasthya-santulan/,Next.js (Modern),200
https://www.brahmakumaris.com/soul-sustenance/29th-may-soul-sustenance/,Next.js (Modern),200
https://www.brahmakumaris.com/soul-sustenance/5-qualities-of-a-mother-for-creating-a-virtuous-child/,Next.js (Modern),200
https://www.brahmakumaris.com/soul-sustenance/resolving-negative-situations-in-3-steps-part-1/,Next.js (Modern),200
https://www.brahmakumaris.com/soul-sustenance/5-signs-that-we-carry-a-goodness-vibration/,Next.js (Modern),200
https://www.brahmakumaris.com/soul-sustenance/10th-feb-2023-ss/,Next.js (Modern),200
https://www.brahmakumaris.com/blog/bkshivani/festivals-bs/ram-rajya-bharat-the-call-of-time/,WordPress (Legacy),200
https://www.brahmakumaris.com/soul-sustenance/5-new-year-resolutions-for-the-year-2025/,Next.js (Modern),200
https://www.brahmakumaris.com/soul-sustenance/become-like-shri-krishna-janmashtami-message/,Next.js (Modern),200
https://www.brahmakumaris.com/soul-sustenance/20th-may-soul-sustenance/,Next.js (Modern),200
https://www.brahmakumaris.com/soul-sustenance/ss-hindi/8th-may-2023-ssh/,Next.js (Modern),200
https://www.brahmakumaris.com/blog/environment/international-plastic-bag-free-day-a-journey-towards-conscious-living/,WordPress (Legacy),200
https://www.brahmakumaris.com/soul-sustenance/ss-hindi/13th-feb-2023-sse/,Next.js (Modern),200
https://www.brahmakumaris.com/soul-sustenance/ss-hindi/rishton-mein-peeda-se-mukt-hona/,Next.js (Modern),200
https://www.brahmakumaris.com/soul-sustenance/ss-hindi/sakaratmak-vartman-aur-bhavishya-ke-liye-3-kadam-bhag-2/,Next.js (Modern),200
https://www.brahmakumaris.com/blog/hindi-blog/shiv-and-shivratri/,WordPress (Legacy),200
https://www.brahmakumaris.com/soul-sustenance/29th-may-2023-ss/,Next.js (Modern),200
https://www.brahmakumaris.com/soul-sustenance/ss-hindi/5th-aug-2023-ssh/,Next.js (Modern),200
https://www.brahmakumaris.com/kalp-taruh/joinus/,WordPress (Legacy),200
https://www.brahmakumaris.com/soul-sustenance/ss-hindi/log-kya-kahenge/,Next.js (Modern),200
https://www.brahmakumaris.com/soul-sustenance/ss-hindi/parmatma-saath-ke-labh-4/,Next.js (Modern),200
https://www.brahmakumaris.com/soul-sustenance/hold-on-to-your-values/,Next.js (Modern),200
https://www.brahmakumaris.com/soul-sustenance/our-role-when-a-loved-one-is-in-pain/,Next.js (Modern),200
https://www.brahmakumaris.com/soul-sustenance/start-influencing-stop-controlling/,Next.js (Modern),200
https://www.brahmakumaris.com/soul-sustenance/19th-oct-soul-sustenance/,Next.js (Modern),200
https://www.brahmakumaris.com/soul-sustenance/freeing-yourself-from-hatred-for-anyone/,Next.js (Modern),200
https://www.brahmakumaris.com/soul-sustenance/keeping-the-watchman-of-attention-alert/,Next.js (Modern),200
https://www.brahmakumaris.com/soul-sustenance/28th-apr-2023-ss/,Next.js (Modern),200
https://www.brahmakumaris.com/soul-sustenance/ss-hindi/parampita-parmatma-hamare-sarvochch-mata-pita/,Next.js (Modern),200
https://www.brahmakumaris.com/soul-sustenance/new-beginnings-after-mistakes-in-relationships/,Next.js (Modern),200
https://www.brahmakumaris.com/blog/hindi-blog/bharat-swarg-and-narak/,WordPress (Legacy),200
https://www.brahmakumaris.com/soul-sustenance/ss-hindi/20th-apr-2023-ssh/,Next.js (Modern),200
https://www.brahmakumaris.com/blog/rajyog-meditation/chapter-3-do-you-know-your-real-self/,WordPress (Legacy),200
https://www.brahmakumaris.com/soul-sustenance/ss-hindi/14th-apr-2023-ssh/,Next.js (Modern),200
https://www.brahmakumaris.com/blog/specialdays/2026-moves-forward-by-recognising-the-self/,WordPress (Legacy),200
https://www.brahmakumaris.com/blog/rajyog-meditation/international-womens-day-special-empowered-women/,WordPress (Legacy),200
https://www.brahmakumaris.com/blog/festivals/navratri/dussehra-victory-of-the-ethical-over-the-unethical-or-evil/,WordPress (Legacy),200
https://www.brahmakumaris.com/soul-sustenance/ss-hindi/1st-aug-2023-ssh/,Next.js (Modern),200
https://www.brahmakumaris.com/soul-sustenance/do-you-have-a-deep-want-to-change-yourself/,Next.js (Modern),200
https://www.brahmakumaris.com/sonipat-retreat-center/,WordPress (Legacy),200
https://www.brahmakumaris.com/rajyogteachers/dada-vishwakishore/,WordPress (Legacy),200
https://www.brahmakumaris.com/soul-sustenance/dealing-with-impatience/,Next.js (Modern),200
https://www.brahmakumaris.com/blog/festivals/raksha-bandhan-for-everlasting-independence/,WordPress (Legacy),200
https://www.brahmakumaris.com/soul-sustenance/30th-sep-soul-sustenance/,Next.js (Modern),200
https://www.brahmakumaris.com/category/blog/bkshivani/food-bs/,WordPress (Legacy),200
https://www.brahmakumaris.com/articles/,Next.js (Modern),200
https://www.brahmakumaris.com/soul-sustenance/9th-aug-2023-ss/,Next.js (Modern),200
https://www.brahmakumaris.com/soul-sustenance/04th-mar-2023-ss/,Next.js (Modern),200
https://www.brahmakumaris.com/soul-sustenance/18th-mar-2023-ss/,Next.js (Modern),200
https://www.brahmakumaris.com/soul-sustenance/ss-hindi/3rd-july-2023-ssh/,Next.js (Modern),200
https://www.brahmakumaris.com/soul-sustenance/make-a-to-be-list-and-check-it-everyday/,Next.js (Modern),200
https://www.brahmakumaris.com/soul-sustenance/power-of-silence-before-beginning-any-activity/,Next.js (Modern),200
https://www.brahmakumaris.com/soul-sustenance/ss-hindi/man-ke-liye-healthy-emotional-diet-bhag-2/,Next.js (Modern),200
https://www.brahmakumaris.com/soul-sustenance/ss-hindi/parmatma-ki-yaad-ko-sahaj-aur-natural-banayein/,Next.js (Modern),200
https://www.brahmakumaris.com/soul-sustenance/ss-hindi/pyaar-ko-ummedon-ki-paribhasha-na-banaein/,Next.js (Modern),200
https://www.brahmakumaris.com/blog/self-development/integrating-integrity-with-success/,WordPress (Legacy),200
https://www.brahmakumaris.com/soul-sustenance/ss-hindi/pause-dekar-dahi-tarike-se-respond-karein/,Next.js (Modern),200
https://www.brahmakumaris.com/soul-sustenance/ss-hindi/dusron-ko-dene-wale-banein-bhag-3/,Next.js (Modern),200
https://www.brahmakumaris.com/soul-sustenance/ss-hindi/21st-aug-2023-ssh/,Next.js (Modern),200
https://www.brahmakumaris.com/blog/bkshivani/happiness/how-to-live-light-always/,WordPress (Legacy),200
https://www.brahmakumaris.com/blog/bkshivani/god/experiment-to-experience-god-bk-shivani/,WordPress (Legacy),200
https://www.brahmakumaris.com/soul-sustenance/discriminating-right-from-wrong-wisely/,Next.js (Modern),200
https://www.brahmakumaris.com/soul-sustenance/8-steps-on-the-road-to-success-part-2/,Next.js (Modern),200
https://www.brahmakumaris.com/soul-sustenance/ss-hindi/2nd-apr-2023-ssh/,Next.js (Modern),200
https://www.brahmakumaris.com/soul-sustenance/ruling-and-controlling-the-5-senses/,Next.js (Modern),200
https://www.brahmakumaris.com/soul-sustenance/ss-hindi/apne-aapko-social-media-par-gossip-se-bachayein/,Next.js (Modern),200
https://www.brahmakumaris.com/soul-sustenance/a-message-from-god-on-maha-shivratri-part-2/,Next.js (Modern),200
https://www.brahmakumaris.com/soul-sustenance/maintaining-soul-consciousness-in-action-part-2/,Next.js (Modern),200
https://www.brahmakumaris.com/soul-sustenance/ss-hindi/tanaavmukt-jeevan-ke-liye-5-steps-bhag-3/,Next.js (Modern),200
https://www.brahmakumaris.com/soul-sustenance/20th-apr-2023-ss/,Next.js (Modern),200
https://www.brahmakumaris.com/soul-sustenance/does-your-self-esteem-rely-on-winning-and-losing-part-2/,Next.js (Modern),200
https://www.brahmakumaris.com/soul-sustenance/ss-hindi/apne-jeevan-mei-6-prakar-ki-santushta-laayein/,Next.js (Modern),200
https://www.brahmakumaris.com/soul-sustenance/ss-hindi/sab-ko-unconditional-pyaar-dein/,Next.js (Modern),200
https://www.brahmakumaris.com/soul-sustenance/ss-hindi/ateet-ko-let-go-karne-ki-7-takniken-bhag-3/,Next.js (Modern),200
https://www.brahmakumaris.com/blog/festivals/the-significance-of-holi-a-festival-beyond-colors/,WordPress (Legacy),200
https://www.brahmakumaris.com/soul-sustenance/ss-hindi/jeevan-mein-safalta-paane-ke-liye-swayein-ko-motivate-karein-bhag-1/,Next.js (Modern),200
https://www.brahmakumaris.com/soul-sustenance/ss-hindi/17th-mar-2023-ssh/,Next.js (Modern),200
https://www.brahmakumaris.com/blog/hindi-blog/rakshabandhan-samay-se-pare-ek-pavitra-bandhan/,WordPress (Legacy),200
https://www.brahmakumaris.com/soul-sustenance/ss-hindi/paristhitiyon-ke-badalne-ki-pratiksha-karte-samay-adheer-na-hon/,Next.js (Modern),200
https://www.brahmakumaris.com/soul-sustenance/india-the-golden-sparrow-of-the-world/,Next.js (Modern),200
https://www.brahmakumaris.com/soul-sustenance/ss-hindi/rishton-mein-kataksh-taane-dene-ki-aadat-se-bachein/,Next.js (Modern),200
https://www.brahmakumaris.com/soul-sustenance/15th-feb-2023-ss/,Next.js (Modern),200
https://www.brahmakumaris.com/blog/festivals/celebrating-real-freedom/,WordPress (Legacy),200
https://www.brahmakumaris.com/soul-sustenance/5-beautiful-spiritual-qualities-of-doctors/,Next.js (Modern),200
https://www.brahmakumaris.com/soul-sustenance/when-we-change-others-change-part-2/,Next.js (Modern),200
https://www.brahmakumaris.com/soul-sustenance/the-celebration-of-raksha-bandhan-and-its-spiritual-beauty/,Next.js (Modern),200
https://www.brahmakumaris.com/soul-sustenance/1st-apr-2023-ss/,Next.js (Modern),200
https://www.brahmakumaris.com/soul-sustenance/ss-hindi/jeevan-mein-iswariya-gyan-ko-apnane-ke-5-tarike/,Next.js (Modern),200
https://www.brahmakumaris.com/soul-sustenance/26th-oct-soul-sustenance/,Next.js (Modern),200
https://www.brahmakumaris.com/soul-sustenance/rising-above-limits-and-mental-barriers-part-1/,Next.js (Modern),200
https://www.brahmakumaris.com/blog/spirituality/understanding-consciousness/,WordPress (Legacy),200
https://www.brahmakumaris.com/soul-sustenance/lets-create-a-beautiful-and-free-world/,Next.js (Modern),200
https://www.brahmakumaris.com/soul-sustenance/ss-hindi/aadhytmikta-dwara-apne-man-aur-tan-ko-sanwarien-bhag-3/,Next.js (Modern),200
https://www.brahmakumaris.com/anubhavgatha/bk-radha-didi-ajmer/,WordPress (Legacy),200
https://www.brahmakumaris.com/blog/spirituality/spiritual-energy-does-wonders/,WordPress (Legacy),200
https://www.brahmakumaris.com/soul-sustenance/ss-hindi/nirbheek-banne-ke-5-tarike/,Next.js (Modern),200
https://www.brahmakumaris.com/soul-sustenance/sacrificing-the-ego-for-building-beautiful-relationships-part-3/,Next.js (Modern),200
https://www.brahmakumaris.com/soul-sustenance/ss-hindi/meditation-dwara-parmatma-se-judein-bhag-3/,Next.js (Modern),200
https://www.brahmakumaris.com/soul-sustenance/realizing-and-experiencing-the-i-inside-part-1/,Next.js (Modern),200
https://www.brahmakumaris.com/raipur/,WordPress (Legacy),200
https://www.brahmakumaris.com/soul-sustenance/ss-hindi/24th-may-2023-ssh/,Next.js (Modern),200
https://www.brahmakumaris.com/blog/dadi-prakashmani/journey-of-dadiji/,WordPress (Legacy),200
https://www.brahmakumaris.com/soul-sustenance/ss-hindi/positive-information-se-positive-bhagya-banaein-bhag-2/,Next.js (Modern),200
https://www.brahmakumaris.com/soul-sustenance/should-we-be-emotional-or-not-part-1-2/,Next.js (Modern),200
https://www.brahmakumaris.com/soul-sustenance/release-your-expectations/,Next.js (Modern),200
https://www.brahmakumaris.com/soul-sustenance/ss-hindi/10-pearls-of-meditation-bhag-1/,Next.js (Modern),200
https://www.brahmakumaris.com/soul-sustenance/team-meetings-and-how-to-be-a-part-of-them/,Next.js (Modern),200
https://www.brahmakumaris.com/soul-sustenance/31st-may-2023-ss/,Next.js (Modern),200
https://www.brahmakumaris.com/soul-sustenance/ss-hindi/man-ko-chintamukt-rakhein/,Next.js (Modern),200
https://www.brahmakumaris.com/soul-sustenance/giving-unconditional-love-to-everyone/,Next.js (Modern),200
https://www.brahmakumaris.com/anubhavgatha/bk-sister-denise/,WordPress (Legacy),200
https://www.brahmakumaris.com/blog/bkshivani/self-love/respect-yourself-and-the-world-will-follow/,WordPress (Legacy),200
https://www.brahmakumaris.com/rajyogteachers/bk-dr-pratap-midha/,WordPress (Legacy),200
https://www.brahmakumaris.com/soul-sustenance/positive-spiritual-tips-for-beautiful-parenting-part-3/,Next.js (Modern),200
https://www.brahmakumaris.com/soul-sustenance/overcoming-anger-5-keys-to-success-part-1/,Next.js (Modern),200
https://www.brahmakumaris.com/soul-sustenance/ss-hindi/8th-jul-2023-ssh/,Next.js (Modern),200
https://www.brahmakumaris.com/soul-sustenance/ss-hindi/vicharon-par-nakaratmak-prabhav-se-upar-uthna-bhag-2/,Next.js (Modern),200
https://www.brahmakumaris.com/soul-sustenance/ss-hindi/matbhed-ke-kaaran-logon-se-dur-na-hon/,Next.js (Modern),200
https://www.brahmakumaris.com/soul-sustenance/12th-aug-2023-ss/,Next.js (Modern),200
https://www.brahmakumaris.com/soul-sustenance/ss-hindi/29th-mar-2023-ssh/,Next.js (Modern),200
https://www.brahmakumaris.com/soul-sustenance/ss-hindi/sampurna-farishta-banne-ke-paanch-saral-kadam-part-2/,Next.js (Modern),200
https://www.brahmakumaris.com/soul-sustenance/enjoying-the-sightseeing-of-your-life-part-3/,Next.js (Modern),200
https://www.brahmakumaris.com/category/mahashivratri/ms-audio/,WordPress (Legacy),200
https://www.brahmakumaris.com/soul-sustenance/how-do-our-thoughts-create-our-destiny-part-1/,Next.js (Modern),200
https://www.brahmakumaris.com/soul-sustenance/ss-hindi/aalochana-mein-stable-kaise-rahein/,Next.js (Modern),200
https://www.brahmakumaris.com/blog/festivals/invoke-the-vighna-vinashak-ganesh-within/,WordPress (Legacy),200
https://www.brahmakumaris.com/blog/bkshivani/sleep/the-power-of-early-bedtimes-and-mindful-living/,WordPress (Legacy),200
https://www.brahmakumaris.com/soul-sustenance/05th-mar-2023-ss/,Next.js (Modern),200
https://www.brahmakumaris.com/blog/self-development/nothing-and-no-one-can-disturb-me/,WordPress (Legacy),200
https://www.brahmakumaris.com/soul-sustenance/purifying-food-water-and-air-for-good-health-part-4/,Next.js (Modern),200
https://www.brahmakumaris.com/digital-wellness/,WordPress (Legacy),200
https://www.brahmakumaris.com/rajyogteachers/bk-mohini/,WordPress (Legacy),200
https://www.brahmakumaris.com/category/blog/bkshivani/lifestyle/,WordPress (Legacy),200
https://www.brahmakumaris.com/soul-sustenance/ss-hindi/divya-aatma-ke-12-gun-bhag-2/,Next.js (Modern),200
https://www.brahmakumaris.com/soul-sustenance/ss-hindi/dainik-jeevan-mein-vyavharik-aadhyatmikta/,Next.js (Modern),200
https://www.brahmakumaris.com/soul-sustenance/god-as-the-supreme-father-teacher-and-guru/,Next.js (Modern),200
https://www.brahmakumaris.com/soul-sustenance/ss-hindi/jeevan-ke-har-kshetra-mei-adhyatmik-safalta-ka-anubhav-karein-bhag-1/,Next.js (Modern),200
https://www.brahmakumaris.com/soul-sustenance/ss-hindi/10th-jul-2023-ssh/,Next.js (Modern),200
https://www.brahmakumaris.com/soul-sustenance/2nd-jun-2023-ss/,Next.js (Modern),200
https://www.brahmakumaris.com/soul-sustenance/ss-hindi/thought-power-se-kisi-bhi-lat-vysan-par-kaabu-paayein/,Next.js (Modern),200
https://www.brahmakumaris.com/blog/hindi-blog/2026-swayam-ki-pahechan-ke-saath-aage-ki-aur/,WordPress (Legacy),200
https://www.brahmakumaris.com/blog/rajyog-meditation/why-meditation-is-essential-for-everyone/,WordPress (Legacy),200
https://www.brahmakumaris.com/soul-sustenance/ss-hindi/parmatma-maali-ham-aatmaein-aadhyatmik-gulaab/,Next.js (Modern),200
https://www.brahmakumaris.com/soul-sustenance/5-beautiful-specialties-of-god/,Next.js (Modern),200
https://www.brahmakumaris.com/soul-sustenance/ability-to-face-a-reflection-of-our-confidence-and-courage/,Next.js (Modern),200
https://www.brahmakumaris.com/soul-sustenance/ss-hindi/riston-mei-pyaar-ke-flow-ko-reverse-karna/,Next.js (Modern),200
https://www.brahmakumaris.com/abumarathon/,WordPress (Legacy),200
https://www.brahmakumaris.com/kalp-taruh/statistics/,WordPress (Legacy),200
https://www.brahmakumaris.com/soul-sustenance/ss-hindi/parmatma-ki-5-sundar-visheshtaaein/,Next.js (Modern),200
https://www.brahmakumaris.com/anubhavgatha/bk-premlata-didi/,WordPress (Legacy),200
https://www.brahmakumaris.com/soul-sustenance/ss-hindi/aadar-aur-samjh-se-logon-ka-sudhar-karein-aalochana-se-nahin/,Next.js (Modern),200
https://www.brahmakumaris.com/soul-sustenance/breaking-the-cycle-of-negative-energy-exchanges-part-2/,Next.js (Modern),200
https://www.brahmakumaris.com/soul-sustenance/ss-hindi/vishva-ko-swarg-jaisa-banane-ke-liye-5-steps/,Next.js (Modern),200
https://www.brahmakumaris.com/soul-sustenance/ss-hindi/iswar-ke-prem-aur-madad-dwara-sakaratmakta-ka-anubhav-karein-bhag-3/,Next.js (Modern),200
https://www.brahmakumaris.com/soul-sustenance/5-steps-to-a-stress-free-life-part-2/,Next.js (Modern),200
https://www.brahmakumaris.com/web-stories/rajyoga-the-yoga-of-ancient-bharat/,WordPress (Legacy),200
https://www.brahmakumaris.com/soul-sustenance/ss-hindi/sakaratmak-jeevan-jeene-ke-liye-10-nai-manytaaein-belief-bhag-3/,Next.js (Modern),200
https://www.brahmakumaris.com/soul-sustenance/practical-spirituality-in-daily-life/,Next.js (Modern),200
https://www.brahmakumaris.com/blog/bkshivani/sleep/for-good-deep-sleep-never-do-this-1-thing/,WordPress (Legacy),200
https://www.brahmakumaris.com/blog/hindi-blog/gods-role-and-its-creation/,WordPress (Legacy),200
https://www.brahmakumaris.com/blog/environment/international-day-of-families/,WordPress (Legacy),200
https://www.brahmakumaris.com/soul-sustenance/ss-hindi/logon-ki-aalochanaon-par-dhyan-na-dein/,Next.js (Modern),200
https://www.brahmakumaris.com/soul-sustenance/3rd-jul-2023-ss/,Next.js (Modern),200
https://www.brahmakumaris.com/anubhavgatha/sister-sirona-ki-adhyatmik-yatra/,WordPress (Legacy),200
https://www.brahmakumaris.com/soul-sustenance/ss-hindi/aapka-man-bhi-ek-bachcha-hai/,Next.js (Modern),200
https://www.brahmakumaris.com/hi/anubhavgatha/,WordPress (Legacy),200
https://www.brahmakumaris.com/soul-sustenance/ss-hindi/karmchariyon-ko-unke-vibration-ke-aadhar-par-appoint-karein-naaki-kewal-resume-dhekhkar/,Next.js (Modern),200
https://www.brahmakumaris.com/soul-sustenance/ss-hindi/swa-nirbharta-ka-utsav-swatantrata-divas-par-aadhytmik-sandesh/,Next.js (Modern),200
https://www.brahmakumaris.com/category/storytime/virtues/,WordPress (Legacy),200
https://www.brahmakumaris.com/rajyogteachers/bk-mruthyunjaya/,WordPress (Legacy),200
https://www.brahmakumaris.com/soul-sustenance/overcoming-worry-about-what-others-think-of-you-part-1/,Next.js (Modern),200
https://www.brahmakumaris.com/soul-sustenance/ss-hindi/chetna-ki-shuddhi-bhag3/,Next.js (Modern),200
https://www.brahmakumaris.com/soul-sustenance/ss-hindi/aadhyatmikta-se-jeevan-ke-har-keshtra-mein-safalta-payein/,Next.js (Modern),200
https://www.brahmakumaris.com/soul-sustenance/27th-may-2023-ss/,Next.js (Modern),200
https://www.brahmakumaris.com/soul-sustenance/ss-hindi/pratidin-ek-to-be-list-banaein-aur-check-karein/,Next.js (Modern),200
https://www.brahmakumaris.com/blog/bkshivani/lifestyle/two-morning-habits-that-will-transform-your-life/,WordPress (Legacy),200
https://www.brahmakumaris.com/blog/rajyog-meditation/transparency/,WordPress (Legacy),200
https://www.brahmakumaris.com/soul-sustenance/ss-hindi/aaiye-parmatam-karya-hetu-unite-hokar-apna-yogdaan-dein/,Next.js (Modern),200
https://www.brahmakumaris.com/navratri/,WordPress (Legacy),200
https://www.brahmakumaris.com/soul-sustenance/be-determined-and-positive-at-every-step-part-1/,Next.js (Modern),200
https://www.brahmakumaris.com/soul-sustenance/ss-hindi/aapki-iccha-shakti-aapki-sabse-badi-takat-hei/,Next.js (Modern),200
https://www.brahmakumaris.com/soul-sustenance/ss-hindi/aaiye-srikrishna-jaise-sundar-aur-divya-banein-srikrishna-janmashtmi-par-aadhyatmik-sandesh/,Next.js (Modern),200
https://www.brahmakumaris.com/soul-sustenance/ss-hindi/7th-jul-2023-ssh/,Next.js (Modern),200
https://www.brahmakumaris.com/soul-sustenance/time-cannot-heal/,Next.js (Modern),200
https://www.brahmakumaris.com/soul-sustenance/7th-apr-2023-ss/,Next.js (Modern),200
https://www.brahmakumaris.com/anubhavgatha/bk-prabha-didi/,WordPress (Legacy),200
https://www.brahmakumaris.com/blog/bkshivani/power/know-when-to-tolerate-and-when-to-confront/,WordPress (Legacy),200
https://www.brahmakumaris.com/blog/festivals/new-year-means-a-new-way-of-thinking/,WordPress (Legacy),200
https://www.brahmakumaris.com/soul-sustenance/ss-hindi/shubhkamnayein-jo-maayne-rakhti-hain/,Next.js (Modern),200
https://www.brahmakumaris.com/soul-sustenance/ss-hindi/thought-vibration-aur-unka-mahatav/,Next.js (Modern),200
https://www.brahmakumaris.com/soul-sustenance/ss-hindi/2nd-jun-2023-ssh/,Next.js (Modern),200
https://www.brahmakumaris.com/soul-sustenance/26th-jan-2023-ss/,Next.js (Modern),200
https://www.brahmakumaris.com/soul-sustenance/realizing-and-experiencing-the-virtue-of-peace-part-1/,Next.js (Modern),200
https://www.brahmakumaris.com/soul-sustenance/ss-hindi/10-pearls-of-meditation-bhag-2/,Next.js (Modern),200
https://www.brahmakumaris.com/soul-sustenance/ss-hindi/rishte-thoughts-se-bante-hein/,Next.js (Modern),200
https://www.brahmakumaris.com/amritmahotsav/news/,Next.js (Modern),200
https://www.brahmakumaris.com/soul-sustenance/beauty-in-character-part-3/,Next.js (Modern),200
https://www.brahmakumaris.com/soul-sustenance/stop-running-the-race-enjoy-the-present-moment-part-4/,Next.js (Modern),200
https://www.brahmakumaris.com/soul-sustenance/ss-hindi/khane-aur-paani-ko-shudhdh-karke-uttam-swasthya-prapt-karna/,Next.js (Modern),200
https://www.brahmakumaris.com/soul-sustenance/leading-a-stress-free-life/,Next.js (Modern),200
https://www.brahmakumaris.com/soul-sustenance/being-determined-to-be-who-you-are/,Next.js (Modern),200
https://www.brahmakumaris.com/blog/self-development/the-power-of-positive-attitude/,WordPress (Legacy),200
https://www.brahmakumaris.com/soul-sustenance/28th-jan-2023-ss/,Next.js (Modern),200
https://www.brahmakumaris.com/anubhavgatha/bk-jagdishbhai/,WordPress (Legacy),200
https://www.brahmakumaris.com/bkshivani/articles/,WordPress (Legacy),200
https://www.brahmakumaris.com/soul-sustenance/ss-hindi/aaiye-insaan-banein-insani-machine-nahin-bhag-3/,Next.js (Modern),200
https://www.brahmakumaris.com/soul-sustenance/ss-hindi/tanaavmukt-jeevan-ke-liye-5-steps-bhag-2/,Next.js (Modern),200
https://www.brahmakumaris.com/soul-sustenance/ss-hindi/badla-lene-ki-ichcha-se-mukt-rahein/,Next.js (Modern),200
https://www.brahmakumaris.com/soul-sustenance/ss-hindi/12th-feb-ssh/,Next.js (Modern),200
https://www.brahmakumaris.com/soul-sustenance/dont-copy-other-people-be-your-own-good-self/,Next.js (Modern),200
https://www.brahmakumaris.com/soul-sustenance/giving-the-message-of-love-and-joy-to-everyone-part-3/,Next.js (Modern),200
https://www.brahmakumaris.com/blog/nashamukt-bharat/concepts-of-drug-addiction-counseling/,Next.js (Modern),200
https://www.brahmakumaris.com/category/blog/women/,WordPress (Legacy),200
https://www.brahmakumaris.com/soul-sustenance/ss-hindi/bhavnatmak-swatantrata-aadhunik-duniya/,Next.js (Modern),200
https://www.brahmakumaris.com/soul-sustenance/ss-hindi/andar-ke-mein-ka-ahsaas-aur-anubhav-bhag-1/,Next.js (Modern),200
https://www.brahmakumaris.com/?p=102755,WordPress (Legacy),404
https://www.brahmakumaris.com/soul-sustenance/ss-hindi/kya-hame-bhavuk-emotional-hona-chahiye-ya-nahi-bhag-2/,Next.js (Modern),200
https://www.brahmakumaris.com/soul-sustenance/realizing-the-soul-and-how-it-works-part-2/,Next.js (Modern),200
https://www.brahmakumaris.com/blog/bkshivani/self-love/value-yourself-people-will-value-you/,WordPress (Legacy),200
https://www.brahmakumaris.com/soul-sustenance/ss-hindi/ateet-ko-bhulne-ki-7-takniken-bhag-2/,Next.js (Modern),200
https://www.brahmakumaris.com/soul-sustenance/ss-hindi/31st-mar-2023-ssh/,Next.js (Modern),200
https://www.brahmakumaris.com/soul-sustenance/ss-hindi/bina-shart-pyaar-ke-sahi-arth-ko-mahsus-karke-anubhav-karien/,Next.js (Modern),200
https://www.brahmakumaris.com/blog/rajyog-meditation/silence-please/,WordPress (Legacy),200
https://www.brahmakumaris.com/soul-sustenance/becoming-a-perfect-angel-in-5-easy-steps-part-3/,Next.js (Modern),200
https://www.brahmakumaris.com/soul-sustenance/dont-absorb-pain-from-others-radiate-happiness/,Next.js (Modern),200
https://www.brahmakumaris.com/soul-sustenance/encourage-and-appreciate-children-for-using-values/,Next.js (Modern),200
https://www.brahmakumaris.com/blog/spirituality/soul-consciousness-download-spiritual-booklet/,WordPress (Legacy),200
https://www.brahmakumaris.com/soul-sustenance/ss-hindi/sakaratmak-jeevan-jeene-ke-liye-10-nai-manytaaein-belief-bhag-5/,Next.js (Modern),200
https://www.brahmakumaris.com/soul-sustenance/ss-hindi/samna-karne-ki-hamari-kshmata-aatmvishvaas-aur-sahas-ka-pratibimb/,Next.js (Modern),200
https://www.brahmakumaris.com/blog/self-development/tolerance/,WordPress (Legacy),200
https://www.brahmakumaris.com/soul-sustenance/10-steps-to-a-positive-lifestyle-part-2/,Next.js (Modern),200
https://www.brahmakumaris.com/soul-sustenance/ss-hindi/ahankar-par-kaabu-paayein/,Next.js (Modern),200
https://www.brahmakumaris.com/soul-sustenance/ss-hindi/safalta-ke-liye-ek-adarsh-vyaktitva-ka-nirman-karein-bhag-1/,Next.js (Modern),200
https://www.brahmakumaris.com/blog/environment/ethics-and-sustainability/,WordPress (Legacy),200
https://www.brahmakumaris.com/soul-sustenance/ss-hindi/aatma-ke-liye-jaruri-7-vitamins/,Next.js (Modern),200
https://www.brahmakumaris.com/soul-sustenance/experiencing-positivity-with-gods-love-and-help-part-2/,Next.js (Modern),200
https://www.brahmakumaris.com/kalp-taruh/arogyavan/,WordPress (Legacy),200
https://www.brahmakumaris.com/anubhavgatha/dadi-sandeshi-ji/,WordPress (Legacy),200
https://www.brahmakumaris.com/anubhavgatha/dadi-manoharindra-ji/,WordPress (Legacy),200
https://www.brahmakumaris.com/anubhavgatha/dadi-mithoo-ji/,WordPress (Legacy),200
https://www.brahmakumaris.com/anubhavgatha/bk-kailash-didi/,WordPress (Legacy),200
https://www.brahmakumaris.com/soul-sustenance/ss-hindi/jaldi-sone-aur-jaldi-uthane-ke-5-labh/,Next.js (Modern),200
https://www.brahmakumaris.com/soul-sustenance/ss-hindi/%e0%a4%95%e0%a4%af-%e0%a4%86%e0%a4%aa%e0%a4%95-%e0%a4%86%e0%a4%a4%e0%a4%ae-%e0%a4%b8%e0%a4%ae%e0%a4%ae%e0%a4%a8-%e0%a4%b9%e0%a4%b0-%e0%a4%9c%e0%a4%a4-%e0%a4%aa%e0%a4%b0-%e0%a4%a8%e0%a4%b0%e0%a4%ad/,Next.js (Modern),200
https://www.brahmakumaris.com/blog/hindi-blog/om-shanti-ka-arth/,WordPress (Legacy),200
https://www.brahmakumaris.com/blog/powerful-mind-small-changes/,WordPress (Legacy),200
https://www.brahmakumaris.com/soul-sustenance/ss-hindi/man-ko-shant-kaise-kare/,Next.js (Modern),200
https://www.brahmakumaris.com/soul-sustenance/ss-hindi/adhyatmik-chetna-ke-sath-christmas-manaein/,Next.js (Modern),200
https://www.brahmakumaris.com/storytime/power-st/aatmik-shakti-aur-manifestation/,WordPress (Legacy),200
https://www.brahmakumaris.com/soul-sustenance/understand-your-self-to-understand-others/,Next.js (Modern),200
https://www.brahmakumaris.com/blog/spirituality/om-shanti-more-than-just-a-greeting/,WordPress (Legacy),200
https://www.brahmakumaris.com/anubhavgatha/bk-sister-sudha-moscow/,WordPress (Legacy),200
https://www.brahmakumaris.com/soul-sustenance/ss-hindi/sway-ko-bless-kaise-karein/,Next.js (Modern),200
https://www.brahmakumaris.com/soul-sustenance/ss-hindi/parmatma-sath-ke-labh-bhag-3/,Next.js (Modern),200
https://www.brahmakumaris.com/soul-sustenance/5-tips-for-making-sleep-peaceful-and-blissful/,Next.js (Modern),200
https://www.brahmakumaris.com/soul-sustenance/ss-hindi/ateet-ko-bhulne-ki-7-takniken-bhag-3/,Next.js (Modern),200
https://www.brahmakumaris.com/soul-sustenance/ss-hindi/adheerta-ko-kaise-deal-karien/,Next.js (Modern),200
https://www.brahmakumaris.com/soul-sustenance/ss-hindi/12th-apr-2023-ssh/,Next.js (Modern),200
https://www.brahmakumaris.com/raipur/shanti-shikhar/,WordPress (Legacy),200
https://www.brahmakumaris.com/soul-sustenance/ss-hindi/emotional-detox-ke-fayde/,Next.js (Modern),200
https://www.brahmakumaris.com/soul-sustenance/ss-hindi/kaam-aur-jeevan-ke-beech-mein-santulan-banana/,Next.js (Modern),200
https://www.brahmakumaris.com/soul-sustenance/rising-above-limits-and-mental-barriers-part-2/,Next.js (Modern),200
https://www.brahmakumaris.com/soul-sustenance/ss-hindi/chetna-ki-shuddhi-bhag-2/,Next.js (Modern),200
https://www.brahmakumaris.com/soul-sustenance/8th-aug-2023-ss/,Next.js (Modern),200
https://www.brahmakumaris.com/soul-sustenance/ss-hindi/jeevan-mein-bahane-banana/,Next.js (Modern),200
https://www.brahmakumaris.com/soul-sustenance/5-ways-of-being-assertive-in-relationships/,Next.js (Modern),200
https://www.brahmakumaris.com/soul-sustenance/taking-care-of-our-emotional-and-physical-health-with-spirituality-part-1/,Next.js (Modern),200
https://www.brahmakumaris.com/soul-sustenance/becoming-free-from-the-desire-for-praise-part-1/,Next.js (Modern),200
https://www.brahmakumaris.com/soul-sustenance/ss-hindi/swaye-ko-guilt-se-kaise-mukt-karein/,Next.js (Modern),200
https://www.brahmakumaris.com/blog/nashamukt-bharat/concept-of-general-counselling/,Next.js (Modern),200
https://www.brahmakumaris.com/anubhavgatha/bhau-vishwakishore/,WordPress (Legacy),200
https://www.brahmakumaris.com/soul-sustenance/ss-hindi/apne-sapno-ko-hakikat-mein-badalna-bhag-1/,Next.js (Modern),200
https://www.brahmakumaris.com/soul-sustenance/29th-jun-2023-ss/,Next.js (Modern),200
https://www.brahmakumaris.com/anubhavgatha/bk-janak-didi-sonipat/,WordPress (Legacy),200
https://www.brahmakumaris.com/services/,WordPress (Legacy),200
https://www.brahmakumaris.com/category/mahashivratri/,WordPress (Legacy),200
https://www.brahmakumaris.com/soul-sustenance/ss-hindi/12th-aug-2023-ssh/,Next.js (Modern),200
https://www.brahmakumaris.com/soul-sustenance/ss-hindi/22nd-may-2023-ssh/,Next.js (Modern),200
https://www.brahmakumaris.com/soul-sustenance/letting-go-easily/,Next.js (Modern),200
https://www.brahmakumaris.com/soul-sustenance/ss-hindi/30th-aug-2023-ssh/,Next.js (Modern),200
https://www.brahmakumaris.com/soul-sustenance/ss-hindi/kya-prem-aur-dard-sath-sath-chalte-hein-bhag-3/,Next.js (Modern),200
https://www.brahmakumaris.com/soul-sustenance/overcoming-addiction-to-photographs-and-selfies/,Next.js (Modern),200
https://www.brahmakumaris.com/soul-sustenance/3-common-happiness-beliefs-and-the-truth-about-them-part-2/,Next.js (Modern),200
https://www.brahmakumaris.com/soul-sustenance/gratitude-for-challenging-situations/,Next.js (Modern),200
https://www.brahmakumaris.com/soul-sustenance/ss-hindi/kisi-apne-ke-bichadne-se-swayam-ko-kaise-sambhlein/,Next.js (Modern),200
https://www.brahmakumaris.com/soul-sustenance/ss-hindi/khushiyon-ko-sahi-tarike-se-jeeyein-bhag-3/,Next.js (Modern),200
https://www.brahmakumaris.com/soul-sustenance/ss-hindi/sachchi-safalta-ke-rahasya-bhag-3/,Next.js (Modern),200
https://www.brahmakumaris.com/soul-sustenance/ss-hindi/12th-mar-2023-ssh/,Next.js (Modern),200
https://www.brahmakumaris.com/soul-sustenance/ss-hindi/nav-varsh-ki-karein-shuruaat-in-5-vaadon-ke-sath/,Next.js (Modern),200
https://www.brahmakumaris.com/soul-sustenance/making-remembrance-of-god-natural-and-easy/,Next.js (Modern),200
https://www.brahmakumaris.com/soul-sustenance/ss-hindi/bhojan-se-pahle-parmatma-ko-bhog-lagane-ke-7-fayde/,Next.js (Modern),200
https://www.brahmakumaris.com/soul-sustenance/taking-care-of-what-is-eternal-and-permanent/,Next.js (Modern),200
https://www.brahmakumaris.com/soul-sustenance/ss-hindi/safalta-ke-khoobsurat-pahlu-bhag-1/,Next.js (Modern),200
https://www.brahmakumaris.com/soul-sustenance/ss-hindi/badlaav-ko-aasani-se-apnane-ki-5-aadhyatmik-saktiyan-bhag-2/,Next.js (Modern),200
https://www.brahmakumaris.com/hi/sampark/,WordPress (Legacy),200
https://www.brahmakumaris.com/soul-sustenance/churning-wisdom-and-experiencing-its-benefits-part-2/,Next.js (Modern),200
https://www.brahmakumaris.com/blog/specialdays/bharat-ka-prachin-yog/,WordPress (Legacy),200
https://www.brahmakumaris.com/soul-sustenance/ss-hindi/sunne-ko-mahatav-dein-judgemental-na-banein/,Next.js (Modern),200
https://www.brahmakumaris.com/blog/spirituality/why-do-we-fear-certain-things/,WordPress (Legacy),200
https://www.brahmakumaris.com/blog/leading-a-life-of-clarity/,WordPress (Legacy),200
https://www.brahmakumaris.com/ktfestival/nature-inside-out-khushbu-ramchandani/,WordPress (Legacy),200
https://www.brahmakumaris.com/soul-sustenance/ss-hindi/swasth-rahne-ke-liye-khush-rahein/,Next.js (Modern),200
https://www.brahmakumaris.com/kalp-taruh/bcde-ap/,WordPress (Legacy),200
https://www.brahmakumaris.com/soul-sustenance/ss-hindi/16th-apr-2023-ssh/,Next.js (Modern),200
https://www.brahmakumaris.com/soul-sustenance/ss-hindi/gyan-ka-manthan-karke-uske-fayde-anubhav-karein-bhag-3/,Next.js (Modern),200
https://www.brahmakumaris.com/soul-sustenance/ss-hindi/apne-past-se-shekhein/,Next.js (Modern),200
https://www.brahmakumaris.com/soul-sustenance/respect-and-regard-are-they-different/,Next.js (Modern),200
https://www.brahmakumaris.com/rajyogteachers/dadi-gange/,WordPress (Legacy),200
https://www.brahmakumaris.com/soul-sustenance/5-ways-to-be-positive-in-negative-situations-2/,Next.js (Modern),200
https://www.brahmakumaris.com/soul-sustenance/changing-the-quality-of-your-morning-time/,Next.js (Modern),200
https://www.brahmakumaris.com/amritmahotsav/national-painting-contest/,WordPress (Legacy),200
https://www.brahmakumaris.com/anubhavgatha/dadi-shantamani-ji/,WordPress (Legacy),200
https://www.brahmakumaris.com/soul-sustenance/ss-hindi/rishton-mein-peeda-se-mukti/,Next.js (Modern),200
https://www.brahmakumaris.com/storytime/lifestyle-st/digital-disconnect-arjuns-journey-to-real-connection/,WordPress (Legacy),200
https://www.brahmakumaris.com/soul-sustenance/transforming-our-dreams-into-reality-part-1/,Next.js (Modern),200
https://www.brahmakumaris.com/soul-sustenance/the-spiritual-significance-of-ganesh-chaturthi-part-3/,Next.js (Modern),200
https://www.brahmakumaris.com/soul-sustenance/ss-hindi/11th-jul-2023-ssh/,Next.js (Modern),200
https://www.brahmakumaris.com/category/ktfestival/,WordPress (Legacy),200
https://www.brahmakumaris.com/soul-sustenance/ss-hindi/aapke-apno-ke-dard-mein-aapki-bhumika/,Next.js (Modern),200
https://www.brahmakumaris.com/soul-sustenance/ss-hindi/shanti-prem-ke-vibration/,Next.js (Modern),200
https://www.brahmakumaris.com/soul-sustenance/do-love-and-pain-go-hand-in-hand-part-2/,Next.js (Modern),200
https://www.brahmakumaris.com/soul-sustenance/the-three-mirrors-for-inner-beauty-part-1/,Next.js (Modern),200
https://www.brahmakumaris.com/soul-sustenance/ss-hindi/brahmakumaris-ka-7-divasiya-course-bhag-2/,Next.js (Modern),200
https://www.brahmakumaris.com/blog/bkshivani/food-bs/best-food-for-a-perfect-mood-always/,WordPress (Legacy),200
https://www.brahmakumaris.com/soul-sustenance/ss-hindi/sambandhon-ko-sundar-banaein-ahankar-ko-tyaagein-bhag-1/,Next.js (Modern),200
https://www.brahmakumaris.com/soul-sustenance/ss-hindi/shaanti-ke-gun-ko-pahchanna-aur-anubhav-karna-bhag-2/,Next.js (Modern),200
https://www.brahmakumaris.com/rajyogteachers/dadi-ratan-mohini/,WordPress (Legacy),200
https://www.brahmakumaris.com/blog/jal-jan/importance-of-water-conservation/,WordPress (Legacy),200
https://www.brahmakumaris.com/soul-sustenance/ss-hindi/apne-role-se-hone-wale-tanav-se-bachein-yah-kewal-ek-role-hei/,Next.js (Modern),200
https://www.brahmakumaris.com/soul-sustenance/ss-hindi/aaiye-prem-aur-anand-ka-sandesh-dein-bhag-3/,Next.js (Modern),200
https://www.brahmakumaris.com/anubhavgatha/bk-uma-didi-dharmashala/,WordPress (Legacy),200
https://www.brahmakumaris.com/soul-sustenance/30th-aug-2023-ss/,Next.js (Modern),200
https://www.brahmakumaris.com/soul-sustenance/12th-may-2023-ss/,Next.js (Modern),200
https://www.brahmakumaris.com/soul-sustenance/giving-the-message-of-love-and-joy-to-everyone-part-2/,Next.js (Modern),200
https://www.brahmakumaris.com/soul-sustenance/dont-criticize-people-correct-them-with-respect/,Next.js (Modern),200
https://www.brahmakumaris.com/blog/hindi-blog/spiritual-significance-of-navratri-festival/,WordPress (Legacy),200
https://www.brahmakumaris.com/blog/self-development/good-days-bad-days/,WordPress (Legacy),200
https://www.brahmakumaris.com/anubhavgatha/dadi-situ/,WordPress (Legacy),200
https://www.brahmakumaris.com/?p=74208,WordPress (Legacy),404
https://www.brahmakumaris.com/soul-sustenance/ss-hindi/22nd-jun-2023-ssh/,Next.js (Modern),200
https://www.brahmakumaris.com/rajyogteachers/dadi-brijendra/,WordPress (Legacy),200
https://www.brahmakumaris.com/soul-sustenance/ss-hindi/distraction-se-healing-sambhav-nahin/,Next.js (Modern),200
https://www.brahmakumaris.com/anubhavgatha/bk-mohini-didi-madhuban/,WordPress (Legacy),200
https://www.brahmakumaris.com/anubhavgatha/bk-satyavati-didi/,WordPress (Legacy),200
https://www.brahmakumaris.com/soul-sustenance/changing-negative-thoughts-with-spiritual-power-part-1/,Next.js (Modern),200
https://www.brahmakumaris.com/soul-sustenance/10-steps-to-a-positive-lifestyle-part-1/,Next.js (Modern),200
https://www.brahmakumaris.com/soul-sustenance/does-your-self-esteem-rely-on-winning-and-losing-part-1/,Next.js (Modern),200
https://www.brahmakumaris.com/soul-sustenance/ss-hindi/dusron-ki-aalochana-karne-aur-judge-karne-se-swayn-ko-mukt-rakhein/,Next.js (Modern),200
https://www.brahmakumaris.com/soul-sustenance/ss-hindi/apne-man-ke-raja-banein-aur-shasan-karein-bhag-1/,Next.js (Modern),200
https://www.brahmakumaris.com/soul-sustenance/consciousness-cleansing-part-2/,Next.js (Modern),200
https://www.brahmakumaris.com/soul-sustenance/ss-hindi/nakaratmak-paristhitiyon-ke-4-labh-bhag-1/,Next.js (Modern),200
https://www.brahmakumaris.com/blog/hindi-blog/kuch-chizon-se-hum-kyun-darte-hai/,WordPress (Legacy),200
https://www.brahmakumaris.com/soul-sustenance/ss-hindi/29th-may-2023-ssh/,Next.js (Modern),200
https://www.brahmakumaris.com/soul-sustenance/ss-hindi/sway-par-nakaratmakta-ka-lebal-na-lagayein/,Next.js (Modern),200
https://www.brahmakumaris.com/blog/4-easy-ways-to-increase-will-power-mind-control/,WordPress (Legacy),200
https://www.brahmakumaris.com/soul-sustenance/ss-hindi/11th-apr-2023-ssh/,Next.js (Modern),200
https://www.brahmakumaris.com/soul-sustenance/overcoming-mental-pressures-and-stress-part-2/,Next.js (Modern),200
https://www.brahmakumaris.com/soul-sustenance/experiencing-positivity-with-gods-love-and-help-part-1/,Next.js (Modern),200
https://www.brahmakumaris.com/soul-sustenance/ss-hindi/dusron-ke-dard-ko-aatmsaat-na-karein-khushiyan-feilayein/,Next.js (Modern),200
https://www.brahmakumaris.com/digital-wellness/training-and-workshops/,Unreachable / Error,Failed
https://www.brahmakumaris.com/soul-sustenance/30th-may-soul-sustenance/,Next.js (Modern),200
https://www.brahmakumaris.com/soul-sustenance/ss-hindi/satyata-ke-maulik-gun-ki-aur-lautna/,Next.js (Modern),200
https://www.brahmakumaris.com/soul-sustenance/ss-hindi/spashtata-rakhein-bhram-nahin/,Next.js (Modern),200
https://www.brahmakumaris.com/soul-sustenance/dont-impose-your-will-on-other-people/,Next.js (Modern),200
https://www.brahmakumaris.com/soul-sustenance/ss-hindi/kya-jeevan-aapke-liye-ek-competition-hei/,Next.js (Modern),200
https://www.brahmakumaris.com/soul-sustenance/ss-hindi/hamesha-apne-mood-ko-positive-aur-khush-rakhein/,Next.js (Modern),200
https://www.brahmakumaris.com/soul-sustenance/ss-hindi/13th-may-2023-ssh/,Next.js (Modern),200
https://www.brahmakumaris.com/blog/self-development/8-spiritual-powers-for-self-transformation/,WordPress (Legacy),200
https://www.brahmakumaris.com/soul-sustenance/5-ways-to-bring-happiness-in-every-moment-of-your-life/,Next.js (Modern),200
https://www.brahmakumaris.com/soul-sustenance/21st-aug-2023-ss/,Next.js (Modern),200
https://www.brahmakumaris.com/soul-sustenance/ss-hindi/28th-jul-2023-ssh/,Next.js (Modern),200
https://www.brahmakumaris.com/spiritual-knowledge/,Next.js (Modern),200
https://www.brahmakumaris.com/category/blog/bkshivani/,WordPress (Legacy),200
https://www.brahmakumaris.com/soul-sustenance/18th-jun-2023-ss/,Next.js (Modern),200
https://www.brahmakumaris.com/soul-sustenance/4-benefits-of-negative-situations-part-1/,Next.js (Modern),200
https://www.brahmakumaris.com/anubhavgatha/bk-pushpa-mata/,WordPress (Legacy),200
https://www.brahmakumaris.com/soul-sustenance/resolving-negative-situations-in-3-steps-part-3/,Next.js (Modern),200
https://www.brahmakumaris.com/soul-sustenance/ss-hindi/job-insecurity-ko-kaise-overcome-karein/,Next.js (Modern),200
https://www.brahmakumaris.com/anubhavgatha/bk-sister-chandrika-toronto/,WordPress (Legacy),200
https://www.brahmakumaris.com/soul-sustenance/ss-hindi/12th-may-2023-ssh/,Next.js (Modern),200
https://www.brahmakumaris.com/soul-sustenance/7th-jul-2023-ss/,Next.js (Modern),200
https://www.brahmakumaris.com/soul-sustenance/ss-hindi/vivek-ke-in-5-points-ko-apnaein-aur-irshya-par-kaabu-paayein/,Next.js (Modern),200
https://www.brahmakumaris.com/soul-sustenance/motivating-yourself-to-succeed-in-life-part-1/,Next.js (Modern),200
https://www.brahmakumaris.com/soul-sustenance/be-easy-not-busy/,Next.js (Modern),200
https://www.brahmakumaris.com/soul-sustenance/ss-hindi/dusron-ki-khushiyon-ka-jashn-manaein/,Next.js (Modern),200
https://www.brahmakumaris.com/soul-sustenance/overcome-indecisiveness-in-thoughts-words-and-actions/,Next.js (Modern),200
https://www.brahmakumaris.com/blog/bkshivani/power/finish-your-problems-using-gods-powers/,WordPress (Legacy),200
https://www.brahmakumaris.com/anubhavgatha/bk-sister-kiran-eugene/,WordPress (Legacy),200
https://www.brahmakumaris.com/blog/relationships/understanding-love-and-attachment/,WordPress (Legacy),200
https://www.brahmakumaris.com/soul-sustenance/ss-hindi/khud-ko-diye-gaye-nakaratmak-lebel-ko-badalna/,Next.js (Modern),200
https://www.brahmakumaris.com/soul-sustenance/3-steps-for-creating-a-positive-present-and-future-part-3/,Next.js (Modern),200
https://www.brahmakumaris.com/soul-sustenance/making-my-communication-clean-and-beautiful/,Next.js (Modern),200
https://www.brahmakumaris.com/soul-sustenance/ss-hindi/holi-ke-aadhyatmik-rang/,Next.js (Modern),200
https://www.brahmakumaris.com/soul-sustenance/ss-hindi/iss-diwali-divyata-ka-deep-jalaein-bhag-1/,Next.js (Modern),200
https://www.brahmakumaris.com/blog/specialdays/world-wildlife-day-a-spiritual-awakening-to-our-connection-with-nature/,WordPress (Legacy),200
https://www.brahmakumaris.com/soul-sustenance/ss-hindi/logon-ke-vibration-ko-mahsus-karna-shuru-karein/,Next.js (Modern),200
https://www.brahmakumaris.com/soul-sustenance/ss-hindi/control-ko-concern-mei-shift-karein/,Next.js (Modern),200
https://www.brahmakumaris.com/soul-sustenance/ss-hindi/sakaratamak-jeevan-shaily-ke-liye-10-steps-bhag-3/,Next.js (Modern),200
https://www.brahmakumaris.com/soul-sustenance/sacrificing-the-ego-for-building-beautiful-relationships-part-2/,Next.js (Modern),200
https://www.brahmakumaris.com/soul-sustenance/ss-hindi/sahi-tarike-se-karya-karne-ka-chunav-karien-bhag-3/,Next.js (Modern),200
https://www.brahmakumaris.com/soul-sustenance/ss-hindi/apni-taqat-aur-kamzoriyon-ki-jaane/,Next.js (Modern),200
https://www.brahmakumaris.com/soul-sustenance/stop-running-the-race-enjoy-the-present-moment-part-1/,Next.js (Modern),200
https://www.brahmakumaris.com/soul-sustenance/ss-hindi/sundar-parenting-ke-anand-ka-anubhav-lein-bhag-1/,Next.js (Modern),200
https://www.brahmakumaris.com/soul-sustenance/ss-hindi/apne-jeevan-ki-sair-ka-anand-lein-bhag-1/,Next.js (Modern),200
https://www.brahmakumaris.com/locations.kml,Other / Static HTML,200
https://www.brahmakumaris.com/soul-sustenance/ss-hindi/hamare-thoughts-ki-inner-factory-hamara-man-uska-dhyan-rakhein/,Next.js (Modern),200
https://www.brahmakumaris.com/digital-wellness/universities-associations/,WordPress (Legacy),200
https://www.brahmakumaris.com/soul-sustenance/2nd-apr-2023-ss/,Next.js (Modern),200
https://www.brahmakumaris.com/soul-sustenance/ss-hindi/sachchi-safalta-ka-mool-siddhant/,Next.js (Modern),200
https://www.brahmakumaris.com/soul-sustenance/ss-hindi/rojmarra-ke-jeevan-mein-samay-ke-paband-kaise-rahein/,Next.js (Modern),200
https://www.brahmakumaris.com/soul-sustenance/renew-friendships-and-increase-spiritual-bonding/,Next.js (Modern),200
https://www.brahmakumaris.com/soul-sustenance/take-and-apply-one-value-for-each-day/,Next.js (Modern),200
https://www.brahmakumaris.com/category/blog/dadi-prakashmani/,WordPress (Legacy),200
https://www.brahmakumaris.com/soul-sustenance/ss-hindi/zindgi-ki-daud-mein-na-bhagein-present-moment-ko-enjoy-karein-bhag-1/,Next.js (Modern),200
https://www.brahmakumaris.com/soul-sustenance/should-we-be-emotional-or-not-part-2-2/,Next.js (Modern),200
https://www.brahmakumaris.com/anubhavgatha/bk-sister-rajni-japan/,WordPress (Legacy),200
https://www.brahmakumaris.com/soul-sustenance/11th-aug-2023-ss/,Next.js (Modern),200
https://www.brahmakumaris.com/soul-sustenance/overcoming-the-habit-of-worry-part-1/,Next.js (Modern),200
https://www.brahmakumaris.com/soul-sustenance/overcoming-anger-5-keys-to-success-part-3/,Next.js (Modern),200
https://www.brahmakumaris.com/soul-sustenance/15th-apr-2023-ss/,Next.js (Modern),200
https://www.brahmakumaris.com/soul-sustenance/27th-may-soul-sustenance/,Next.js (Modern),200
https://www.brahmakumaris.com/soul-sustenance/ss-hindi/sakaratmak-vicharo-ke-sath-jeevan-jeena-bhag-2/,Next.js (Modern),200
https://www.brahmakumaris.com/soul-sustenance/light-the-lamp-of-divinity-this-diwali-part-1/,Next.js (Modern),200
https://www.brahmakumaris.com/soul-sustenance/ss-hindi/sarahe-jaane-aur-aalochana-kiye-jaane-par-stable-rahein/,Next.js (Modern),200
https://www.brahmakumaris.com/rajyogteachers/dadi-allrounder/,WordPress (Legacy),200
https://www.brahmakumaris.com/blog/environment/a-spiritual-reflection-for-world-environment-day/,WordPress (Legacy),200
https://www.brahmakumaris.com/sonipat-retreat-center/about-src/,WordPress (Legacy),200
https://www.brahmakumaris.com/soul-sustenance/ss-hindi/jaldbazi-se-mukt-rahne-ke-5-tips/,Next.js (Modern),200
https://www.brahmakumaris.com/soul-sustenance/5-ways-of-making-our-relationships-beautiful-part-3/,Next.js (Modern),200
https://www.brahmakumaris.com/blog/brahma-baba-articles/the-highest-education-in-the-world/,WordPress (Legacy),200
https://www.brahmakumaris.com/soul-sustenance/5-tips-for-overcoming-mental-fatigue-part-3/,Next.js (Modern),200
https://www.brahmakumaris.com/blog/self-development/inner-power-in-students/,WordPress (Legacy),200
https://www.brahmakumaris.com/soul-sustenance/ss-hindi/2nd-mar-2023-ssh/,Next.js (Modern),200
https://www.brahmakumaris.com/soul-sustenance/ss-hindi/pariksha-mein-safalta-prapt-karne-ke-8-tarike-bhag-3/,Next.js (Modern),200
https://www.brahmakumaris.com/blog/specialdays/how-to-be-happy-now-international-day-of-happiness/,WordPress (Legacy),200
https://www.brahmakumaris.com/soul-sustenance/15th-may-2023-ss/,Next.js (Modern),200
https://www.brahmakumaris.com/soul-sustenance/dont-label-people-give-respect/,Next.js (Modern),200
https://www.brahmakumaris.com/soul-sustenance/overcoming-complacency-at-work-and-growing-constantly/,Next.js (Modern),200
https://www.brahmakumaris.com/soul-sustenance/choose-your-actions-correctly-in-every-sphere-of-life-part-2/,Next.js (Modern),200
https://www.brahmakumaris.com/soul-sustenance/what-you-believe-is-what-you-achieve/,Next.js (Modern),200
https://www.brahmakumaris.com/soul-sustenance/maintaining-soul-consciousness-in-action-part-1/,Next.js (Modern),200
https://www.brahmakumaris.com/blog/brahma-baba-articles/bhagwan-hamara-sathi-hai/,WordPress (Legacy),200
https://www.brahmakumaris.com/soul-sustenance/12th-oct-soul-sustenance/,Next.js (Modern),200
https://www.brahmakumaris.com/soul-sustenance/ss-hindi/20th-aug-2023-ssh/,Next.js (Modern),200
https://www.brahmakumaris.com/soul-sustenance/7-techniques-to-let-go-off-the-past-part-3/,Next.js (Modern),200
https://www.brahmakumaris.com/soul-sustenance/09th-oct-soul-sustenance/,Next.js (Modern),200
https://www.brahmakumaris.com/storytime/tolerate-with-pleasure-not-pressure-leelas-inspiring-story/,WordPress (Legacy),200
https://www.brahmakumaris.com/soul-sustenance/ss-hindi/hamare-dainik-jeevan-mein-shri-krishna-janamashtami-ka-mahatav/,Next.js (Modern),200
https://www.brahmakumaris.com/blog/brahma-baba-articles/brahma-baba-the-guiding-angel/,WordPress (Legacy),200
https://www.brahmakumaris.com/soul-sustenance/ss-hindi/holi-ka-aadhyatmik-arth-bhag-2/,Next.js (Modern),200
https://www.brahmakumaris.com/soul-sustenance/inhale-strengths-exhale-weaknesses/,Next.js (Modern),200
https://www.brahmakumaris.com/soul-sustenance/creating-a-world-free-from-stress-and-worry-part-2/,Next.js (Modern),200
https://www.brahmakumaris.com/soul-sustenance/ss-hindi/kya-social-media-par-like-karna-mayne-rakhta-hei/,Next.js (Modern),200
https://www.brahmakumaris.com/soul-sustenance/making-your-vision-unbiased-and-spiritual-for-everyone/,Next.js (Modern),200
https://www.brahmakumaris.com/category/blog/bkshivani/karma/,WordPress (Legacy),200
https://www.brahmakumaris.com/soul-sustenance/cultivating-punctuality-habits-in-your-daily-routine/,Next.js (Modern),200
https://www.brahmakumaris.com/soul-sustenance/experiencing-peace-and-love-our-original-nature-part-2/,Next.js (Modern),200
https://www.brahmakumaris.com/blog/rajyog-meditation/why-open-eye-rajyoga-meditation-fits-modern-busy-life/,WordPress (Legacy),200
https://www.brahmakumaris.com/soul-sustenance/ss-hindi/kshmabhav-ka-sansar-create-karein-bhag-4/,Next.js (Modern),200
https://www.brahmakumaris.com/soul-sustenance/positive-spiritual-tips-for-beautiful-parenting-part-2/,Next.js (Modern),200
https://www.brahmakumaris.com/soul-sustenance/28th-aug-2023-ss/,Next.js (Modern),200
https://www.brahmakumaris.com/jal-jan-abhiyan/galleries/,WordPress (Legacy),200
https://www.brahmakumaris.com/soul-sustenance/ss-hindi/23rd-may-2023-ssh/,Next.js (Modern),200
https://www.brahmakumaris.com/soul-sustenance/taking-care-of-our-emotional-and-physical-health-with-spirituality-part-3/,Next.js (Modern),200
https://www.brahmakumaris.com/soul-sustenance/meditation-an-easy-technique-for-self-transformation-part-3/,Next.js (Modern),200
https://www.brahmakumaris.com/category/blog/brahma-baba-articles/,WordPress (Legacy),200
https://www.brahmakumaris.com/soul-sustenance/14th-may-2023-ss/,Next.js (Modern),200
https://www.brahmakumaris.com/category/blog/bkshivani/sleep/,WordPress (Legacy),200
https://www.brahmakumaris.com/soul-sustenance/ss-hindi/24th-jul-2023-ssh/,Next.js (Modern),200
https://www.brahmakumaris.com/soul-sustenance/adopting-a-clutter-free-lifestyle/,Next.js (Modern),200
https://www.brahmakumaris.com/soul-sustenance/ss-hindi/achche-swasthya-ke-liye-5-positive-affirmation/,Next.js (Modern),200
https://www.brahmakumaris.com/soul-sustenance/ss-hindi/sanskari-bachche-ki-maa-ke-5-gun/,Next.js (Modern),200
https://www.brahmakumaris.com/soul-sustenance/motivating-yourself-to-succeed-in-life-part-3/,Next.js (Modern),200
https://www.brahmakumaris.com/soul-sustenance/ss-hindi/prashansha-ki-ichcha-se-mukt-hona-bhag-1/,Next.js (Modern),200
https://www.brahmakumaris.com/soul-sustenance/5-spiritual-powers-for-accepting-change-easily-part-3/,Next.js (Modern),200
https://www.brahmakumaris.com/soul-sustenance/the-subtle-role-play-of-thoughts-and-images-part-2/,Next.js (Modern),200
https://www.brahmakumaris.com/soul-sustenance/ss-hindi/aapke-upar-bharosa-karne-wale-ki-vishvasniyta-ko-banaye-rakhein/,Next.js (Modern),200
https://www.brahmakumaris.com/soul-sustenance/ss-hindi/asfalatao-ko-sahajata-se-sweekarein/,Next.js (Modern),200
https://www.brahmakumaris.com/soul-sustenance/dont-focus-on-people-who-criticize-you/,Next.js (Modern),200
https://www.brahmakumaris.com/blog/relationships/balancing-love-and-law-for-sustainability/,WordPress (Legacy),200
https://www.brahmakumaris.com/soul-sustenance/ss-hindi/badlaav-ko-aasani-se-apnane-ki-5-aadhyatmik-saktiyan-bhag-3/,Next.js (Modern),200
https://www.brahmakumaris.com/soul-sustenance/30th-jan-2023-ss/,Next.js (Modern),200
https://www.brahmakumaris.com/hi/parichay/,WordPress (Legacy),200
https://www.brahmakumaris.com/blog/festivals/dussehras-inner-ritual-conquering-the-ravana-within/,WordPress (Legacy),200
https://www.brahmakumaris.com/blog/nashamukt-bharat/defining-addiction/,Next.js (Modern),200
https://www.brahmakumaris.com/soul-sustenance/forgiving-and-forgetting-in-relationships/,Next.js (Modern),200
https://www.brahmakumaris.com/soul-sustenance/spiritual-roses-of-the-supreme-gardener/,Next.js (Modern),200
https://www.brahmakumaris.com/soul-sustenance/ss-hindi/samay-ke-sath-shantipurn-rehna-bhag-2/,Next.js (Modern),200
https://www.brahmakumaris.com/soul-sustenance/ss-hindi/mansik-thakavat-se-bachne-ke-5-sujhav-bhag-2/,Next.js (Modern),200
https://www.brahmakumaris.com/soul-sustenance/lets-experience-the-different-spiritual-shades-of-holi/,Next.js (Modern),200
https://www.brahmakumaris.com/category/storytime/lifestyle-st/,WordPress (Legacy),200
https://www.brahmakumaris.com/soul-sustenance/5-steps-for-overcoming-addictions/,Next.js (Modern),200
https://www.brahmakumaris.com/soul-sustenance/ss-hindi/9th-apr-2023-ssh/,Next.js (Modern),200
https://www.brahmakumaris.com/soul-sustenance/ss-hindi/negative-energy-ke-exchange-ko-break-karein-bhag-4/,Next.js (Modern),200
https://www.brahmakumaris.com/blog/bkshivani/power/how-can-you-transform-your-life-with-the-power-of-giving/,WordPress (Legacy),200
https://www.brahmakumaris.com/soul-sustenance/burning-the-inner-ravan-and-experiencing-freedom-part-2/,Next.js (Modern),200
https://www.brahmakumaris.com/soul-sustenance/ss-hindi/pruthvi-ko-pure-aur-sundar-banayein/,Next.js (Modern),200
https://www.brahmakumaris.com/soul-sustenance/15th-may-soul-sustenance/,Next.js (Modern),200
https://www.brahmakumaris.com/soul-sustenance/ss-hindi/dusron-ko-dene-wale-banein-bhag-1/,Next.js (Modern),200
https://www.brahmakumaris.com/blog/self-development/to-give-love-is-a-gift-to-receive-love-is-an-honour/,WordPress (Legacy),200
https://www.brahmakumaris.com/blog/hindi-blog/vikaro-par-vijay/,WordPress (Legacy),200
https://www.brahmakumaris.com/rajyogteachers/dada-anandkishore/,WordPress (Legacy),200
https://www.brahmakumaris.com/blog/spirituality/teachers-day/,WordPress (Legacy),200
https://www.brahmakumaris.com/soul-sustenance/ss-hindi/kya-pyaar-mujhe-dukh-pahuncha-sakta-hei/,Next.js (Modern),200
https://www.brahmakumaris.com/soul-sustenance/the-spiritual-meaning-of-holi-part-1/,Next.js (Modern),200
https://www.brahmakumaris.com/soul-sustenance/colouring-forgiveness-on-the-canvas-of-your-mind-part-1/,Next.js (Modern),200
https://www.brahmakumaris.com/soul-sustenance/ss-hindi/badlaav-ko-aasani-se-apnane-ki-5-aadhyatmik-saktiyan-bhag-1/,Next.js (Modern),200
https://www.brahmakumaris.com/blog/bkshivani/lifestyle/3-checks-before-every-decision-to-change-your-life/,WordPress (Legacy),200
https://www.brahmakumaris.com/category/storytime/power-st/,WordPress (Legacy),200
https://www.brahmakumaris.com/soul-sustenance/16th-jul-2023-ss/,Next.js (Modern),200
https://www.brahmakumaris.com/soul-sustenance/to-be-happy-always-love-yourself-love-god-and-love-others-part-1/,Next.js (Modern),200
https://www.brahmakumaris.com/soul-sustenance/04th-feb-2023-ss/,Next.js (Modern),200
https://www.brahmakumaris.com/blog/festivals/raksha-bandhan/not-just-limited-to-brother-and-sister/,WordPress (Legacy),200
https://www.brahmakumaris.com/blog/bkshivani/power/unlock-your-inner-butterfly-how-to-be-the-best-version-of-yourself/,WordPress (Legacy),200
https://www.brahmakumaris.com/soul-sustenance/ss-hindi/apurnataon-ko-sweekarein-aur-sada-aanandit-va-premmaya-rahein/,Next.js (Modern),200
https://www.brahmakumaris.com/soul-sustenance/the-subtle-role-play-of-thoughts-and-images-part-1/,Next.js (Modern),200
https://www.brahmakumaris.com/rajyogteachers/bk-sashi-prabha/,WordPress (Legacy),200
https://www.brahmakumaris.com/soul-sustenance/9th-jul-2023-ss/,Next.js (Modern),200
https://www.brahmakumaris.com/soul-sustenance/experience-the-soul-while-playing-the-role/,Next.js (Modern),200
https://www.brahmakumaris.com/soul-sustenance/ss-hindi/ateet-ko-let-go-karne-ki-7-takniken-bhag-1/,Next.js (Modern),200
https://www.brahmakumaris.com/blog/bkshivani/happiness/embrace-happiness-3-thoughts-to-finish-worry-sadness/,WordPress (Legacy),200
https://www.brahmakumaris.com/brahma-baba/songs/,WordPress (Legacy),200
https://www.brahmakumaris.com/soul-sustenance/being-before-doing/,Next.js (Modern),200
https://www.brahmakumaris.com/soul-sustenance/ss-hindi/navratri-antarik-shaktiyaan/,Next.js (Modern),200
https://www.brahmakumaris.com/soul-sustenance/22nd-oct-soul-sustenance/,Next.js (Modern),200
https://www.brahmakumaris.com/blog/spirituality/o-god-grant-me-humility/,WordPress (Legacy),200
https://www.brahmakumaris.com/soul-sustenance/the-art-of-respecting-your-body/,Next.js (Modern),200
https://www.brahmakumaris.com/soul-sustenance/the-beauty-of-unconditional-love/,Next.js (Modern),200
https://www.brahmakumaris.com/soul-sustenance/ss-hindi/sakaratmak-jeevan-jeene-ke-liye-10-nai-manytaaein-belief-bhag-4/,Next.js (Modern),200
https://www.brahmakumaris.com/blog/rajyog-meditation/chapter-1-do-you-know-your-real-self/,WordPress (Legacy),200
https://www.brahmakumaris.com/blog/spirituality/what-is-your-true-religion/,WordPress (Legacy),200
https://www.brahmakumaris.com/soul-sustenance/the-quality-of-our-vibrations-and-how-they-influence-others/,Next.js (Modern),200
https://www.brahmakumaris.com/soul-sustenance/7th-may-2023-ss/,Next.js (Modern),200
https://www.brahmakumaris.com/blog/bkshivani/lifestyle/the-art-of-eliminating-negative-thoughts-a-journey-to-positivity/,WordPress (Legacy),200
https://www.brahmakumaris.com/blog/rajyog-meditation/the-role-of-god-in-our-lives-when-we-feel-alone/,WordPress (Legacy),200
https://www.brahmakumaris.com/soul-sustenance/allow-simplicity-to-take-over-your-life/,Next.js (Modern),200
https://www.brahmakumaris.com/soul-sustenance/ss-hindi/urja-len-den-behtar-bhag-3/,Next.js (Modern),200
https://www.brahmakumaris.com/blog/bkshivani/relationships-bs/worry-weakens-your-others-mind/,WordPress (Legacy),200
https://www.brahmakumaris.com/soul-sustenance/accepting-failures-with-ease/,Next.js (Modern),200
https://www.brahmakumaris.com/soul-sustenance/ss-hindi/19th-apr-2023-ssh/,Next.js (Modern),200
https://www.brahmakumaris.com/soul-sustenance/creating-a-good-work-life-balance/,Next.js (Modern),200
https://www.brahmakumaris.com/lcoyindia/,WordPress (Legacy),200
https://www.brahmakumaris.com/soul-sustenance/newness-at-every-step-part-1/,Next.js (Modern),200
https://www.brahmakumaris.com/category/blog/specialdays/,WordPress (Legacy),200
https://www.brahmakumaris.com/soul-sustenance/29th-sep-soul-sustenance/,Next.js (Modern),200
https://www.brahmakumaris.com/soul-sustenance/positive-spiritual-tips-for-beautiful-parenting-part-1/,Next.js (Modern),200
https://www.brahmakumaris.com/soul-sustenance/the-spiritual-significance-of-ganesh-chaturthi-part-2/,Next.js (Modern),200
https://www.brahmakumaris.com/soul-sustenance/19th-apr-2023-ss/,Next.js (Modern),200
https://www.brahmakumaris.com/blog/self-development/time-is-a-great-teacher/,WordPress (Legacy),200
https://www.brahmakumaris.com/category/blog/bkshivani/addiction/,WordPress (Legacy),200
https://www.brahmakumaris.com/soul-sustenance/ss-hindi/kya-hamein-bhavuk-hona-chahiye-ya-nahi/,Next.js (Modern),200
https://www.brahmakumaris.com/soul-sustenance/dont-allow-others-to-dominate-your-emotional-state/,Next.js (Modern),200
https://www.brahmakumaris.com/soul-sustenance/ss-hindi/charitra-mein-sundarta-bhag-1/,Next.js (Modern),200
https://www.brahmakumaris.com/soul-sustenance/ss-hindi/28th-apr-2023-ssh/,Next.js (Modern),200
https://www.brahmakumaris.com/soul-sustenance/15th-jul-2023-ss/,Next.js (Modern),200
https://www.brahmakumaris.com/soul-sustenance/ss-hindi/apne-sapno-ko-hakikat-mei-badalna-bhag-2/,Next.js (Modern),200
https://www.brahmakumaris.com/soul-sustenance/ss-hindi/shri-ganesh-chaturthi-ka-mahatav-aur-divyata-bhag-1/,Next.js (Modern),200
https://www.brahmakumaris.com/soul-sustenance/enjoying-the-sightseeing-of-your-life-part-1/,Next.js (Modern),200
https://www.brahmakumaris.com/blog/rajyog-meditation/knowing-the-conscious-and-the-unconscious/,WordPress (Legacy),200
https://www.brahmakumaris.com/soul-sustenance/ss-hindi/khushi-ki-aur-yatra-ya-khushi-ki-yatra-bhag-3/,Next.js (Modern),200
https://www.brahmakumaris.com/soul-sustenance/beautiful-intentions-create-good-karma/,Next.js (Modern),200
https://www.brahmakumaris.com/soul-sustenance/17th-jun-2023-ss/,Next.js (Modern),200
https://www.brahmakumaris.com/soul-sustenance/god-as-the-supreme-father-and-mother/,Next.js (Modern),200
https://www.brahmakumaris.com/mahashivratri/ms-articles/mahashivratri-memory-of-the-divine-incarnation/,WordPress (Legacy),200
https://www.brahmakumaris.com/soul-sustenance/the-mind-in-control-part-1/,Next.js (Modern),200
https://www.brahmakumaris.com/soul-sustenance/8-steps-on-the-road-to-success-part-1/,Next.js (Modern),200
https://www.brahmakumaris.com/soul-sustenance/ss-hindi/meditation-aatm-parivartan-ki-ek-saral-technique-bhag-3/,Next.js (Modern),200
https://www.brahmakumaris.com/soul-sustenance/5th-apr-2023-ss/,Next.js (Modern),200
https://www.brahmakumaris.com/soul-sustenance/ss-hindi/16th-jun-2023-ssh/,Next.js (Modern),200
https://www.brahmakumaris.com/soul-sustenance/ss-hindi/17th-jun-2023-ssh/,Next.js (Modern),200
https://www.brahmakumaris.com/soul-sustenance/ss-hindi/nirantar-high-self-esteem-ka-anubhav-kaise-karein/,Next.js (Modern),200
https://www.brahmakumaris.com/soul-sustenance/ss-hindi/apne-rishton-ko-khoobsurat-banane-ke-5-tarike-bhag-3/,Next.js (Modern),200
https://www.brahmakumaris.com/soul-sustenance/ss-hindi/dawai-lete-samay-sahi-soch/,Next.js (Modern),200
https://www.brahmakumaris.com/soul-sustenance/attention-to-every-karma/,Next.js (Modern),200
https://www.brahmakumaris.com/soul-sustenance/ss-hindi/logon-ki-negative-energy-se-bachein/,Next.js (Modern),200
https://www.brahmakumaris.com/soul-sustenance/ss-hindi/parmatma-ko-apna-sarvashreshth-mitr-banane-ke-5-fayde/,Next.js (Modern),200
https://www.brahmakumaris.com/soul-sustenance/10th-jul-2023-ss/,Next.js (Modern),200
https://www.brahmakumaris.com/soul-sustenance/5-beautiful-aspects-of-success-part-3/,Next.js (Modern),200
https://www.brahmakumaris.com/soul-sustenance/24th-mar-2023-ss/,Next.js (Modern),200
https://www.brahmakumaris.com/soul-sustenance/30th-mar-2023-ss/,Next.js (Modern),200
https://www.brahmakumaris.com/soul-sustenance/ss-hindi/18th-mar-2023-ssh/,Next.js (Modern),200
https://www.brahmakumaris.com/soul-sustenance/ss-hindi/vicharon-aur-chitron-ka-sukshm-khel-bhag-1/,Next.js (Modern),200
https://www.brahmakumaris.com/soul-sustenance/overcome-artificialness-and-manipulation/,Next.js (Modern),200
https://www.brahmakumaris.com/soul-sustenance/27th-jun-2023-ss/,Next.js (Modern),200
https://www.brahmakumaris.com/soul-sustenance/avoid-showing-off-and-experience-humility/,Next.js (Modern),200
https://www.brahmakumaris.com/anubhavgatha/dadi-rukmani-ji/,WordPress (Legacy),200
https://www.brahmakumaris.com/soul-sustenance/ss-hindi/rajyoga-dwara-aatma-ko-sudhdh-banaein/,Next.js (Modern),200
https://www.brahmakumaris.com/soul-sustenance/30th-jul-2023-ss/,Next.js (Modern),200
https://www.brahmakumaris.com/jal-jan-abhiyan/pledge/,WordPress (Legacy),200
https://www.brahmakumaris.com/soul-sustenance/think-only-of-what-you-want-in-your-reality/,Next.js (Modern),200
https://www.brahmakumaris.com/category/mahashivratri/ms-articles/,WordPress (Legacy),200
https://www.brahmakumaris.com/soul-sustenance/ss-hindi/safalta-prapt-karne-ke-liye-soul-aur-role-power-ka-santulan-banaye-rakhein-bhag-3/,Next.js (Modern),200
https://www.brahmakumaris.com/soul-sustenance/ss-hindi/negative-situations-ko-teen-steps-mein-resolve-karein-bhag-3/,Next.js (Modern),200
https://www.brahmakumaris.com/soul-sustenance/healing-and-deleting-past-hurt/,Next.js (Modern),200
https://www.brahmakumaris.com/soul-sustenance/ss-hindi/sharir-ka-aadar-karna-ek-sundar-jeevan-kala-hei-2/,Next.js (Modern),200
https://www.brahmakumaris.com/soul-sustenance/10-pearls-of-meditation-part-2/,Next.js (Modern),200
https://www.brahmakumaris.com/soul-sustenance/eating-less-and-eating-slowly/,Next.js (Modern),200
https://www.brahmakumaris.com/soul-sustenance/the-cycle-of-karmic-connections-part-2/,Next.js (Modern),200
https://www.brahmakumaris.com/blog/bkshivani/relationships-bs/2-truths-that-make-your-life-easy/,WordPress (Legacy),200
https://www.brahmakumaris.com/?p=104064,WordPress (Legacy),404
https://www.brahmakumaris.com/soul-sustenance/purifying-food-and-water-for-perfect-health/,Next.js (Modern),200
https://www.brahmakumaris.com/blog/bkshivani/happiness/wealth-fame-and-happiness-navigating-the-complexities-of-earning-all-three/,WordPress (Legacy),200
https://www.brahmakumaris.com/soul-sustenance/ss-hindi/safalta-ki-raah-par-8-kadam-bhag-3/,Next.js (Modern),200
https://www.brahmakumaris.com/soul-sustenance/3rd-jun-2023-ss/,Next.js (Modern),200
https://www.brahmakumaris.com/blog/festivals/navratri/parvati-devi-power-to-withdraw/,WordPress (Legacy),200
https://www.brahmakumaris.com/category/blog/nashamukt-bharat/,WordPress (Legacy),200
https://www.brahmakumaris.com/soul-sustenance/ss-hindi/apne-rishton-ko-khoobsurat-banane-ke-5-tarike-bhag-1/,Next.js (Modern),200
https://www.brahmakumaris.com/blog/hindi-blog/khuli-aankhon-se-rajyog/,WordPress (Legacy),200
https://www.brahmakumaris.com/soul-sustenance/ss-hindi/vishw-ki-sone-ki-chidiya-bharat/,Next.js (Modern),200
https://www.brahmakumaris.com/soul-sustenance/life-is-always-fair-dont-call-it-unfair/,Next.js (Modern),200
https://www.brahmakumaris.com/soul-sustenance/ss-hindi/safalta-ke-liye-ek-adarsh-vyaktitva-ka-nirman-karein-bhag-3/,Next.js (Modern),200
https://www.brahmakumaris.com/soul-sustenance/ss-hindi/ahankar-ko-thes-pahunchna-bhag-2/,Next.js (Modern),200
https://www.brahmakumaris.com/soul-sustenance/greet-everyone-you-meet-with-a-smile/,Next.js (Modern),200
https://www.brahmakumaris.com/rajyogteachers/dadi-nirmalshanta/,WordPress (Legacy),200
https://www.brahmakumaris.com/web-stories/7-practical-tips-to-boost-your-self-esteem/,WordPress (Legacy),200
https://www.brahmakumaris.com/soul-sustenance/ss-hindi/6th-aug-2023-ssh/,Next.js (Modern),200
https://www.brahmakumaris.com/blog/self-development/demonetisation-of-anger/,WordPress (Legacy),200
https://www.brahmakumaris.com/blog/festivals/janmashtami/life-of-krishna/,WordPress (Legacy),200
https://www.brahmakumaris.com/soul-sustenance/ss-hindi/dur-hote-hue-priyjanon-ko-kareeb-laaein/,Next.js (Modern),200
https://www.brahmakumaris.com/soul-sustenance/balancing-soul-power-and-role-power-for-success-part-3/,Next.js (Modern),200
https://www.brahmakumaris.com/soul-sustenance/the-cycle-of-karmic-connections-part-1/,Next.js (Modern),200
https://www.brahmakumaris.com/soul-sustenance/ss-hindi/rishton-ki-gunvatta-aur-madhurta-badhane-ke-10-prabhavshali-upay-bhag-2/,Next.js (Modern),200
https://www.brahmakumaris.com/amritmahotsav/campaigns/sadak-suraksha/,WordPress (Legacy),200
https://www.brahmakumaris.com/soul-sustenance/ss-hindi/22nd-apr-2023-ssh/,Next.js (Modern),200
https://www.brahmakumaris.com/soul-sustenance/ss-hindi/sahi-tarike-se-karya-karne-ka-chunav-karien-bhag-2/,Next.js (Modern),200
https://www.brahmakumaris.com/rise/,WordPress (Legacy),200
https://www.brahmakumaris.com/soul-sustenance/traffic-jam-on-the-road-or-in-the-mind/,Next.js (Modern),200
https://www.brahmakumaris.com/soul-sustenance/breaking-the-cycle-of-negative-energy-exchanges-part-4/,Next.js (Modern),200
https://www.brahmakumaris.com/soul-sustenance/ss-hindi/prashansa-mein-sthir-rahein/,Next.js (Modern),200
https://www.brahmakumaris.com/soul-sustenance/ss-hindi/mansik-dabav-aur-tanaav-par-kaabu-kaise-paayein-bhag-2/,Next.js (Modern),200
https://www.brahmakumaris.com/blog/hindi-blog/vibration-ek-moun-bhasha/,WordPress (Legacy),200
https://www.brahmakumaris.com/soul-sustenance/ss-hindi/hamare-vichar-hamare-bhagya-ka-nirman-kaise-karte-hein-bhag-2/,Next.js (Modern),200
https://www.brahmakumaris.com/soul-sustenance/cooking-and-eating-with-a-spiritual-vibration-part-2/,Next.js (Modern),200
https://www.brahmakumaris.com/soul-sustenance/ss-hindi/dikhave-se-bachein-aur-vinamrata-anubhav-karein/,Next.js (Modern),200
https://www.brahmakumaris.com/soul-sustenance/ss-hindi/chunautiyon-ke-prati-aabhari-rahein/,Next.js (Modern),200
https://www.brahmakumaris.com/blog/festivals/navratri/maa-durga-power-to-let-go/,WordPress (Legacy),200
https://www.brahmakumaris.com/soul-sustenance/ss-hindi/meditation-aatm-parivartan-ki-ek-saral-technique-bhag-1/,Next.js (Modern),200
https://www.brahmakumaris.com/soul-sustenance/ss-hindi/aatma-aur-uske-dwara-kiye-jaane-wale-kaarya-ka-ahsas-hona-bhag-3/,Next.js (Modern),200
https://www.brahmakumaris.com/anubhavgatha/bk-mohini-didi-america/,WordPress (Legacy),200
https://www.brahmakumaris.com/soul-sustenance/the-key-to-beautiful-relationships-unconditional-love-part-6/,Next.js (Modern),200
https://www.brahmakumaris.com/anubhavgatha/bk-rajkrishna-bhai/,WordPress (Legacy),200
https://www.brahmakumaris.com/soul-sustenance/lets-be-human-beings-not-human-doings-part-1/,Next.js (Modern),200
https://www.brahmakumaris.com/soul-sustenance/becoming-a-good-parent-and-creating-a-beautiful-child/,Next.js (Modern),200
https://www.brahmakumaris.com/soul-sustenance/ss-hindi/work-stress-ko-control-karne-ki-5-yuktiyan/,Next.js (Modern),200
https://www.brahmakumaris.com/soul-sustenance/ss-hindi/ganesh-chaturthi-ki-divyata-aur-aadhyatmikta-bhag-1/,Next.js (Modern),200
https://www.brahmakumaris.com/dadiprakashmani/,WordPress (Legacy),200
https://www.brahmakumaris.com/anubhavgatha/bk-saroj-didi-ambala/,WordPress (Legacy),200
https://www.brahmakumaris.com/soul-sustenance/experiencing-spiritual-success-in-every-sphere-of-life-part-1/,Next.js (Modern),200
https://www.brahmakumaris.com/soul-sustenance/maintain-confidentiality-when-someone-confides-in-you/,Next.js (Modern),200
https://www.brahmakumaris.com/blog/hindi-blog/rajyog-meditation-antaryatra/,Next.js (Modern),200
https://www.brahmakumaris.com/soul-sustenance/ss-hindi/karm-karte-hue-aatmik-sthiti-mei-rahne-ka-abhyas-part-3/,Next.js (Modern),200
https://www.brahmakumaris.com/soul-sustenance/ss-hindi/apne-jeevan-ke-pratyek-pal-mein-khushiyan-laane-ke-5-tarike/,Next.js (Modern),200
https://www.brahmakumaris.com/blog/self-development/ethics-the-foundation-of-a-leader-part-i/,WordPress (Legacy),200
https://www.brahmakumaris.com/blog/hindi-blog/karein-adhyatmikta-se-zindagi-aasan/,WordPress (Legacy),200
https://www.brahmakumaris.com/soul-sustenance/20th-oct-soul-sustenance/,Next.js (Modern),200
https://www.brahmakumaris.com/soul-sustenance/beauty-in-character-part-1/,Next.js (Modern),200
https://www.brahmakumaris.com/blog/hindi-blog/man-ki-bechaini-chinta-tanav-samajhna/,WordPress (Legacy),200
https://www.brahmakumaris.com/soul-sustenance/ss-hindi/aantarik-sundarta-inner-beauty-ke-teen-darpan-bhag-1/,Next.js (Modern),200
https://www.brahmakumaris.com/anubhavgatha/bk-prem-didi-punjab/,WordPress (Legacy),200
https://www.brahmakumaris.com/soul-sustenance/ss-hindi/apne-jeevan-ki-sair-ka-anand-lein-bhag-3/,Next.js (Modern),200
https://www.brahmakumaris.com/anubhavgatha/bk-avdhesh-nandan-bhai/,WordPress (Legacy),200
https://www.brahmakumaris.com/soul-sustenance/ss-hindi/2nd-may-2023-ssh/,Next.js (Modern),200
https://www.brahmakumaris.com/soul-sustenance/creating-a-positive-destiny-with-positive-information-part-2/,Next.js (Modern),200
https://www.brahmakumaris.com/soul-sustenance/ss-hindi/20th-may-2023-ssh/,Next.js (Modern),200
https://www.brahmakumaris.com/soul-sustenance/ss-hindi/adhyatmik-shakti-se-nakaratmak-vichar-badlein/,Next.js (Modern),200
https://www.brahmakumaris.com/soul-sustenance/24th-may-soul-sustenance/,Next.js (Modern),200
https://www.brahmakumaris.com/soul-sustenance/ss-hindi/1st-jun-2023-ssh/,Next.js (Modern),200
https://www.brahmakumaris.com/soul-sustenance/be-determined-and-positive-at-every-step-part-3/,Next.js (Modern),200
https://www.brahmakumaris.com/soul-sustenance/ss-hindi/dashare-parv-ka-divya-arth-bhag-1/,Next.js (Modern),200
https://www.brahmakumaris.com/soul-sustenance/look-at-solutions-not-at-problems/,Next.js (Modern),200
https://www.brahmakumaris.com/soul-sustenance/being-happy-is-the-only-way-to-give-happiness/,Next.js (Modern),200
https://www.brahmakumaris.com/soul-sustenance/ss-hindi/prashansha-aur-aalochana-mein-stable-kaise-rahein/,Next.js (Modern),200
https://www.brahmakumaris.com/hi/sansthapak-aur-aadharstambh/,WordPress (Legacy),200
https://www.brahmakumaris.com/anubhavgatha/dadi-dhyani-ji/,WordPress (Legacy),200
https://www.brahmakumaris.com/soul-sustenance/10-dos-and-donts-of-meditation-part-1/,Next.js (Modern),200
https://www.brahmakumaris.com/soul-sustenance/what-is-the-true-meaning-of-unconditional-love/,Next.js (Modern),200
https://www.brahmakumaris.com/anubhavgatha/bk-damyanti-didi/,WordPress (Legacy),200
https://www.brahmakumaris.com/soul-sustenance/7-techniques-to-let-go-off-the-past-part-1/,Next.js (Modern),200
https://www.brahmakumaris.com/centers/,Next.js (Modern),200
https://www.brahmakumaris.com/soul-sustenance/27th-mar-2023-ss/,Next.js (Modern),200
https://www.brahmakumaris.com/rajyogteachers/bk-brijmohan/,WordPress (Legacy),200
https://www.brahmakumaris.com/category/blog/health-articles/,WordPress (Legacy),200
https://www.brahmakumaris.com/soul-sustenance/ss-hindi/peer-pressure-ko-deal-kaise-karein/,Next.js (Modern),200
https://www.brahmakumaris.com/soul-sustenance/ss-hindi/kamjor-vicharon-ke-pattern-ko-check-karein-aur-unhein-nakaratmak-se-sakaratmak-banaein/,Next.js (Modern),200
https://www.brahmakumaris.com/soul-sustenance/ss-hindi/prabal-vishwas-dwara-badhaon-par-vijay-prapt-karna-bhag-2/,Next.js (Modern),200
https://www.brahmakumaris.com/soul-sustenance/ss-hindi/mitrta-ko-renew-karein-aur-aadhyatmik-bonding-ko-badhaein/,Next.js (Modern),200
https://www.brahmakumaris.com/blog/environment/creating-a-better-world-reflections-on-world-environment-day/,WordPress (Legacy),200
https://www.brahmakumaris.com/ktfestival/our-earth-our-responsibility-mrunal-khade/,WordPress (Legacy),200
https://www.brahmakumaris.com/blog/nashamukt-bharat/counseling-procedures/,Next.js (Modern),200
https://www.brahmakumaris.com/soul-sustenance/using-visualization-to-achieve-your-goals/,Next.js (Modern),200
https://www.brahmakumaris.com/soul-sustenance/ss-hindi/keval-wahi-sochen-jo-aap-reality-mein-chahten-hain/,Next.js (Modern),200
https://www.brahmakumaris.com/soul-sustenance/18th-oct-soul-sustenance/,Next.js (Modern),200
https://www.brahmakumaris.com/soul-sustenance/believe-and-you-will-succeed/,Next.js (Modern),200
https://www.brahmakumaris.com/mahashivratri/,WordPress (Legacy),200
https://www.brahmakumaris.com/blog/specialdays/new-inspirations-for-new-year/,WordPress (Legacy),200
https://www.brahmakumaris.com/soul-sustenance/becoming-a-perfect-angel-in-5-easy-steps-part-1/,Next.js (Modern),200
https://www.brahmakumaris.com/soul-sustenance/quality-recharging-by-connecting-with-god-part-2/,Next.js (Modern),200
https://www.brahmakumaris.com/soul-sustenance/ss-hindi/4th-mar-2023-ssh/,Next.js (Modern),200
https://www.brahmakumaris.com/soul-sustenance/ss-hindi/din-ke-har-pal-ko-kimti-banaein/,Next.js (Modern),200
https://www.brahmakumaris.com/blog/bkshivani/karma/shraadh-understanding-its-deeper-significance/,WordPress (Legacy),200
https://www.brahmakumaris.com/soul-sustenance/do-you-have-a-close-and-strong-relationship-with-god/,Next.js (Modern),200
https://www.brahmakumaris.com/soul-sustenance/ss-hindi/negative-energy-ke-exchange-ko-break-karein-bhag-1/,Next.js (Modern),200
https://www.brahmakumaris.com/soul-sustenance/ss-hindi/hamesha-niswarth-prem-karein/,Next.js (Modern),200
https://www.brahmakumaris.com/soul-sustenance/ss-hindi/nishwarth-prem-ka-arth/,Next.js (Modern),200
https://www.brahmakumaris.com/blog/bkshivani/relationships-bs/accepting-weaknesses-of-someone-you-love/,WordPress (Legacy),200
https://www.brahmakumaris.com/soul-sustenance/28th-mar-2023-ss/,Next.js (Modern),200
https://www.brahmakumaris.com/soul-sustenance/ss-hindi/brahmakumaris-ka-7-divasiya-course-bhag-1/,Next.js (Modern),200
https://www.brahmakumaris.com/anubhavgatha/bk-sudharshan-didi/,WordPress (Legacy),200
https://www.brahmakumaris.com/blog/specialdays/sahaj-rajyoga-sarvochya-manovaigyanik-chikitsa-paddhati/,WordPress (Legacy),200
https://www.brahmakumaris.com/dadi-ratanmohini-ji/,WordPress (Legacy),200
https://www.brahmakumaris.com/soul-sustenance/ss-hindi/shaanti-ke-gun-ko-pahchanna-aur-anubhav-karna-bhag-1/,Next.js (Modern),200
https://www.brahmakumaris.com/anubhavgatha/dadi-prakashmani/,WordPress (Legacy),200
https://www.brahmakumaris.com/soul-sustenance/ss-hindi/krutagyta-diary-likhna-shuru-karein/,Next.js (Modern),200
https://www.brahmakumaris.com/soul-sustenance/ss-hindi/mansik-thakavat-se-bachne-ke-5-sujhav-bhag-3/,Next.js (Modern),200
https://www.brahmakumaris.com/soul-sustenance/ss-hindi/aaweg-mein-diye-gaye-reaction-ko-justify-na-karein/,Next.js (Modern),200
https://www.brahmakumaris.com/soul-sustenance/the-key-to-beautiful-relationships-unconditional-love-part-4-2/,Next.js (Modern),200
https://www.brahmakumaris.com/soul-sustenance/ss-hindi/apne-aura-ko-saaf-suthra-rakhein/,Next.js (Modern),200
https://www.brahmakumaris.com/soul-sustenance/positive-thought-based-living-part-3/,Next.js (Modern),200
https://www.brahmakumaris.com/janmashtami/,WordPress (Legacy),200
https://www.brahmakumaris.com/blog/rising-above-others-mistakes/,WordPress (Legacy),200
https://www.brahmakumaris.com/soul-sustenance/how-does-god-purify-the-world-part-1/,Next.js (Modern),200
https://www.brahmakumaris.com/soul-sustenance/ss-hindi/pariksha-mein-safalta-prapt-karne-ke-8-tarike-bhag-2/,Next.js (Modern),200
https://www.brahmakumaris.com/blog/self-development/understanding-anxiety-the-subtle-restlessness-inside/,WordPress (Legacy),200
https://www.brahmakumaris.com/soul-sustenance/ss-hindi/tanaavmukt-jeevan-ke-liye-5-steps-bhag-1/,Next.js (Modern),200
https://www.brahmakumaris.com/soul-sustenance/the-three-mirrors-for-inner-beauty-part-4/,Next.js (Modern),200
https://www.brahmakumaris.com/soul-sustenance/ss-hindi/karmon-par-dhyan-dein/,Next.js (Modern),200
https://www.brahmakumaris.com/soul-sustenance/the-7-days-course-of-the-brahma-kumaris-part-4/,Next.js (Modern),200
https://www.brahmakumaris.com/soul-sustenance/ss-hindi/sakaratmak-vartman-aur-bhavishya-ke-liye-3-kadam-bhag-1/,Next.js (Modern),200
https://www.brahmakumaris.com/soul-sustenance/6-positive-affirmations-for-inner-strength/,Next.js (Modern),200
https://www.brahmakumaris.com/soul-sustenance/break-free-of-approval-addiction/,Next.js (Modern),200
https://www.brahmakumaris.com/soul-sustenance/handling-rejection-from-loved-ones/,Next.js (Modern),200
https://www.brahmakumaris.com/soul-sustenance/creating-the-destiny-of-your-choice-part-2/,Next.js (Modern),200
https://www.brahmakumaris.com/soul-sustenance/ss-hindi/bahri-chaos-aur-andruni-emotions-se-bahar-niklein/,Next.js (Modern),200
https://www.brahmakumaris.com/soul-sustenance/ss-hindi/jeevan-ke-har-drushya-mein-dheirya-rakhna/,Next.js (Modern),200
https://www.brahmakumaris.com/soul-sustenance/ss-hindi/expectation-na-karein/,Next.js (Modern),200
https://www.brahmakumaris.com/soul-sustenance/ss-hindi/yuvaon-ke-liye-5-positive-affirmation-pushtiyan/,Next.js (Modern),200
https://www.brahmakumaris.com/blog/hindi-blog/shivratri-message/,WordPress (Legacy),200
https://www.brahmakumaris.com/soul-sustenance/16th-may-soul-sustenance/,Next.js (Modern),200
https://www.brahmakumaris.com/blog/nashamukt-bharat/counseling-skills/,Next.js (Modern),200
https://www.brahmakumaris.com/rajyogteachers/bk-munni-didi/,WordPress (Legacy),200
https://www.brahmakumaris.com/soul-sustenance/ss-hindi/safalta-ki-raah-par-8-kadam-bhag1/,Next.js (Modern),200
https://www.brahmakumaris.com/soul-sustenance/ss-hindi/vinamr-rahein-aur-sabhi-ko-samman-dein/,Next.js (Modern),200
https://www.brahmakumaris.com/soul-sustenance/be-determined-and-positive-at-every-step-part-2/,Next.js (Modern),200
https://www.brahmakumaris.com/blog/brahma-baba-articles/sadguno-ka-darshan/,WordPress (Legacy),200
https://www.brahmakumaris.com/soul-sustenance/ss-hindi/niswarth-prem-sundar-sambandhon-ki-chabhi-hei-bhag-6/,Next.js (Modern),200
https://www.brahmakumaris.com/soul-sustenance/lets-co-operate-not-compete/,Next.js (Modern),200
https://www.brahmakumaris.com/soul-sustenance/23rd-oct-soul-sustenance/,Next.js (Modern),200
https://www.brahmakumaris.com/soul-sustenance/ss-hindi/27th-apr-2023-ssh/,Next.js (Modern),200
https://www.brahmakumaris.com/blog/festivals/holi-ka-vastavik-mahatva-rango-se-pare-ka-tyohar/,WordPress (Legacy),200
https://www.brahmakumaris.com/blog/rajyog-meditation/chapter-5-do-you-know-your-real-self/,WordPress (Legacy),200
https://www.brahmakumaris.com/soul-sustenance/emotional-independence-from-people/,Next.js (Modern),200
https://www.brahmakumaris.com/soul-sustenance/a-healthy-emotional-diet-for-the-mind-part-1/,Next.js (Modern),200
https://www.brahmakumaris.com/abumarathon/photo-gallery/,WordPress (Legacy),200
https://www.brahmakumaris.com/soul-sustenance/ss-hindi/rishton-mein-galti-hone-ke-baad-karein-ek-nayee-shuruaat/,Next.js (Modern),200
https://www.brahmakumaris.com/soul-sustenance/understanding-gods-beauty-and-experiencing-it/,Next.js (Modern),200
https://www.brahmakumaris.com/soul-sustenance/26th-may-2023-ss/,Next.js (Modern),200
https://www.brahmakumaris.com/anubhavgatha/bk-atmaprakash-bhaiji/,WordPress (Legacy),200
https://www.brahmakumaris.com/soul-sustenance/ss-hindi/christmas-ki-aadhytmaik-sundarta-ka-anubhav-karein-bhag-1/,Next.js (Modern),200
https://www.brahmakumaris.com/blog/specialdays/sada-rahene-wali-prasannata-ka-rahasya-world-happiness-day/,WordPress (Legacy),200
https://www.brahmakumaris.com/blog/spirituality/what-is-right-age-of-meditation/,WordPress (Legacy),200
https://www.brahmakumaris.com/kalp-taruh/plantable-material/,WordPress (Legacy),200
https://www.brahmakumaris.com/kalp-taruh/testimonials/,WordPress (Legacy),200
https://www.brahmakumaris.com/soul-sustenance/ss-hindi/kisi-ke-bhi-prati-nafrat-se-mukt-hona/,Next.js (Modern),200
https://www.brahmakumaris.com/soul-sustenance/ss-hindi/traffic-jam-sadak-par-hai-ya-man-mein/,Next.js (Modern),200
https://www.brahmakumaris.com/category/blog/environment/,WordPress (Legacy),200
https://www.brahmakumaris.com/soul-sustenance/your-vibrations-influence-deeper-than-your-words/,Next.js (Modern),200
https://www.brahmakumaris.com/soul-sustenance/ss-hindi/parmatam-gyan-ko-pratidin-kaise-study-karein/,Next.js (Modern),200
https://www.brahmakumaris.com/category/blog/bkshivani/happiness/,WordPress (Legacy),200
https://www.brahmakumaris.com/soul-sustenance/5-tips-for-overcoming-mental-fatigue-part-1/,Next.js (Modern),200
https://www.brahmakumaris.com/soul-sustenance/let-us-make-the-shift-to-divinity-this-new-year/,Next.js (Modern),200
https://www.brahmakumaris.com/brahma-baba/articles/,WordPress (Legacy),200
https://www.brahmakumaris.com/soul-sustenance/ss-hindi/ekagrata-ko-apna-natural-nature-banaein/,Next.js (Modern),200
https://www.brahmakumaris.com/soul-sustenance/31st-jul-2023-ss/,Next.js (Modern),200
https://www.brahmakumaris.com/soul-sustenance/the-hurting-of-the-ego-part-2/,Next.js (Modern),200
https://www.brahmakumaris.com/soul-sustenance/ss-hindi/14th-may-2023-ssh/,Next.js (Modern),200
https://www.brahmakumaris.com/soul-sustenance/ss-hindi/27th-jul-2023-ssh/,Next.js (Modern),200
https://www.brahmakumaris.com/soul-sustenance/ss-hindi/meditation-dwara-parmatma-se-judein-bhag-2/,Next.js (Modern),200
https://www.brahmakumaris.com/soul-sustenance/ss-hindi/aaiye-parmatma-ki-upasthiti-ko-pahchanein-aur-unki-virasat-ko-prapt-karein-mahashivratri-par-adhyatmik-sandesh/,Next.js (Modern),200
https://www.brahmakumaris.com/soul-sustenance/ss-hindi/krodh-par-kabu-paane-ke-5-safal-steps-bhag-1/,Next.js (Modern),200
https://www.brahmakumaris.com/soul-sustenance/ss-hindi/har-milne-wale-ka-muskan-ke-sath-abhivadan-karein/,Next.js (Modern),200
https://www.brahmakumaris.com/blog/rajyog-meditation/meditation-har-vyakti-ke-jeevan-mein-kyun-upyogi-hai/,WordPress (Legacy),200
https://www.brahmakumaris.com/soul-sustenance/ss-hindi/7th-jun-2023-ssh/,Next.js (Modern),200
https://www.brahmakumaris.com/soul-sustenance/03rd-mar-2023-ss/,Next.js (Modern),200
https://www.brahmakumaris.com/soul-sustenance/ss-hindi/logon-ki-umeedon-par-khara-utarna/,Next.js (Modern),200
https://www.brahmakumaris.com/soul-sustenance/ss-hindi/gyan-ka-manthan-karke-uske-fayde-anubhav-karein-bhag-2/,Next.js (Modern),200
https://www.brahmakumaris.com/soul-sustenance/ss-hindi/jeevan-ke-adrushya-support-system-bhag-3/,Next.js (Modern),200
https://www.brahmakumaris.com/soul-sustenance/26th-jun-2023-ss/,Next.js (Modern),200
https://www.brahmakumaris.com/blog/festivals/sachchi-aazadi-ka-arth/,WordPress (Legacy),200
https://www.brahmakumaris.com/soul-sustenance/ss-hindi/16th-jul-2023-ssh/,Next.js (Modern),200
https://www.brahmakumaris.com/soul-sustenance/ss-hindi/apne-man-ke-canvas-par-kshma-karne-ke-rang-bharein-bhag-1/,Next.js (Modern),200
https://www.brahmakumaris.com/soul-sustenance/8-keys-to-success-for-facing-exams-part-3/,Next.js (Modern),200
https://www.brahmakumaris.com/soul-sustenance/transform-knowledge-into-wisdom/,Next.js (Modern),200
https://www.brahmakumaris.com/soul-sustenance/ss-hindi/kya-aadar-aur-samman-alag-hein/,Next.js (Modern),200
https://www.brahmakumaris.com/soul-sustenance/ss-hindi/andar-ke-mein-ka-ahsaas-aur-anubhav-bhag-2/,Next.js (Modern),200
https://www.brahmakumaris.com/soul-sustenance/ss-hindi/kathin-paristhitiyon-mein-nothing-new-ke-point-ko-apply-karein/,Next.js (Modern),200
https://www.brahmakumaris.com/headquarters/pandav-bhavan/,WordPress (Legacy),200
https://www.brahmakumaris.com/soul-sustenance/meeting-peoples-expectations/,Next.js (Modern),200
https://www.brahmakumaris.com/soul-sustenance/to-be-happy-always-love-yourself-love-god-and-love-others-part-2/,Next.js (Modern),200
https://www.brahmakumaris.com/soul-sustenance/positive-thought-based-living-part-1/,Next.js (Modern),200
https://www.brahmakumaris.com/soul-sustenance/keeping-your-mood-happy-and-positive-always/,Next.js (Modern),200
https://www.brahmakumaris.com/soul-sustenance/consciousness-cleansing-part-1/,Next.js (Modern),200
https://www.brahmakumaris.com/soul-sustenance/29th-mar-2023-ss/,Next.js (Modern),200
https://www.brahmakumaris.com/?p=102214,WordPress (Legacy),404
https://www.brahmakumaris.com/soul-sustenance/ss-hindi/bachchon-ko-values-use-karne-ke-liye-protsahit-karein-aur-unki-sarahana-karein/,Next.js (Modern),200
https://www.brahmakumaris.com/anubhavgatha/bk-vedanti-did/,WordPress (Legacy),200
https://www.brahmakumaris.com/category/storytime/god-st/,WordPress (Legacy),200
https://www.brahmakumaris.com/soul-sustenance/19th-aug-2023-ss/,Next.js (Modern),200
https://www.brahmakumaris.com/soul-sustenance/lighting-a-single-diya-of-my-own-spiritual-awareness-part-2/,Next.js (Modern),200
https://www.brahmakumaris.com/soul-sustenance/ss-hindi/avyvastha-mukt-jeevan-sheily-apnana/,Next.js (Modern),200
https://www.brahmakumaris.com/soul-sustenance/how-to-study-gods-wisdom-everyday/,Next.js (Modern),200
https://www.brahmakumaris.com/blog/festivals/diwali/invoking-the-inner-light-on-diwali/,WordPress (Legacy),200
https://www.brahmakumaris.com/rajyogteachers/dadi-hridaypushpa/,WordPress (Legacy),200
https://www.brahmakumaris.com/soul-sustenance/becoming-free-from-criticizing-and-judging-others/,Next.js (Modern),200
https://www.brahmakumaris.com/category/storytime/karma-st/,WordPress (Legacy),200
https://www.brahmakumaris.com/soul-sustenance/dealing-with-peer-pressure/,Next.js (Modern),200
https://www.brahmakumaris.com/blog/festivals/raksha-bandhan/rakhi-ka-mahatva/,WordPress (Legacy),200
https://www.brahmakumaris.com/soul-sustenance/ss-hindi/apne-man-ke-raja-banein-aur-shasan-karein-bhag-2/,Next.js (Modern),200
https://www.brahmakumaris.com/soul-sustenance/how-does-god-purify-the-world-part-3/,Next.js (Modern),200
https://www.brahmakumaris.com/soul-sustenance/keep-giving-to-others-constantly-part-1/,Next.js (Modern),200
https://www.brahmakumaris.com/anubhavgatha/bk-gyani-didi-punja/,WordPress (Legacy),200
https://www.brahmakumaris.com/web-stories/overcoming-tobacco-addiction-with-rajyoga-meditation/,WordPress (Legacy),200
https://www.brahmakumaris.com/blog/rajyog-meditation/do-you-know-your-real-self/,WordPress (Legacy),200
https://www.brahmakumaris.com/blog/rajyog-meditation/rajyoga-meditation-journey-within-daily-life/,WordPress (Legacy),200
https://www.brahmakumaris.com/soul-sustenance/before-meeting-someone-remember-that-they-are-a-pure-being/,Next.js (Modern),200
https://www.brahmakumaris.com/soul-sustenance/ss-hindi/aaiye-prem-aur-anand-ka-sandesh-dein-bhag-2/,Next.js (Modern),200
https://www.brahmakumaris.com/soul-sustenance/ss-hindi/jeevan-ke-har-kshetra-mei-adhyatmik-safalta-ka-anubhav-karein-bhag-2/,Next.js (Modern),200
https://www.brahmakumaris.com/jal-jan-abhiyan/resources/,WordPress (Legacy),200
https://www.brahmakumaris.com/soul-sustenance/ss-hindi/niswarth-prem-sundar-sambandhon-ki-chabhi-hei-bhag-3/,Next.js (Modern),200
https://www.brahmakumaris.com/soul-sustenance/ss-hindi/kya-hamein-duniya-mei-badlav-ki-aavshaykta-mahsus-hoti-hai/,Next.js (Modern),200
https://www.brahmakumaris.com/soul-sustenance/3rd-apr-2023-ss/,Next.js (Modern),200
https://www.brahmakumaris.com/soul-sustenance/ss-hindi/chinta-aur-tanaav-se-mukt-sansaar-ki-rachna-karein-bhag-3/,Next.js (Modern),200
https://www.brahmakumaris.com/soul-sustenance/16th-mar-soul-2023-ss/,Next.js (Modern),200
https://www.brahmakumaris.com/web-stories/empowering-the-self-it-retreat-2024/,WordPress (Legacy),200
https://www.brahmakumaris.com/blog/self-development/foundation-of-a-leader-part-ii/,WordPress (Legacy),200
https://www.brahmakumaris.com/soul-sustenance/ss-hindi/doctors-ki-paanch-sundar-spiritual-visheshtayein/,Next.js (Modern),200
https://www.brahmakumaris.com/blog/self-development/what-if-spirituality-could-make-your-life-easier-and-lighter/,WordPress (Legacy),200
https://www.brahmakumaris.com/anubhavgatha/dadi-atmamohini-ji/,WordPress (Legacy),200
https://www.brahmakumaris.com/soul-sustenance/dont-postpone-your-happiness/,Next.js (Modern),200
https://www.brahmakumaris.com/soul-sustenance/overcome-addiction-to-gadgets/,Next.js (Modern),200
https://www.brahmakumaris.com/sonipat-retreat-center/galleries/,WordPress (Legacy),200
https://www.brahmakumaris.com/soul-sustenance/your-will-power-is-your-biggest-strength/,Next.js (Modern),200
https://www.brahmakumaris.com/soul-sustenance/profitable-karmic-balance/,Next.js (Modern),200
https://www.brahmakumaris.com/soul-sustenance/who-is-responsible-for-my-destiny/,Next.js (Modern),200
https://www.brahmakumaris.com/soul-sustenance/being-non-judgmental-in-relationships/,Next.js (Modern),200
https://www.brahmakumaris.com/soul-sustenance/ss-hindi/karm-karte-hue-aatmik-sthiti-mei-rahne-ka-abhyas-part-2/,Next.js (Modern),200
https://www.brahmakumaris.com/ktfestival/lifestyle-for-environment-sustainability-yana-singh/,WordPress (Legacy),200
https://www.brahmakumaris.com/blog/the-power-of-self-esteem/,WordPress (Legacy),200
https://www.brahmakumaris.com/soul-sustenance/creating-a-positive-environment-with-meditation/,Next.js (Modern),200
https://www.brahmakumaris.com/soul-sustenance/ss-hindi/dusre-jab-achcha-karein-to-khush-hon/,Next.js (Modern),200
https://www.brahmakumaris.com/soul-sustenance/ss-hindi/pure-bites-shudhdh-bhojan-ke-liye-5-tips/,Next.js (Modern),200
https://www.brahmakumaris.com/soul-sustenance/09th-feb-2023-ss/,Next.js (Modern),200
https://www.brahmakumaris.com/soul-sustenance/ss-hindi/achche-swasthya-ke-liye-jaruri-shudhdh-khan-paan-aur-hawa-bhag-2/,Next.js (Modern),200
https://www.brahmakumaris.com/soul-sustenance/ss-hindi/raksha-bandhan-ka-parv-aur-iski-aadhytmik-sundarta/,Next.js (Modern),200
https://www.brahmakumaris.com/soul-sustenance/give-blessings-receive-blessings/,Next.js (Modern),200
https://www.brahmakumaris.com/soul-sustenance/ss-hindi/jo-eternal-aur-permanent-hei-uska-dhyan-rakhein/,Next.js (Modern),200
https://www.brahmakumaris.com/blog/spirituality/the-power-of-purity/,WordPress (Legacy),200
https://www.brahmakumaris.com/soul-sustenance/overcoming-worry-by-changing-your-beliefs-part-2/,Next.js (Modern),200
https://www.brahmakumaris.com/web-stories/,WordPress (Legacy),200
https://www.brahmakumaris.com/soul-sustenance/cooking-and-eating-with-a-spiritual-vibration-part-3/,Next.js (Modern),200
https://www.brahmakumaris.com/soul-sustenance/ss-hindi/apni-asfaltaaon-ko-sakaratmak-aur-shaktishali-dhang-se-accept-karein/,Next.js (Modern),200
https://www.brahmakumaris.com/soul-sustenance/ss-hindi/aaiye-vishv-ko-apni-duaaon-blessing-se-heal-karein-bhag-3/,Next.js (Modern),200
https://www.brahmakumaris.com/soul-sustenance/5-benefits-of-experiencing-god-with-us-part-1/,Next.js (Modern),200
https://www.brahmakumaris.com/soul-sustenance/ss-hindi/holi-ka-aadhyatmik-arth-1/,Next.js (Modern),200
https://www.brahmakumaris.com/soul-sustenance/ss-hindi/swayn-khushiyon-ka-anubhav-karein-aur-dusron-ko-karaein-bhag-3/,Next.js (Modern),200
https://www.brahmakumaris.com/soul-sustenance/the-divinity-and-spirituality-of-ganesh-chaturthi-part-2/,Next.js (Modern),200
https://www.brahmakumaris.com/soul-sustenance/5-tips-for-dealing-with-death-of-a-loved-one/,Next.js (Modern),200
https://www.brahmakumaris.com/soul-sustenance/rising-above-limits-and-mental-barriers-part-3/,Next.js (Modern),200
https://www.brahmakumaris.com/soul-sustenance/ss-hindi/har-kadam-par-drudhnischayi-aur-sakaratmak-bane-rahein-bhag-1/,Next.js (Modern),200
https://www.brahmakumaris.com/soul-sustenance/creating-the-destiny-of-your-choice-part-1/,Next.js (Modern),200
https://www.brahmakumaris.com/soul-sustenance/the-7-days-course-of-the-brahma-kumaris-part-1/,Next.js (Modern),200
https://www.brahmakumaris.com/soul-sustenance/choosing-assertiveness-over-arrogance/,Next.js (Modern),200
https://www.brahmakumaris.com/rajyogteachers/dadisantri/,WordPress (Legacy),200
https://www.brahmakumaris.com/soul-sustenance/steps-for-overcoming-job-insecurity/,Next.js (Modern),200
https://www.brahmakumaris.com/soul-sustenance/creating-an-india-of-gods-vision-part-2/,Next.js (Modern),200
https://www.brahmakumaris.com/soul-sustenance/ss-hindi/ganesh-chaturthi-ka-aadhyatamik-mahatav-bhag-2/,Next.js (Modern),200
https://www.brahmakumaris.com/soul-sustenance/ss-hindi/9th-mar-2023-ssh/,Next.js (Modern),200
https://www.brahmakumaris.com/soul-sustenance/ss-hindi/rishton-mei-thought-energy-ka-mahatav-bhag-2/,Next.js (Modern),200
https://www.brahmakumaris.com/soul-sustenance/ss-hindi/pyaar-ko-ummedon-ki-paribhasha-na-banaein-2/,Next.js (Modern),200
https://www.brahmakumaris.com/soul-sustenance/ss-hindi/aatm-samman-aur-adhyatmik-drishtikon/,Next.js (Modern),200
https://www.brahmakumaris.com/soul-sustenance/becoming-free-from-the-desire-for-praise-part-3/,Next.js (Modern),200
https://www.brahmakumaris.com/soul-sustenance/gratitude-for-people-who-werent-right-to-us/,Next.js (Modern),200
https://www.brahmakumaris.com/soul-sustenance/ss-hindi/khushiyon-ko-sahi-tarike-se-jiyen-bhag-2/,Next.js (Modern),200
https://www.brahmakumaris.com/blog/god-b/the-incredible-power-of-divine-love/,WordPress (Legacy),200
https://www.brahmakumaris.com/soul-sustenance/ss-hindi/apne-mul-swabhav-shanti-aur-prem-ka-anubhav-karein-bhag-1/,Next.js (Modern),200
https://www.brahmakumaris.com/soul-sustenance/experience-your-divinity-by-connecting-with-god-part-2/,Next.js (Modern),200
https://www.brahmakumaris.com/soul-sustenance/create-a-sacred-space-at-home-for-inner-peace-and-bliss/,Next.js (Modern),200
https://www.brahmakumaris.com/soul-sustenance/ss-hindi/mansik-dabav-aur-tanaav-par-kaabu-kaise-paayein-bhag-3/,Next.js (Modern),200
https://www.brahmakumaris.com/soul-sustenance/how-to-resolve-conflicts-in-relationships-part-2/,Next.js (Modern),200
https://www.brahmakumaris.com/soul-sustenance/ss-hindi/20th-jun-2023-ssh/,Next.js (Modern),200
https://www.brahmakumaris.com/soul-sustenance/ss-hindi/9th-jul-2023-ssh/,Next.js (Modern),200
https://www.brahmakumaris.com/soul-sustenance/ss-hindi/antarman-ke-ravan-ko-jalakar-svatantrata-ka-anubhav-karna-bhag-2/,Next.js (Modern),200
https://www.brahmakumaris.com/soul-sustenance/realizing-and-experiencing-the-i-inside-part-3/,Next.js (Modern),200
https://www.brahmakumaris.com/soul-sustenance/crossing-negative-situations-with-spiritual-power-part-1/,Next.js (Modern),200
https://www.brahmakumaris.com/blog/bkshivani/self-love/affirmations-to-cleanse-wrong-karmas/,WordPress (Legacy),200
https://www.brahmakumaris.com/soul-sustenance/25th-oct-soul-sustenance/,Next.js (Modern),200
https://www.brahmakumaris.com/soul-sustenance/ss-hindi/nirnay-lene-ki-kshamata/,Next.js (Modern),200
https://www.brahmakumaris.com/soul-sustenance/ss-hindi/bachchon-ke-sath-samay-na-bita-pane-ki-glani/,Next.js (Modern),200
https://www.brahmakumaris.com/hi/,WordPress (Legacy),200
https://www.brahmakumaris.com/kalp-taruh/festival/,WordPress (Legacy),200
https://www.brahmakumaris.com/soul-sustenance/during-conflicts-talk-to-people-dont-talk-about-them/,Next.js (Modern),200
https://www.brahmakumaris.com/soul-sustenance/the-three-mirrors-for-inner-beauty-part-3/,Next.js (Modern),200
https://www.brahmakumaris.com/soul-sustenance/ss-hindi/sahi-karm-ka-chunav-karien-bhag-1/,Next.js (Modern),200
https://www.brahmakumaris.com/soul-sustenance/5-new-year-promises-to-make-to-yourself/,Next.js (Modern),200
https://www.brahmakumaris.com/soul-sustenance/12th-mar-2023-ss/,Next.js (Modern),200
https://www.brahmakumaris.com/blog/bkshivani/self-love/visualization-to-heal-any-emotional-pain/,WordPress (Legacy),200
https://www.brahmakumaris.com/blog/self-development/the-journey-of-joyful-parenting/,WordPress (Legacy),200
https://www.brahmakumaris.com/soul-sustenance/ss-hindi/logon-se-kaise-emotionally-independent-rahein/,Next.js (Modern),200
https://www.brahmakumaris.com/soul-sustenance/ss-hindi/niswarth-prem-sundar-sambandhon-ki-chabhi-hei-bhag-1/,Next.js (Modern),200
https://www.brahmakumaris.com/category/blog/bkshivani/power/,WordPress (Legacy),200
https://www.brahmakumaris.com/soul-sustenance/ss-hindi/25th-mar-2023-ssh/,Next.js (Modern),200
https://www.brahmakumaris.com/soul-sustenance/ss-hindi/rishton-mein-sangharsh-ko-kaise-suljhayein-bhag-2/,Next.js (Modern),200
https://www.brahmakumaris.com/soul-sustenance/11th-jun-soul-sustenance/,Next.js (Modern),200
https://www.brahmakumaris.com/soul-sustenance/1st-jul-2023-ss/,Next.js (Modern),200
https://www.brahmakumaris.com/soul-sustenance/the-time-is-now/,Next.js (Modern),200
https://www.brahmakumaris.com/raipur/shanti-sarovar/glimpses-shanti-sarovar/,WordPress (Legacy),200
https://www.brahmakumaris.com/soul-sustenance/01st-oct-soul-sustenance/,Next.js (Modern),200
https://www.brahmakumaris.com/soul-sustenance/ss-hindi/kisi-bhi-kaarya-ki-shuruaat-se-pahle-silence-power-ka-upyog-karein/,Next.js (Modern),200
https://www.brahmakumaris.com/soul-sustenance/ss-hindi/achche-swasthya-ke-liye-jaruri-shudhdh-khan-paan-aur-hawa-bhag-1/,Next.js (Modern),200
https://www.brahmakumaris.com/soul-sustenance/the-7-days-course-of-the-brahma-kumaris-part-2/,Next.js (Modern),200
https://www.brahmakumaris.com/soul-sustenance/dont-label-yourself-negatively/,Next.js (Modern),200
https://www.brahmakumaris.com/blog/spirituality/the-art-of-dying/,WordPress (Legacy),200
https://www.brahmakumaris.com/brahma-baba/,WordPress (Legacy),200
https://www.brahmakumaris.com/soul-sustenance/ss-hindi/traffic-jam-road-par-ya-hamare-man-mei/,Next.js (Modern),200
https://www.brahmakumaris.com/anubhavgatha/bk-ramesh-bhaiji/,WordPress (Legacy),200
https://www.brahmakumaris.com/soul-sustenance/10th-apr-2023-ss/,Next.js (Modern),200
https://www.brahmakumaris.com/blog/specialdays/from-shadows-to-light-womens-journey-in-brahma-kumaris/,Next.js (Modern),200
https://www.brahmakumaris.com/soul-sustenance/5-ways-of-making-your-office-environment-spiritual/,Next.js (Modern),200
https://www.brahmakumaris.com/soul-sustenance/checking-the-different-filters-in-your-life/,Next.js (Modern),200
https://www.brahmakumaris.com/soul-sustenance/16th-oct-soul-sustenance/,Next.js (Modern),200
https://www.brahmakumaris.com/soul-sustenance/ss-hindi/15th-mar-2023-ssh/,Next.js (Modern),200
https://www.brahmakumaris.com/bkapps/,WordPress (Legacy),200
https://www.brahmakumaris.com/soul-sustenance/how-to-bless-people-and-situations/,Next.js (Modern),200
https://www.brahmakumaris.com/soul-sustenance/23rd-may-2023-ss/,Next.js (Modern),200
https://www.brahmakumaris.com/soul-sustenance/ss-hindi/parmatma-kaise-is-vishva-ko-pure-banate-hain-bhag-1/,Next.js (Modern),200
https://www.brahmakumaris.com/anubhavgatha/%e0%a4%a6%e0%a4%be%e0%a4%a6%e0%a5%80-%e0%a4%b6%e0%a5%80%e0%a4%b2%e0%a4%87%e0%a4%a8%e0%a5%8d%e0%a4%a6%e0%a5%8d%e0%a4%b0%e0%a4%be-%e0%a4%85%e0%a4%a8%e0%a5%81%e0%a4%ad%e0%a4%b5%e0%a4%97%e0%a4%be/,WordPress (Legacy),200
https://www.brahmakumaris.com/soul-sustenance/when-to-tolerate-and-when-to-face/,Next.js (Modern),200
https://www.brahmakumaris.com/soul-sustenance/do-love-and-pain-go-hand-in-hand-part-3/,Next.js (Modern),200
https://www.brahmakumaris.com/blog/specialdays/sahaj-rajyoga-sarvangin-swasthya-pane-ka-marg/,WordPress (Legacy),200
https://www.brahmakumaris.com/soul-sustenance/collect-your-treasure-of-blessings-everyday/,Next.js (Modern),200
https://www.brahmakumaris.com/blog/bkshivani/relationships-bs/untouched-by-peer-pressure-do-only-what-is-right/,WordPress (Legacy),200
https://www.brahmakumaris.com/soul-sustenance/beauty-in-character-part-2/,Next.js (Modern),200
https://www.brahmakumaris.com/soul-sustenance/law-of-attraction-we-get-what-we-are/,Next.js (Modern),200
https://www.brahmakumaris.com/soul-sustenance/ss-hindi/kaary-aur-jeevan-ke-beech-santulan-banaye-rakhein-2/,Next.js (Modern),200
https://www.brahmakumaris.com/soul-sustenance/ss-hindi/mansik-thakavat-se-bachne-ke-5-sujhav-bhag-1/,Next.js (Modern),200
https://www.brahmakumaris.com/anubhavgatha/sister-elizabath-ki-adhyatmik-yatra/,WordPress (Legacy),200
https://www.brahmakumaris.com/blog/bkshivani/relationships-bs/art-of-recognising-people-dont-get-cheated-by-them/,WordPress (Legacy),200
https://www.brahmakumaris.com/soul-sustenance/ss-hindi/sambandhon-ko-sundar-banaein-ahankar-ko-tyaagein-bhag-3/,Next.js (Modern),200
https://www.brahmakumaris.com/soul-sustenance/lighting-a-single-diya-of-my-own-spiritual-awareness-part-1/,Next.js (Modern),200
https://www.brahmakumaris.com/soul-sustenance/ss-hindi/15th-apr-2023-ssh/,Next.js (Modern),200
https://www.brahmakumaris.com/ktfestival/our-earth-our-responsibility-archana-k/,WordPress (Legacy),200
https://www.brahmakumaris.com/soul-sustenance/ss-hindi/kya-hame-bhavuk-hona-chahiye-ya-nahi-bhag-2/,Next.js (Modern),200
https://www.brahmakumaris.com/soul-sustenance/5-benefits-of-making-god-our-best-friend/,Next.js (Modern),200
https://www.brahmakumaris.com/soul-sustenance/ss-hindi/apni-sakaratmakta-ki-dhaal-ko-majboot-banaye/,Next.js (Modern),200
https://www.brahmakumaris.com/soul-sustenance/lets-unite-with-god-in-his-task/,Next.js (Modern),200
https://www.brahmakumaris.com/soul-sustenance/is-life-a-competition-for-you/,Next.js (Modern),200
https://www.brahmakumaris.com/soul-sustenance/ss-hindi/brahmakumaris-ka-7-divasiya-course-bhag-5/,Next.js (Modern),200
https://www.brahmakumaris.com/soul-sustenance/ss-hindi/adhyatmik-samuhon-mei-pragati-ka-anubhav-karna-bhag-2/,Next.js (Modern),200
https://www.brahmakumaris.com/soul-sustenance/ss-hindi/jeevan-mein-safalta-paane-ke-liye-swayein-ko-motivate-karein-bhag-3/,Next.js (Modern),200
https://www.brahmakumaris.com/blog/rajyog-meditation/the-easy-way-of-rajyoga-meditation/,WordPress (Legacy),200
https://www.brahmakumaris.com/soul-sustenance/ss-hindi/parmatma-ko-dein-5-uphaar/,Next.js (Modern),200
https://www.brahmakumaris.com/soul-sustenance/ss-hindi/man-ko-control-karna-bhag-2/,Next.js (Modern),200
https://www.brahmakumaris.com/category/blog/spirituality/,WordPress (Legacy),200
https://www.brahmakumaris.com/soul-sustenance/ss-hindi/28th-aug-2023-ssh/,Next.js (Modern),200
https://www.brahmakumaris.com/soul-sustenance/overcoming-self-doubt-and-insecurities/,Next.js (Modern),200
https://www.brahmakumaris.com/blog/self-development/ethics-for-powerful-and-sustainable-administration/,WordPress (Legacy),200
https://www.brahmakumaris.com/blog/festivals/diwali/diwali-through-a-new-lens-from-rituals-to-realizations/,WordPress (Legacy),200
https://www.brahmakumaris.com/soul-sustenance/ss-hindi/14th-feb-2023-sse/,Next.js (Modern),200
https://www.brahmakumaris.com/anubhavgatha/dada-anand-kishore/,WordPress (Legacy),200
https://www.brahmakumaris.com/soul-sustenance/a-message-from-god-on-maha-shivratri-part-3/,Next.js (Modern),200
https://www.brahmakumaris.com/headquarters/shantivan/,WordPress (Legacy),200
https://www.brahmakumaris.com/soul-sustenance/ss-hindi/adhyatmik-vibration-ke-sath-bhojan-banaein-aur-khaaein-bhag-3/,Next.js (Modern),200
https://www.brahmakumaris.com/soul-sustenance/contentment-imbibe-and-radiate/,Next.js (Modern),200
https://www.brahmakumaris.com/soul-sustenance/ss-hindi/jeevan-mein-safalta-paane-ke-liye-swayein-ko-motivate-karein-bhag-2/,Next.js (Modern),200
https://www.brahmakumaris.com/soul-sustenance/ss-hindi/raksha-bandhan-ka-adhyatmik-mahatav/,Next.js (Modern),200
https://www.brahmakumaris.com/blog/hindi-blog/vishwa-paryavaran-divas-2025-aadhyatmik-chintan/,WordPress (Legacy),200
https://www.brahmakumaris.com/soul-sustenance/ss-hindi/safalta-ki-raah-par-8-kadam-bhag2/,Next.js (Modern),200
https://www.brahmakumaris.com/soul-sustenance/ss-hindi/positive-information-se-positive-bhagya-banaein-bhag-1/,Next.js (Modern),200
https://www.brahmakumaris.com/soul-sustenance/transforming-our-dreams-into-reality-part-2/,Next.js (Modern),200
https://www.brahmakumaris.com/soul-sustenance/ss-hindi/prabal-vishwas-dwara-badhaon-par-vijay-prapt-karna-bhag-3/,Next.js (Modern),200
https://www.brahmakumaris.com/soul-sustenance/ss-hindi/apne-rishton-ko-khoobsurat-banane-ke-5-tarike-bhag-2/,Next.js (Modern),200
https://www.brahmakumaris.com/blog/hindi-blog/shivratri-a-time-of-gods-birth/,WordPress (Legacy),200
https://www.brahmakumaris.com/soul-sustenance/10th-oct-soul-sustenance/,Next.js (Modern),200
https://www.brahmakumaris.com/soul-sustenance/ss-hindi/bhulne-ki-aadat-ko-kaise-overcome-karein/,Next.js (Modern),200
https://www.brahmakumaris.com/soul-sustenance/10-new-beliefs-for-positive-living-part-1/,Next.js (Modern),200
https://www.brahmakumaris.com/soul-sustenance/ss-hindi/ateet-ko-bhulne-ki-7-takniken-bhag-1/,Next.js (Modern),200
https://www.brahmakumaris.com/soul-sustenance/ss-hindi/adhyatmik-vibration-ke-sath-bhojan-banaein-aur-khaaein-bhag-2/,Next.js (Modern),200
https://www.brahmakumaris.com/soul-sustenance/are-we-emotionally-free-in-the-modern-world-part-1/,Next.js (Modern),200
https://www.brahmakumaris.com/soul-sustenance/going-beyond-negative-influences-on-thoughts-part-1/,Next.js (Modern),200
https://www.brahmakumaris.com/soul-sustenance/15th-oct-soul-sustenance/,Next.js (Modern),200
https://www.brahmakumaris.com/soul-sustenance/you-have-more-time-than-you-need/,Next.js (Modern),200
https://www.brahmakumaris.com/blog/bkshivani/power/power-to-face-toughest-situations-of-life/,WordPress (Legacy),200
https://www.brahmakumaris.com/soul-sustenance/13th-may-2023-ss/,Next.js (Modern),200
https://www.brahmakumaris.com/soul-sustenance/creating-a-perfect-personality-for-success-part-3/,Next.js (Modern),200
https://www.brahmakumaris.com/soul-sustenance/18th-apr-2023-ss/,Next.js (Modern),200
https://www.brahmakumaris.com/soul-sustenance/9th-mar-2023-ss/,Next.js (Modern),200
https://www.brahmakumaris.com/soul-sustenance/ss-hindi/man-ko-control-karna-bhag-3/,Next.js (Modern),200
https://www.brahmakumaris.com/soul-sustenance/achieving-healthy-work-life-balance/,Next.js (Modern),200
https://www.brahmakumaris.com/soul-sustenance/ss-hindi/logon-se-milte-hue-yaad-rakhein-ki-ve-pavitra-hein/,Next.js (Modern),200
https://www.brahmakumaris.com/soul-sustenance/ss-hindi/13th-aug-2023-ssh/,Next.js (Modern),200
https://www.brahmakumaris.com/soul-sustenance/ss-hindi/2nd-aug-2023-ssh/,Next.js (Modern),200
https://www.brahmakumaris.com/blog/self-development/ethical-leadership/,WordPress (Legacy),200
https://www.brahmakumaris.com/soul-sustenance/ss-hindi/jab-hum-badlenge-tab-dusre-log-bhi-badlenge-bhag-1/,Next.js (Modern),200
https://www.brahmakumaris.com/soul-sustenance/ss-hindi/inner-aur-outer-safalta-create-karein/,Next.js (Modern),200
https://www.brahmakumaris.com/soul-sustenance/ss-hindi/8th-mar-2023-ssh/,Next.js (Modern),200
https://www.brahmakumaris.com/rajyogteachers/dadi-sheelindra/,WordPress (Legacy),200
https://www.brahmakumaris.com/soul-sustenance/ss-hindi/man-ko-control-karna-bhag-1/,Next.js (Modern),200
https://www.brahmakumaris.com/digital-wellness/testimonial-dw/,Unreachable / Error,Failed
https://www.brahmakumaris.com/soul-sustenance/ss-hindi/shaanti-ke-gun-ko-pahchanna-aur-anubhav-karna-bhag-3/,Next.js (Modern),200
https://www.brahmakumaris.com/blog/brahma-baba-articles/jagdish-chandra-and-brahma-baba/,WordPress (Legacy),200
https://www.brahmakumaris.com/gitaresearch/,WordPress (Legacy),200
https://www.brahmakumaris.com/blog/festivals/navratri/maa-kali-power-to-face/,WordPress (Legacy),200
https://www.brahmakumaris.com/soul-sustenance/motivating-yourself-to-succeed-in-life-part-2/,Next.js (Modern),200
https://www.brahmakumaris.com/soul-sustenance/ss-hindi/nakaratmak-vicharon-ko-aadhyatmik-shakti-se-badalna-bhag-3/,Next.js (Modern),200
https://www.brahmakumaris.com/diwali/,WordPress (Legacy),200
https://www.brahmakumaris.com/soul-sustenance/ss-hindi/sakaratmak-jeevan-jeene-ke-liye-10-nai-manytaaein-belief-bhag-1/,Next.js (Modern),200
https://www.brahmakumaris.com/soul-sustenance/ss-hindi/kya-prem-aur-dard-sath-sath-chalte-hein-bhag-2/,Next.js (Modern),200
https://www.brahmakumaris.com/soul-sustenance/positive-thought-based-living-part-2/,Next.js (Modern),200
https://www.brahmakumaris.com/soul-sustenance/the-5-qualifications-of-deities-or-devi-devtas/,Next.js (Modern),200
https://www.brahmakumaris.com/soul-sustenance/ss-hindi/lat-se-chutkara-pane-ke-5-tarike/,Next.js (Modern),200
https://www.brahmakumaris.com/soul-sustenance/suppressing-anger-dont-even-create-it/,Next.js (Modern),200
https://www.brahmakumaris.com/lost-password/,WordPress (Legacy),200
https://www.brahmakumaris.com/anubhavgatha/bk-brijmohan-bhaiji/,WordPress (Legacy),200
https://www.brahmakumaris.com/category/blog/food-b/,WordPress (Legacy),200
https://www.brahmakumaris.com/storytime/virtues/the-power-of-silence-storytime/,WordPress (Legacy),200
https://www.brahmakumaris.com/?p=74214,WordPress (Legacy),404
https://www.brahmakumaris.com/anubhavgatha/bk-purnima-didi/,WordPress (Legacy),200
https://www.brahmakumaris.com/soul-sustenance/5-keys-to-constant-happiness/,Next.js (Modern),200
https://www.brahmakumaris.com/soul-sustenance/ss-hindi/negative-energy-ke-exchange-ko-kaise-break-karein-bhag-3/,Next.js (Modern),200
https://www.brahmakumaris.com/soul-sustenance/ss-hindi/kya-social-media-par-like-karna-mayne-rakhta-hei-2/,Next.js (Modern),200
https://www.brahmakumaris.com/soul-sustenance/ss-hindi/29th-apr-2023-ssh/,Next.js (Modern),200
https://www.brahmakumaris.com/soul-sustenance/realizing-the-soul-and-how-it-works-part-3/,Next.js (Modern),200
https://www.brahmakumaris.com/soul-sustenance/ss-hindi/apni-asfaltaaon-ko-sakaratmak-aur-shaktishali-dhang-se-accept-karein-2/,Next.js (Modern),200
https://www.brahmakumaris.com/soul-sustenance/ss-hindi/kam-khayein-dheere-khayein-2/,Next.js (Modern),200
https://www.brahmakumaris.com/soul-sustenance/improving-the-quality-of-energy-exchanges-with-others-part-1/,Next.js (Modern),200
https://www.brahmakumaris.com/soul-sustenance/creating-a-positive-destiny-with-positive-information-part-1/,Next.js (Modern),200
https://www.brahmakumaris.com/soul-sustenance/ss-hindi/11th-jun-2023-ssh/,Next.js (Modern),200
https://www.brahmakumaris.com/soul-sustenance/include-these-5-points-of-self-respect-in-your-life-part-2/,Next.js (Modern),200
https://www.brahmakumaris.com/soul-sustenance/think-of-other-people-only-when-necessary/,Next.js (Modern),200
https://www.brahmakumaris.com/soul-sustenance/ss-hindi/swayn-khushiyon-ka-anubhav-karein-aur-dusron-ko-karaein-bhag-1/,Next.js (Modern),200
https://www.brahmakumaris.com/blog/rajyog-meditation/chapter-4-do-you-know-your-real-self/,WordPress (Legacy),200
https://www.brahmakumaris.com/soul-sustenance/ss-hindi/mood-swing-se-bachein/,Next.js (Modern),200
https://www.brahmakumaris.com/soul-sustenance/ss-hindi/apne-man-ke-canvas-par-kshma-karne-ke-rang-bharein-bhag-3/,Next.js (Modern),200
https://www.brahmakumaris.com/soul-sustenance/ss-hindi/26th-jul-2023-ssh/,Next.js (Modern),200
https://www.brahmakumaris.com/soul-sustenance/7th-aug-2023-ss/,Next.js (Modern),200
https://www.brahmakumaris.com/anubhavgatha/brahma-kumari-sister-halina-spiritual-journey/,WordPress (Legacy),200
https://www.brahmakumaris.com/soul-sustenance/ss-hindi/11th-aug-2023-ssh/,Next.js (Modern),200
https://www.brahmakumaris.com/soul-sustenance/positive-thinking-and-visualization/,Next.js (Modern),200
https://www.brahmakumaris.com/blog/festivals/raksha-bandhan/beautiful-relation-raksha-bandhan/,WordPress (Legacy),200
https://www.brahmakumaris.com/soul-sustenance/28th-may-2023-ss/,Next.js (Modern),200
https://www.brahmakumaris.com/soul-sustenance/11th-oct-soul-sustenance/,Next.js (Modern),200
https://www.brahmakumaris.com/soul-sustenance/how-does-the-law-of-karma-work/,Next.js (Modern),200
https://www.brahmakumaris.com/anubhavgatha/bk-chandrika-didi/,WordPress (Legacy),200
https://www.brahmakumaris.com/soul-sustenance/the-divine-meaning-of-dussehra-part-2/,Next.js (Modern),200
https://www.brahmakumaris.com/soul-sustenance/ss-hindi/vishva-natak-antim-padav-par/,Next.js (Modern),200
https://www.brahmakumaris.com/soul-sustenance/ss-hindi/vaibreshan-shabdon-se-jyada-gahra-prabhav-dalte-hein/,Next.js (Modern),200
https://www.brahmakumaris.com/soul-sustenance/ss-hindi/rishton-mein-sangharsh-ko-kaise-suljhayein-bhag-1/,Next.js (Modern),200
https://www.brahmakumaris.com/soul-sustenance/ss-hindi/apne-rishton-mein-dene-wale-banein/,Next.js (Modern),200
https://www.brahmakumaris.com/soul-sustenance/is-worrying-for-others-caring-for-them-part-2/,Next.js (Modern),200
https://www.brahmakumaris.com/soul-sustenance/should-we-be-emotional-or-not-part-2/,Next.js (Modern),200
https://www.brahmakumaris.com/pmpark/,WordPress (Legacy),200
https://www.brahmakumaris.com/soul-sustenance/ss-hindi/parmatma-ke-sath-vishwas-bhara-rishta/,Next.js (Modern),200
https://www.brahmakumaris.com/soul-sustenance/31st-mar-2023-ss/,Next.js (Modern),200
https://www.brahmakumaris.com/soul-sustenance/ss-hindi/kya-prem-aur-dard-sath-sath-chalte-hein-bhag-1/,Next.js (Modern),200
https://www.brahmakumaris.com/soul-sustenance/ss-hindi/bharpurta-ka-drushtikon/,Next.js (Modern),200
https://www.brahmakumaris.com/soul-sustenance/29th-jan-2023-ss/,Next.js (Modern),200
https://www.brahmakumaris.com/blog/environment/vishwa-vanyajeev-diwas-prakruti-ki-saath-hamar-gahre-sambandh-ki-aadhyatmik-anubhuti/,WordPress (Legacy),200
https://www.brahmakumaris.com/soul-sustenance/how-to-keep-a-daily-chart-for-spiritual-progress/,Next.js (Modern),200
https://www.brahmakumaris.com/soul-sustenance/ss-hindi/jeevan-mein-jaldbaazi-na-karein-dheere-chalein/,Next.js (Modern),200
https://www.brahmakumaris.com/storytime/power-st/the-resilient-banyan-storytime/,WordPress (Legacy),200
https://www.brahmakumaris.com/soul-sustenance/13th-apr-2023-ss/,Next.js (Modern),200
https://www.brahmakumaris.com/soul-sustenance/when-we-change-others-change-part-1/,Next.js (Modern),200
https://www.brahmakumaris.com/soul-sustenance/a-message-from-god-on-maha-shivratri-part-1/,Next.js (Modern),200
https://www.brahmakumaris.com/soul-sustenance/avoid-making-excuses-in-different-scenes-of-life/,Next.js (Modern),200
https://www.brahmakumaris.com/soul-sustenance/ss-hindi/har-din-swayn-ko-aur-adhik-creative-banaein/,Next.js (Modern),200
https://www.brahmakumaris.com/web-stories/6-meditation-misconceptions-discovering-rajyoga/,WordPress (Legacy),200
https://www.brahmakumaris.com/raipur/shanti-sarovar/,WordPress (Legacy),200
https://www.brahmakumaris.com/blog/bkshivani/sleep/3-simple-steps-for-better-sleep-and-mornings/,WordPress (Legacy),200
https://www.brahmakumaris.com/anubhavgatha/dadi-kamalsundari-ji/,WordPress (Legacy),200
https://www.brahmakumaris.com/soul-sustenance/ss-hindi/apni-limits-simaaon-aur-mental-barrier-se-upar-uthein-bhag-2/,Next.js (Modern),200
https://www.brahmakumaris.com/soul-sustenance/spiritual-steps-to-protect-the-world-from-cancer/,Next.js (Modern),200
https://www.brahmakumaris.com/soul-sustenance/26th-may-soul-sustenance/,Next.js (Modern),200
https://www.brahmakumaris.com/soul-sustenance/lets-be-human-beings-not-human-doings-part-3/,Next.js (Modern),200
https://www.brahmakumaris.com/anubhavgatha/dadi-gange-ji/,WordPress (Legacy),200
https://www.brahmakumaris.com/soul-sustenance/13th-jun-2023-ss/,Next.js (Modern),200
https://www.brahmakumaris.com/soul-sustenance/ss-hindi/14th-mar-2023-ssh/,Next.js (Modern),200
https://www.brahmakumaris.com/soul-sustenance/ss-hindi/4th-aug-2023-ssh/,Next.js (Modern),200
https://www.brahmakumaris.com/soul-sustenance/ss-hindi/aaiye-insaan-banein-insani-machine-nahin-bhag-2/,Next.js (Modern),200
https://www.brahmakumaris.com/soul-sustenance/ss-hindi/hamare-vibrations-ki-quality-aur-dusron-par-unka-prabhav/,Next.js (Modern),200
https://www.brahmakumaris.com/mahashivratri/mahashivratri-songs/,Next.js (Modern),200
https://www.brahmakumaris.com/soul-sustenance/ss-hindi/18th-may-2023-ssh/,Next.js (Modern),200
https://www.brahmakumaris.com/soul-sustenance/the-7-days-course-of-the-brahma-kumaris-part-5/,Next.js (Modern),200
https://www.brahmakumaris.com/soul-sustenance/the-mind-in-control-part-3/,Next.js (Modern),200
https://www.brahmakumaris.com/soul-sustenance/experience-your-inner-powers-this-navratri/,Next.js (Modern),200
https://www.brahmakumaris.com/soul-sustenance/be-humble-and-give-regard-to-everyone/,Next.js (Modern),200
https://www.brahmakumaris.com/blog/bkshivani/happiness/what-really-defines-success/,WordPress (Legacy),200
https://www.brahmakumaris.com/blog/brahma-baba-articles/recognizing-god-through-brahma-baba/,WordPress (Legacy),200
https://www.brahmakumaris.com/soul-sustenance/1st-may-2023-ss/,Next.js (Modern),200
https://www.brahmakumaris.com/soul-sustenance/5-spiritual-powers-for-accepting-change-easily-part-1/,Next.js (Modern),200
https://www.brahmakumaris.com/soul-sustenance/ss-hindi/subah-ke-samay-ki-qwality-ko-check-karein/,Next.js (Modern),200
https://www.brahmakumaris.com/blog/specialdays/god-our-supreme-teacher-celebrate-teachers-day/,WordPress (Legacy),200
https://www.brahmakumaris.com/soul-sustenance/becoming-free-from-the-desire-for-revenge/,Next.js (Modern),200
https://www.brahmakumaris.com/category/blog/rajyog-meditation/,WordPress (Legacy),200
https://www.brahmakumaris.com/blog/rajyog-meditation/rajyoga-remembering-who-i-truly-am-and-who-i-belong-to/,WordPress (Legacy),200
https://www.brahmakumaris.com/soul-sustenance/5th-jun-2023-ss/,Next.js (Modern),200
https://www.brahmakumaris.com/literature/,WordPress (Legacy),200
https://www.brahmakumaris.com/soul-sustenance/ss-hindi/30th-mar-2023-ssh/,Next.js (Modern),200
https://www.brahmakumaris.com/soul-sustenance/20th-aug-2023-ss/,Next.js (Modern),200
https://www.brahmakumaris.com/soul-sustenance/8th-mar-2023-ss/,Next.js (Modern),200
https://www.brahmakumaris.com/soul-sustenance/creating-an-india-of-gods-vision-part-1/,Next.js (Modern),200
https://www.brahmakumaris.com/soul-sustenance/ss-hindi/parmatma-ki-khoobsurati-ko-samjhein-aur-anubhav-karein/,Next.js (Modern),200
https://www.brahmakumaris.com/soul-sustenance/ss-hindi/daily-life-mein-time-management-bhag-2/,Next.js (Modern),200
https://www.brahmakumaris.com/soul-sustenance/ss-hindi/samay-ke-sath-shantipurn-rehna-1/,Next.js (Modern),200
https://www.brahmakumaris.com/soul-sustenance/ss-hindi/iss-diwali-divyata-ka-deep-jalaein-bhag-2/,Next.js (Modern),200
https://www.brahmakumaris.com/soul-sustenance/master-the-art-of-self-control/,Next.js (Modern),200
https://www.brahmakumaris.com/soul-sustenance/rising-above-physical-illnesses/,Next.js (Modern),200
https://www.brahmakumaris.com/soul-sustenance/going-beyond-negative-influences-on-thoughts-part-2/,Next.js (Modern),200
https://www.brahmakumaris.com/soul-sustenance/ss-hindi/mahashivratri-par-parmatma-sandesh-part-4/,Next.js (Modern),200
https://www.brahmakumaris.com/soul-sustenance/stop-controlling-negatively-and-start-influencing-positively/,Next.js (Modern),200
https://www.brahmakumaris.com/soul-sustenance/3-incorrect-happiness-beliefs-and-the-truth-part-1/,Next.js (Modern),200
https://www.brahmakumaris.com/soul-sustenance/the-divine-meaning-of-dussehra-part-1/,Next.js (Modern),200
https://www.brahmakumaris.com/blog/festivals/shivratri/maha-shivratri-the-divine-awakening-of-the-soul/,WordPress (Legacy),200
https://www.brahmakumaris.com/idy/,WordPress (Legacy),200
https://www.brahmakumaris.com/anubhavgatha/bk-achal-didi-chandigarh/,WordPress (Legacy),200
https://www.brahmakumaris.com/soul-sustenance/overcome-any-addiction-with-thought-power/,Next.js (Modern),200
https://www.brahmakumaris.com/soul-sustenance/4th-jul-2023-ss/,Next.js (Modern),200
https://www.brahmakumaris.com/anubhavgatha/dadi-ratanmohini-ji/,WordPress (Legacy),200
https://www.brahmakumaris.com/soul-sustenance/28th-jul-2023-ss/,Next.js (Modern),200
https://www.brahmakumaris.com/anubhavgatha/bk-sister-erica-germany/,WordPress (Legacy),200
https://www.brahmakumaris.com/blog/brahma-baba-articles/ek-mein-magan/,WordPress (Legacy),200
https://www.brahmakumaris.com/anubhavgatha/dadi-allrounder-ji/,WordPress (Legacy),200
https://www.brahmakumaris.com/soul-sustenance/how-do-our-thoughts-create-our-destiny-part-1-2/,Next.js (Modern),200
https://www.brahmakumaris.com/anubhavgatha/dadi-hriday-pushpa/,WordPress (Legacy),200
https://www.brahmakumaris.com/soul-sustenance/ss-hindi/jo-aap-mante-hein-vahi-paate-hein/,Next.js (Modern),200
https://www.brahmakumaris.com/blog/free-from-fear/,WordPress (Legacy),200
https://www.brahmakumaris.com/soul-sustenance/ss-hindi/sochne-aur-mahsus-karne-ki-adrushya-shakti/,Next.js (Modern),200
https://www.brahmakumaris.com/soul-sustenance/ss-hindi/khushi-se-galati-manyataayein-part1/,Next.js (Modern),200
https://www.brahmakumaris.com/soul-sustenance/ss-hindi/khushiyon-ko-sahi-tarike-se-jiyen-bhag-1/,Next.js (Modern),200
https://www.brahmakumaris.com/soul-sustenance/ss-hindi/rishton-mei-thought-energy-ka-mahatav-bhag-1/,Next.js (Modern),200
https://www.brahmakumaris.com/digital-wellness/blogs-dw/,Next.js (Modern),200
https://www.brahmakumaris.com/soul-sustenance/its-the-final-moments-of-the-world-drama/,Next.js (Modern),200
https://www.brahmakumaris.com/soul-sustenance/ss-hindi/man-ke-liye-healthy-emoman-ke-liye-healthy-emotional-diet-bhag-1tional-diet-bhag-1/,Next.js (Modern),200
https://www.brahmakumaris.com/blog/festivals/raksha-bandhan-beyond-rituals-a-celebration-of-spiritual-wisdom/,WordPress (Legacy),200
https://www.brahmakumaris.com/blog/mamma-b/inspiration-for-all-brahmins-mamma/,WordPress (Legacy),200
https://www.brahmakumaris.com/soul-sustenance/make-yourself-more-creative-everyday/,Next.js (Modern),200
https://www.brahmakumaris.com/soul-sustenance/ss-hindi/khushi-se-sambandhit-3-galat-manytaayein-aur-sachchai-bhag-2-2/,Next.js (Modern),200
https://www.brahmakumaris.com/soul-sustenance/connecting-to-god-with-the-umbilical-cord-of-meditation-part-2/,Next.js (Modern),200
https://www.brahmakumaris.com/anubhavgatha/bk-santosh-didi-mumbai/,WordPress (Legacy),200
https://www.brahmakumaris.com/soul-sustenance/6th-may-2023-ss/,Next.js (Modern),200
https://www.brahmakumaris.com/soul-sustenance/ss-hindi/meditation-rupi-naal-dwara-parmatma-se-judein-bhag-1/,Next.js (Modern),200
https://www.brahmakumaris.com/soul-sustenance/going-back-to-your-original-quality-of-truth/,Next.js (Modern),200
https://www.brahmakumaris.com/storytime/power-st/the-night-i-finally-slept/,WordPress (Legacy),200
https://www.brahmakumaris.com/soul-sustenance/5-ways-to-experience-peace-in-a-busy-world/,Next.js (Modern),200
https://www.brahmakumaris.com/soul-sustenance/ss-hindi/andar-ke-mein-ka-ahsaas-aur-anubhav-bhag-3/,Next.js (Modern),200
https://www.brahmakumaris.com/soul-sustenance/3rd-may-2023-ss/,Next.js (Modern),200
https://www.brahmakumaris.com/web-stories/six-powerful-steps-to-heal-through-mindful-cooking/,WordPress (Legacy),200
https://www.brahmakumaris.com/soul-sustenance/ss-hindi/sweekaryata-aur-samajh-ke-sath-sahan-karein/,Next.js (Modern),200
https://www.brahmakumaris.com/soul-sustenance/relationships-are-built-by-thoughts/,Next.js (Modern),200
https://www.brahmakumaris.com/soul-sustenance/understanding-sri-ganesh-chaturthi-and-its-divinity-part-1/,Next.js (Modern),200
https://www.brahmakumaris.com/soul-sustenance/ss-hindi/nakaratmak-vicharon-ko-aadhyatmik-shakti-se-badalna-bhag-2/,Next.js (Modern),200
https://www.brahmakumaris.com/soul-sustenance/ss-hindi/sathai-khushi-ko-swabhav-mein-layein/,Next.js (Modern),200
https://www.brahmakumaris.com/soul-sustenance/3rd-aug-2023-ss/,Next.js (Modern),200
https://www.brahmakumaris.com/blog/hindi-blog/antarashtriya-shanti-divas-inner-peace/,WordPress (Legacy),200
https://www.brahmakumaris.com/soul-sustenance/creating-right-thoughts-when-taking-medicines/,Next.js (Modern),200
https://www.brahmakumaris.com/soul-sustenance/ss-hindi/achche-iraadon-ke-sath-achche-karm-karein/,Next.js (Modern),200
https://www.brahmakumaris.com/soul-sustenance/lets-heal-the-world-with-our-blessings-part-3/,Next.js (Modern),200
https://www.brahmakumaris.com/soul-sustenance/realizing-and-experiencing-the-virtue-of-peace-part-3/,Next.js (Modern),200
https://www.brahmakumaris.com/soul-sustenance/24th-may-2023-ss/,Next.js (Modern),200
https://www.brahmakumaris.com/soul-sustenance/have-we-won-gods-heart/,Next.js (Modern),200
https://www.brahmakumaris.com/soul-sustenance/transforming-negative-reactions-to-positive-responses/,Next.js (Modern),200
https://www.brahmakumaris.com/soul-sustenance/ss-hindi/antarman-ke-ravan-ko-jalakar-svatantrata-ka-anubhav-karna-bhag-1/,Next.js (Modern),200
https://www.brahmakumaris.com/soul-sustenance/writing-a-gratitude-diary/,Next.js (Modern),200
https://www.brahmakumaris.com/soul-sustenance/ss-hindi/parmatma-dwara-sikhaye-gaye-rajyog-se-apna-jeevan-sanvarein/,Next.js (Modern),200
https://www.brahmakumaris.com/soul-sustenance/experiencing-the-spiritual-beauty-of-christmas-part-3/,Next.js (Modern),200
https://www.brahmakumaris.com/soul-sustenance/23rd-mar-2023-ss/,Next.js (Modern),200
https://www.brahmakumaris.com/soul-sustenance/ss-hindi/adhyatmik-vibration-ke-sath-bhojan-banaein-aur-khaaein-bhag-1/,Next.js (Modern),200
https://www.brahmakumaris.com/soul-sustenance/ss-hindi/jeevan-ke-adrushya-support-system-bhag-1/,Next.js (Modern),200
https://www.brahmakumaris.com/category/blog/god-b/,WordPress (Legacy),200
https://www.brahmakumaris.com/soul-sustenance/ss-hindi/aapke-paas-aavshyakta-se-adhik-samay-hei/,Next.js (Modern),200
https://www.brahmakumaris.com/blog/hindi-blog/importance-of-water/,WordPress (Legacy),200
https://www.brahmakumaris.com/soul-sustenance/ss-hindi/aantarik-sundarta-inner-beauty-ke-teen-darpan-bhag-3/,Next.js (Modern),200
https://www.brahmakumaris.com/dadijanki/,WordPress (Legacy),200
https://www.brahmakumaris.com/soul-sustenance/love-others-without-any-expectations-and-conditions/,Next.js (Modern),200
https://www.brahmakumaris.com/soul-sustenance/ss-hindi/brahmakumaris-ka-7-divasiya-course-bhag-6/,Next.js (Modern),200
https://www.brahmakumaris.com/blog/specialdays/discover-the-mother-in-everything/,WordPress (Legacy),200
https://www.brahmakumaris.com/soul-sustenance/newness-at-every-step-part-3/,Next.js (Modern),200
https://www.brahmakumaris.com/soul-sustenance/ss-hindi/mansik-dabav-aur-tanaav-par-kaabu-kaise-paayein-bhag-2-2/,Next.js (Modern),200
https://www.brahmakumaris.com/soul-sustenance/creating-a-world-of-forgiveness-part-2/,Next.js (Modern),200
https://www.brahmakumaris.com/soul-sustenance/ss-hindi/gossip-aur-aalochanaon-se-bachein/,Next.js (Modern),200
https://www.brahmakumaris.com/soul-sustenance/bringing-loved-ones-moving-away-from-us-closer/,Next.js (Modern),200
https://www.brahmakumaris.com/soul-sustenance/ss-hindi/logon-ki-sachche-aur-udaar-man-se-prashansa-karna/,Next.js (Modern),200
https://www.brahmakumaris.com/blog/nashamukt-bharat/counseling-techniques/,Next.js (Modern),200
https://www.brahmakumaris.com/soul-sustenance/ss-hindi/apni-aadhyatmik-jagrukta-ka-ek-diya-jalaien-bhag-2/,Next.js (Modern),200
https://www.brahmakumaris.com/soul-sustenance/ss-hindi/sakaratmak-jeevan-jeene-ke-liye-10-nai-manytaaein-belief-bhag-2/,Next.js (Modern),200
https://www.brahmakumaris.com/soul-sustenance/ss-hindi/naye-varsh-mein-divyata-ki-aur-ek-kadam-badhaein/,Next.js (Modern),200
https://www.brahmakumaris.com/soul-sustenance/how-to-become-a-trustee-of-god-part-1/,Next.js (Modern),200
https://www.brahmakumaris.com/soul-sustenance/experiencing-and-radiating-happiness-to-others-part-3/,Next.js (Modern),200
https://www.brahmakumaris.com/soul-sustenance/experiencing-positivity-with-gods-love-and-help-part-3/,Next.js (Modern),200
https://www.brahmakumaris.com/soul-sustenance/should-we-be-emotional-or-not-part-3-2/,Next.js (Modern),200
https://www.brahmakumaris.com/soul-sustenance/21st-oct-soul-sustenance/,Next.js (Modern),200
https://www.brahmakumaris.com/soul-sustenance/success-in-every-sphere-of-life-with-spirituality/,Next.js (Modern),200
https://www.brahmakumaris.com/soul-sustenance/5-beautiful-aspects-of-success-part-2/,Next.js (Modern),200
https://www.brahmakumaris.com/soul-sustenance/ss-hindi/man-aur-uski-rachnaein/,Next.js (Modern),200
https://www.brahmakumaris.com/anubhavgatha/brahmakumari-kamlesh-didi-ji/,WordPress (Legacy),200
https://www.brahmakumaris.com/soul-sustenance/raise-the-vibration-of-your-words/,Next.js (Modern),200
https://www.brahmakumaris.com/soul-sustenance/ss-hindi/dusron-ke-baare-mein-sochne-ki-chinta-se-bahar-kaise-niklein-bhag-2/,Next.js (Modern),200
https://www.brahmakumaris.com/soul-sustenance/10th-mar-2023-ss/,Next.js (Modern),200
https://www.brahmakumaris.com/soul-sustenance/ss-hindi/team-meeting-ka-hissa-kaise-banein/,Next.js (Modern),200
https://www.brahmakumaris.com/soul-sustenance/ss-hindi/sahi-karm-ka-chunav-karien-bhag-3/,Next.js (Modern),200
https://www.brahmakumaris.com/soul-sustenance/living-happiness-the-right-way-part-1/,Next.js (Modern),200
https://www.brahmakumaris.com/soul-sustenance/asserting-without-arrogance/,Next.js (Modern),200
https://www.brahmakumaris.com/soul-sustenance/3-steps-for-creating-a-positive-present-and-future-part-2/,Next.js (Modern),200
https://www.brahmakumaris.com/soul-sustenance/1st-jun-2023-ss/,Next.js (Modern),200
https://www.brahmakumaris.com/soul-sustenance/ss-hindi/charitra-mein-sundarta-bhag-3/,Next.js (Modern),200
https://www.brahmakumaris.com/soul-sustenance/19th-may-2023-ss/,Next.js (Modern),200
https://www.brahmakumaris.com/soul-sustenance/ss-hindi/atma-samman-badhane-ke-tarike/,Next.js (Modern),200
https://www.brahmakumaris.com/soul-sustenance/ss-hindi/mahashivratri-par-parmatma-sandesh-part-1/,Next.js (Modern),200
https://www.brahmakumaris.com/soul-sustenance/ss-hindi/ganesh-chaturthi-ka-aadhyatamik-mahatav-bhag-1/,Next.js (Modern),200
https://www.brahmakumaris.com/soul-sustenance/ss-hindi/bhavnatmak-swatantrata-adhunik-duniya-part-2/,Next.js (Modern),200
https://www.brahmakumaris.com/soul-sustenance/ss-hindi/aatma-aur-uske-dwara-kiye-jaane-wale-karya-ka-ahsas-hona-bhag-1-2/,Next.js (Modern),200
https://www.brahmakumaris.com/kalp-taruh/plant-registration/,Next.js (Modern),200
https://www.brahmakumaris.com/soul-sustenance/ss-hindi/sakaratmak-vartman-aur-bhavishya-ke-liye-3-kadam-bhag-3/,Next.js (Modern),200
https://www.brahmakumaris.com/category/blog/science/,WordPress (Legacy),200
https://www.brahmakumaris.com/blog/brahma-baba-articles/highest-form-of-spiritual-love/,WordPress (Legacy),200
https://www.brahmakumaris.com/soul-sustenance/04th-oct-soul-sustenance/,Next.js (Modern),200
https://www.brahmakumaris.com/soul-sustenance/ss-hindi/five-karmendriyon-par-shasan-aur-niyantran/,Next.js (Modern),200
https://www.brahmakumaris.com/soul-sustenance/06th-feb-2023-ss/,Next.js (Modern),200
https://www.brahmakumaris.com/mamma/,WordPress (Legacy),200
https://www.brahmakumaris.com/soul-sustenance/ss-hindi/22nd-jul-2023-ssh/,Next.js (Modern),200
https://www.brahmakumaris.com/soul-sustenance/ss-hindi/safalta-ke-5-khoobsurat-pahlu-bhag-3/,Next.js (Modern),200
https://www.brahmakumaris.com/kalp-taruh/know-your-plant/,WordPress (Legacy),200
https://www.brahmakumaris.com/soul-sustenance/dont-make-people-dependent-on-you/,Next.js (Modern),200
https://www.brahmakumaris.com/soul-sustenance/ss-hindi/nakaratmak-paristhitiyon-mein-sakaratmak-bane-rahne-ke-5-tips/,Next.js (Modern),200
https://www.brahmakumaris.com/soul-sustenance/ss-hindi/safalta-prapt-karne-ke-liye-soul-aur-role-power-ka-santulan-banaye-rakhein-bhag-1/,Next.js (Modern),200
https://www.brahmakumaris.com/category/rajyogteachers/,WordPress (Legacy),200
https://www.brahmakumaris.com/soul-sustenance/ss-hindi/ganesh-chaturthi-ki-divyata-aur-aadhyatmikta-bhag-2/,Next.js (Modern),200
https://www.brahmakumaris.com/soul-sustenance/ss-hindi/nakaratmak-paristhitiyon-ke-4-labh-bhag-2/,Next.js (Modern),200
https://www.brahmakumaris.com/soul-sustenance/ss-hindi/khoya-hua-swarg-punah-prapt-karna-bhag-1/,Next.js (Modern),200
https://www.brahmakumaris.com/soul-sustenance/talk-about-your-joys-not-sorrows-with-people/,Next.js (Modern),200
https://www.brahmakumaris.com/soul-sustenance/18th-may-soul-sustenance/,Next.js (Modern),200
https://www.brahmakumaris.com/sangam/,WordPress (Legacy),200
https://www.brahmakumaris.com/soul-sustenance/27th-jul-2023-ss/,Next.js (Modern),200
https://www.brahmakumaris.com/soul-sustenance/ss-hindi/mahashivratri-par-parmatma-sandesh-part-2/,Next.js (Modern),200
https://www.brahmakumaris.com/soul-sustenance/22nd-may-soul-sustenance/,Next.js (Modern),200
https://www.brahmakumaris.com/soul-sustenance/ss-hindi/aantarik-shakti-ke-liye-6-positive-affirmation/,Next.js (Modern),200
https://www.brahmakumaris.com/soul-sustenance/creating-a-personality-of-truth-part-2/,Next.js (Modern),200
https://www.brahmakumaris.com/soul-sustenance/ss-hindi/krodh-par-kabu-paane-ke-5-safal-steps-bhag-2/,Next.js (Modern),200
https://www.brahmakumaris.com/soul-sustenance/ss-hindi/17th-may-2023-ssh/,Next.js (Modern),200
https://www.brahmakumaris.com/soul-sustenance/ss-hindi/parmatma-kaise-is-vishva-ko-pure-banate-hain-bhag-3/,Next.js (Modern),200
https://www.brahmakumaris.com/blog/bkshivani/happiness/stay-positive-all-the-time-with-these-simple-tips/,WordPress (Legacy),200
https://www.brahmakumaris.com/soul-sustenance/returning-to-my-original-state-of-goodness-part-1/,Next.js (Modern),200
https://www.brahmakumaris.com/anubhavgatha/bk-jayanti-didi-ji/,WordPress (Legacy),200
https://www.brahmakumaris.com/soul-sustenance/ss-hindi/parmatma-brahmand-ka-alpha-point/,Next.js (Modern),200
https://www.brahmakumaris.com/soul-sustenance/ss-hindi/apni-drushti-ko-nishpaksh-aur-adhyatmik-banaein/,Next.js (Modern),200
https://www.brahmakumaris.com/soul-sustenance/overcoming-constant-pressure-to-perform-well/,Next.js (Modern),200
https://www.brahmakumaris.com/soul-sustenance/5-ways-to-bring-gods-wisdom-in-your-life/,Next.js (Modern),200
https://www.brahmakumaris.com/amritmahotsav/testimonial/,WordPress (Legacy),200
https://www.brahmakumaris.com/soul-sustenance/ss-hindi/logon-ko-influence-karein-naaki-control-karein/,Next.js (Modern),200
https://www.brahmakumaris.com/soul-sustenance/15th-mar-2023-ss/,Next.js (Modern),200
https://www.brahmakumaris.com/soul-sustenance/ss-hindi/18th-apr-2023-ssh/,Next.js (Modern),200
https://www.brahmakumaris.com/soul-sustenance/ss-hindi/iswar-ke-prem-aur-madad-dwara-sakaratmakta-ka-anubhav-karein-bhag-1/,Next.js (Modern),200
https://www.brahmakumaris.com/brahma-baba/experiences-with-baba/,WordPress (Legacy),200
https://www.brahmakumaris.com/soul-sustenance/the-spiritual-significance-of-ganesh-chaturthi-part-1/,Next.js (Modern),200
https://www.brahmakumaris.com/soul-sustenance/ss-hindi/29th-jun-2023-ssh/,Next.js (Modern),200
https://www.brahmakumaris.com/web-stories/healing-the-planet-begins-from-within/,WordPress (Legacy),200
https://www.brahmakumaris.com/soul-sustenance/ss-hindi/kshmabhav-ka-sansar-create-karein-bhag-2/,Next.js (Modern),200
https://www.brahmakumaris.com/soul-sustenance/experiencing-the-spiritual-beauty-of-christmas-part-1/,Next.js (Modern),200
https://www.brahmakumaris.com/anubhavgatha/bk-sheela-didi/,WordPress (Legacy),200
https://www.brahmakumaris.com/soul-sustenance/25th-jul-2023-ss/,Next.js (Modern),200
https://www.brahmakumaris.com/soul-sustenance/ss-hindi/jab-hum-badlenge-tab-dusre-log-bhi-badlenge-bhag-2/,Next.js (Modern),200
https://www.brahmakumaris.com/soul-sustenance/time-management-in-our-daily-lives-part-3/,Next.js (Modern),200
https://www.brahmakumaris.com/soul-sustenance/ss-hindi/aatma-aur-uske-dwara-kiye-jaane-wale-kam-ka-ahsas-hona-bhag-2/,Next.js (Modern),200
https://www.brahmakumaris.com/soul-sustenance/improving-the-quality-of-energy-exchanges-with-others-part-2/,Next.js (Modern),200
https://www.brahmakumaris.com/soul-sustenance/ss-hindi/jeevan-ke-har-kshetra-mei-adhyatmik-safalta-ka-anubhav-karein-bhag-3/,Next.js (Modern),200
https://www.brahmakumaris.com/soul-sustenance/learning-to-be-at-peace-with-time-part-1/,Next.js (Modern),200
https://www.brahmakumaris.com/soul-sustenance/23rd-apr-2023-ss/,Next.js (Modern),200
https://www.brahmakumaris.com/soul-sustenance/ss-hindi/sabhi-guno-aur-shaktiyon-se-swayn-ko-bharpur-karein/,Next.js (Modern),200
https://www.brahmakumaris.com/soul-sustenance/how-does-god-purify-the-world-part-2/,Next.js (Modern),200
https://www.brahmakumaris.com/soul-sustenance/learning-to-be-at-peace-with-time-part-2/,Next.js (Modern),200
https://www.brahmakumaris.com/soul-sustenance/resolving-negative-situations-in-3-steps-part-2/,Next.js (Modern),200
https://www.brahmakumaris.com/soul-sustenance/ss-hindi/dhan-ke-sath-duaaein-bhi-kamaein/,Next.js (Modern),200
https://www.brahmakumaris.com/soul-sustenance/dont-label-yourself-negatively-2/,Next.js (Modern),200
https://www.brahmakumaris.com/blog/festivals/navratri/maa-jagadamba-power-to-tolerate/,WordPress (Legacy),200
https://www.brahmakumaris.com/soul-sustenance/creating-a-world-free-from-stress-and-worry-part-3/,Next.js (Modern),200
https://www.brahmakumaris.com/category/blog/festivals/navratri/,WordPress (Legacy),200
https://www.brahmakumaris.com/storytime/god-st/writing-letter-to-god-storytime/,WordPress (Legacy),200
https://www.brahmakumaris.com/soul-sustenance/ss-hindi/aap-jo-hein-uske-liye-drudh-sankalpit-rahein/,Next.js (Modern),200
https://www.brahmakumaris.com/raipur/shanti-shikhar/glimpses-shanti-shikhar/,WordPress (Legacy),200
https://www.brahmakumaris.com/anubhavgatha/santosh-behan-russia-ki-seva-yatra/,WordPress (Legacy),200
https://www.brahmakumaris.com/blog/relationships/letting-go-ego-sustaining-satisfaction/,WordPress (Legacy),200
https://www.brahmakumaris.com/soul-sustenance/colouring-forgiveness-on-the-canvas-of-your-mind-part-3/,Next.js (Modern),200
https://www.brahmakumaris.com/soul-sustenance/ss-hindi/sahi-aur-spasht-tarike-se-parakhana/,Next.js (Modern),200
https://www.brahmakumaris.com/soul-sustenance/becoming-a-perfect-angel-in-5-easy-steps-part-2/,Next.js (Modern),200
https://www.brahmakumaris.com/rajyogteachers/bk-nirwair/,WordPress (Legacy),200
https://www.brahmakumaris.com/category/soul-sustenance/,Next.js (Modern),200
https://www.brahmakumaris.com/category/blog/festivals/diwali/,WordPress (Legacy),200
https://www.brahmakumaris.com/soul-sustenance/ss-hindi/16th-feb-2023-ssh/,Next.js (Modern),200
https://www.brahmakumaris.com/soul-sustenance/ss-hindi/aadhyatmikta-ki-shakti-se-nakaratmak-parishthitiyon-ko-kaise-paar-karein-bhag-1/,Next.js (Modern),200
https://www.brahmakumaris.com/soul-sustenance/experience-your-divinity-by-connecting-with-god-part-1/,Next.js (Modern),200
https://www.brahmakumaris.com/soul-sustenance/overcoming-anger-5-keys-to-success-part-2/,Next.js (Modern),200
https://www.brahmakumaris.com/blog/self-development/the-souls-journey-rediscovering-our-seven-core-values/,WordPress (Legacy),200
https://www.brahmakumaris.com/soul-sustenance/consciousness-cleansing-part-3/,Next.js (Modern),200
https://www.brahmakumaris.com/soul-sustenance/ss-hindi/safalata-ke-liye-5-tips-positive-affirmations-pushti/,Next.js (Modern),200
https://www.brahmakumaris.com/soul-sustenance/being-stable-in-criticism/,Next.js (Modern),200
https://www.brahmakumaris.com/soul-sustenance/ss-hindi/halkepan-se-let-go-karein/,Next.js (Modern),200
https://www.brahmakumaris.com/category/blog/,WordPress (Legacy),200
https://www.brahmakumaris.com/soul-sustenance/ss-hindi/rishton-ki-neev/,Next.js (Modern),200
https://www.brahmakumaris.com/blog/festivals/navratri/devi-sri-laxmi-power-to-cooperate/,WordPress (Legacy),200
https://www.brahmakumaris.com/blog/bkshivani/lifestyle/6-transformative-thoughts-to-re-direct-your-life/,WordPress (Legacy),200
https://www.brahmakumaris.com/category/blog/festivals/raksha-bandhan/,WordPress (Legacy),200
https://www.brahmakumaris.com/soul-sustenance/12th-feb-2023-ss/,Next.js (Modern),200
https://www.brahmakumaris.com/soul-sustenance/ss-hindi/soch-mein-khushi-anubhav-karein-naaki-cheezon-mein/,Next.js (Modern),200
https://www.brahmakumaris.com/soul-sustenance/5-spiritual-powers-for-accepting-change-easily-part-2/,Next.js (Modern),200
https://www.brahmakumaris.com/soul-sustenance/meet-people-with-a-clean-slate/,Next.js (Modern),200
https://www.brahmakumaris.com/soul-sustenance/ss-hindi/logon-se-har-din-ek-nayi-soch-ke-sath-milein/,Next.js (Modern),200
https://www.brahmakumaris.com/soul-sustenance/28th-oct-soul-sustenance/,Next.js (Modern),200
https://www.brahmakumaris.com/soul-sustenance/keep-giving-to-others-constantly-part-2/,Next.js (Modern),200
https://www.brahmakumaris.com/soul-sustenance/overcoming-absent-mindedness/,Next.js (Modern),200
https://www.brahmakumaris.com/soul-sustenance/accept-imperfections-and-remain-joyful-and-loveful-always/,Next.js (Modern),200
https://www.brahmakumaris.com/blog/bkshivani/relationships-bs/using-power-of-your-mind-to-resolve-problem/,WordPress (Legacy),200
https://www.brahmakumaris.com/soul-sustenance/29th-jul-2023-ss/,Next.js (Modern),200
https://www.brahmakumaris.com/soul-sustenance/going-beyond-negative-influences-on-thoughts-part-3/,Next.js (Modern),200
https://www.brahmakumaris.com/soul-sustenance/nothing-new-the-wisdom-for-difficult-situations/,Next.js (Modern),200
https://www.brahmakumaris.com/soul-sustenance/ss-hindi/13th-jun-2023-ssh/,Next.js (Modern),200
https://www.brahmakumaris.com/soul-sustenance/13th-oct-soul-sustenance/,Next.js (Modern),200
https://www.brahmakumaris.com/soul-sustenance/ss-hindi/sambandhon-ko-sundar-banaein-ahankar-ko-tyaagein-bhag-2/,Next.js (Modern),200
https://www.brahmakumaris.com/soul-sustenance/ss-hindi/5-points-se-jeevan-ko-atma-samman-se-bharein-bhag-3/,Next.js (Modern),200
https://www.brahmakumaris.com/anubhavgatha/dada-vishwaratan/,WordPress (Legacy),200
https://www.brahmakumaris.com/soul-sustenance/10-dos-and-donts-of-meditation-part-2/,Next.js (Modern),200
https://www.brahmakumaris.com/soul-sustenance/ss-hindi/prashansha-ki-ichcha-se-mukt-hona-bhag-2/,Next.js (Modern),200
https://www.brahmakumaris.com/soul-sustenance/ss-hindi/aadhyatmikta-ki-shakti-se-nakaratmak-parishthitiyon-ko-kaise-paar-karein-bhag-3/,Next.js (Modern),200
https://www.brahmakumaris.com/soul-sustenance/building-beautiful-and-blissful-relationships/,Next.js (Modern),200
https://www.brahmakumaris.com/anubhavgatha/bk-nayna-behen-london-experience/,WordPress (Legacy),200
https://www.brahmakumaris.com/soul-sustenance/the-7-days-course-of-the-brahma-kumaris-part-3/,Next.js (Modern),200
https://www.brahmakumaris.com/magazine/,WordPress (Legacy),200
https://www.brahmakumaris.com/blog/life-beyond-glitz-and-glam/,WordPress (Legacy),200
https://www.brahmakumaris.com/blog/holi-ka-adhyatmik-rahasya/,WordPress (Legacy),200
https://www.brahmakumaris.com/soul-sustenance/5th-may-2023-ss/,Next.js (Modern),200
https://www.brahmakumaris.com/divyabasant/,WordPress (Legacy),200
https://www.brahmakumaris.com/blog/8-steps-on-the-road-to-success/,WordPress (Legacy),200
https://www.brahmakumaris.com/soul-sustenance/ss-hindi/adhyatmik-samajh-ke-sath-bhai-behen-ke-beech-ki-pratispardha-ko-samapt-karein/,Next.js (Modern),200
https://www.brahmakumaris.com/blog/god-b/god-what-he-does-and-doesnt-do-in-our-lives/,WordPress (Legacy),200
https://www.brahmakumaris.com/soul-sustenance/24th-oct-soul-sustenance/,Next.js (Modern),200
https://www.brahmakumaris.com/soul-sustenance/the-invisible-support-system-of-life-part-1/,Next.js (Modern),200
https://www.brahmakumaris.com/soul-sustenance/ss-hindi/logon-ko-apne-upar-nirbhar-na-hone-dein/,Next.js (Modern),200
https://www.brahmakumaris.com/soul-sustenance/26th-apr-2023-ss/,Next.js (Modern),200
https://www.brahmakumaris.com/soul-sustenance/light-the-lamp-of-divinity-this-diwali-part-2/,Next.js (Modern),200
https://www.brahmakumaris.com/soul-sustenance/making-every-moment-of-the-day-precious/,Next.js (Modern),200
https://www.brahmakumaris.com/blog/self-development/the-real-and-bitter-truth-of-life-is-death/,WordPress (Legacy),200
https://www.brahmakumaris.com/soul-sustenance/ss-hindi/5th-jun-2023-ssh/,Next.js (Modern),200
https://www.brahmakumaris.com/soul-sustenance/ss-hindi/vicharon-par-nakaratmak-prabhav-se-upar-uthna-bhag-3/,Next.js (Modern),200
https://www.brahmakumaris.com/blog/calming-the-storm-of-anger-through-faith/,WordPress (Legacy),200
https://www.brahmakumaris.com/soul-sustenance/ss-hindi/9th-aug-2023-ssh/,Next.js (Modern),200
https://www.brahmakumaris.com/soul-sustenance/tolerate-with-pleasure-not-with-pressure/,Next.js (Modern),200
https://www.brahmakumaris.com/soul-sustenance/ruling-the-kingdom-of-the-mind-part-1/,Next.js (Modern),200
https://www.brahmakumaris.com/soul-sustenance/17th-mar-2023-ss/,Next.js (Modern),200
https://www.brahmakumaris.com/anubhavgatha/dadi-bholi-ji/,WordPress (Legacy),200
https://www.brahmakumaris.com/soul-sustenance/ss-hindi/har-kadam-par-nayapan-bhag-2/,Next.js (Modern),200
https://www.brahmakumaris.com/storytime/sorted-outside-stirred-inside-a-story-on-real-peace/,WordPress (Legacy),200
https://www.brahmakumaris.com/anubhavgatha/%e0%a4%ac%e0%a5%80-%e0%a4%95%e0%a5%87-%e0%a4%b8%e0%a5%81%e0%a4%b0%e0%a5%87%e0%a4%b6-%e0%a4%aa%e0%a4%be%e0%a4%b2-%e0%a4%ad%e0%a4%be%e0%a4%88-%e0%a4%85%e0%a4%a8%e0%a5%81%e0%a4%ad%e0%a4%b5%e0%a4%97/,WordPress (Legacy),200
https://www.brahmakumaris.com/soul-sustenance/ss-hindi/safalta-ke-liye-ek-adarsh-vyaktitva-ka-nirman-karein-bhag-2/,Next.js (Modern),200
https://www.brahmakumaris.com/soul-sustenance/purifying-the-soul-with-rajyoga-meditation/,Next.js (Modern),200
https://www.brahmakumaris.com/category/soul-sustenance/ss-hindi/,Next.js (Modern),200
https://www.brahmakumaris.com/anubhavgatha/bk-krishna-didi/,WordPress (Legacy),200
https://www.brahmakumaris.com/soul-sustenance/happier-you-for-a-healthier-you/,Next.js (Modern),200
https://www.brahmakumaris.com/soul-sustenance/learning-to-be-at-peace-with-time-part-3/,Next.js (Modern),200
https://www.brahmakumaris.com/soul-sustenance/ss-hindi/kya-hame-bhavuk-hona-chahiye-ya-nahi-3/,Next.js (Modern),200
https://www.brahmakumaris.com/soul-sustenance/speak-less-speak-slowly-and-speak-softly/,Next.js (Modern),200
https://www.brahmakumaris.com/soul-sustenance/god-the-alpha-point-of-the-universe/,Next.js (Modern),200
https://www.brahmakumaris.com/soul-sustenance/ss-hindi/divya-aatma-ke-12-gun-bhag-1/,Next.js (Modern),200
https://www.brahmakumaris.com/kumbh/,WordPress (Legacy),200
https://www.brahmakumaris.com/soul-sustenance/ss-hindi/safalta-ke-5-khoobsurat-pahlu-bhag-1/,Next.js (Modern),200
https://www.brahmakumaris.com/news/,Next.js (Modern),200
https://www.brahmakumaris.com/soul-sustenance/the-importance-of-thought-energy-in-relationships-part-2/,Next.js (Modern),200
https://www.brahmakumaris.com/soul-sustenance/resolve-issues-on-your-mind-before-sleeping/,Next.js (Modern),200
https://www.brahmakumaris.com/blog/dadi-prakashmani/invaluable-teachings-by-dadi-prakashmani/,WordPress (Legacy),200
https://www.brahmakumaris.com/soul-sustenance/01st-nov-soul-sustenance/,Next.js (Modern),200
https://www.brahmakumaris.com/soul-sustenance/include-these-5-points-of-self-respect-in-your-life-part-3/,Next.js (Modern),200
https://www.brahmakumaris.com/soul-sustenance/ss-hindi/khusi-se-sahan-karein-pressure-se-nahin/,Next.js (Modern),200
https://www.brahmakumaris.com/soul-sustenance/ss-hindi/6th-may-2023-ssh/,Next.js (Modern),200
https://www.brahmakumaris.com/soul-sustenance/10-ways-of-improving-quality-and-wellness-of-relationships-part-1/,Next.js (Modern),200
https://www.brahmakumaris.com/soul-sustenance/start-feeling-peoples-vibrations/,Next.js (Modern),200
https://www.brahmakumaris.com/soul-sustenance/5-positive-affirmations-for-youth/,Next.js (Modern),200
https://www.brahmakumaris.com/soul-sustenance/19th-may-soul-sustenance/,Next.js (Modern),200
https://www.brahmakumaris.com/soul-sustenance/ss-hindi/6th-jul-2023-ssh/,Next.js (Modern),200
https://www.brahmakumaris.com/blog/brahma-baba-articles/gunmurt-brahma-baba/,WordPress (Legacy),200
https://www.brahmakumaris.com/soul-sustenance/experiencing-and-radiating-happiness-to-others-part-2/,Next.js (Modern),200
https://www.brahmakumaris.com/soul-sustenance/ss-hindi/dusron-ke-baare-mein-sochne-ki-chinta-se-bahar-kaise-niklein-bhag-1/,Next.js (Modern),200
https://www.brahmakumaris.com/soul-sustenance/happiness-is-a-journey-not-a-destination/,Next.js (Modern),200
https://www.brahmakumaris.com/soul-sustenance/ss-hindi/apne-mul-swabhav-shanti-aur-prem-ka-anubhav-karein-bhag-2/,Next.js (Modern),200
https://www.brahmakumaris.com/soul-sustenance/ss-hindi/negative-energy-ke-exchange-ko-break-karein-bhag-5/,Next.js (Modern),200
https://www.brahmakumaris.com/soul-sustenance/ss-hindi/sakaratamak-jeevan-shaily-ke-liye-10-steps-bhag-1/,Next.js (Modern),200
https://www.brahmakumaris.com/category/blog/festivals/,WordPress (Legacy),200
https://www.brahmakumaris.com/soul-sustenance/ss-hindi/supreme-guru-parampita-parmatma-se-aashirvaad-lene-ke-5-tarike/,Next.js (Modern),200
https://www.brahmakumaris.com/soul-sustenance/ss-hindi/ahankaar-ke-bina-drudh-rahna/,Next.js (Modern),200
https://www.brahmakumaris.com/soul-sustenance/how-to-become-a-trustee-of-god-part-3/,Next.js (Modern),200
https://www.brahmakumaris.com/soul-sustenance/14th-feb-2023-ss/,Next.js (Modern),200
https://www.brahmakumaris.com/soul-sustenance/say-i-will-not-i-will-try/,Next.js (Modern),200
https://www.brahmakumaris.com/soul-sustenance/creating-a-world-free-from-stress-and-worry-part-1/,Next.js (Modern),200
https://www.brahmakumaris.com/soul-sustenance/ss-hindi/negative-situations-ko-teen-steps-mein-resolve-karein-bhag-1/,Next.js (Modern),200
https://www.brahmakumaris.com/soul-sustenance/ss-hindi/ateet-ke-dard-ko-mitana-aur-heal-karna/,Next.js (Modern),200
https://www.brahmakumaris.com/soul-sustenance/ss-hindi/jeevan-mein-filters-ko-barikiyon-se-check-karna/,Next.js (Modern),200
https://www.brahmakumaris.com/soul-sustenance/ss-hindi/kshmabhav-ka-sansar-create-karein-bhag-1/,Next.js (Modern),200
https://www.brahmakumaris.com/soul-sustenance/sacrificing-the-ego-for-building-beautiful-relationships-part-1/,Next.js (Modern),200
https://www.brahmakumaris.com/soul-sustenance/ss-hindi/chinta-aur-tanaav-se-mukt-sansaar-ki-rachna-karein-bhag-2/,Next.js (Modern),200
https://www.brahmakumaris.com/rajyogteachers/bk-sudesh-didi/,WordPress (Legacy),200
https://www.brahmakumaris.com/soul-sustenance/overcome-frustration-a-form-of-anger/,Next.js (Modern),200
https://www.brahmakumaris.com/soul-sustenance/ss-hindi/jab-jaruri-ho-tab-hi-dusro-ke-baare-mein-sochein/,Next.js (Modern),200
https://www.brahmakumaris.com/soul-sustenance/ss-hindi/sampurna-farishta-banne-ke-paanch-saral-kadam-part-3/,Next.js (Modern),200
https://www.brahmakumaris.com/soul-sustenance/ss-hindi/aatm-sandeh-self-doubt-aur-asuraksha-ki-bhavnao-par-kaabu-pana/,Next.js (Modern),200
https://www.brahmakumaris.com/soul-sustenance/ss-hindi/khushi-ki-aur-yatra-ya-khushi-ki-yatra-bhag-1-2/,Next.js (Modern),200
https://www.brahmakumaris.com/jal-jan-abhiyan/,WordPress (Legacy),200
https://www.brahmakumaris.com/soul-sustenance/how-to-resolve-conflicts-in-relationships-part-1/,Next.js (Modern),200
https://www.brahmakumaris.com/soul-sustenance/26th-jul-2023-ss/,Next.js (Modern),200
https://www.brahmakumaris.com/soul-sustenance/realizing-the-soul-and-how-it-works-part-1/,Next.js (Modern),200
https://www.brahmakumaris.com/soul-sustenance/ss-hindi/aaiye-vishv-ko-apni-duaaon-blessing-se-heal-karein-bhag-1/,Next.js (Modern),200
https://www.brahmakumaris.com/blog/bkshivani/lifestyle/change-one-wrong-thought-to-live-life-your-way/,WordPress (Legacy),200
https://www.brahmakumaris.com/adi-ratan/,Next.js (Modern),200
https://www.brahmakumaris.com/rajyogteachers/bk-dr-nirmala-didi/,WordPress (Legacy),200
https://www.brahmakumaris.com/rajyogteachers/dadi-pushpashanta/,WordPress (Legacy),200
https://www.brahmakumaris.com/blog/bkshivani/self-love/repeat-thoughts-for-desires-reality/,WordPress (Legacy),200
https://www.brahmakumaris.com/soul-sustenance/ss-hindi/safalta-ke-pahlu-bhag-2/,Next.js (Modern),200
https://www.brahmakumaris.com/soul-sustenance/30th-apr-2023-ss/,Next.js (Modern),200
https://www.brahmakumaris.com/soul-sustenance/accepting-failures-with-positivity-and-strength/,Next.js (Modern),200
https://www.brahmakumaris.com/anubhavgatha/bk-sister-maureen-hongkong/,WordPress (Legacy),200
https://www.brahmakumaris.com/blog/bkshivani/festivals-bs/elevate-this-janmashtami-with-satvic-food/,WordPress (Legacy),200
https://www.brahmakumaris.com/soul-sustenance/2nd-jul-2023-ss/,Next.js (Modern),200
https://www.brahmakumaris.com/soul-sustenance/ss-hindi/16th-may-2023-ssh/,Next.js (Modern),200
https://www.brahmakumaris.com/soul-sustenance/5-benefits-of-experiencing-god-with-us-part-3/,Next.js (Modern),200
https://www.brahmakumaris.com/blog/festivals/navratri/dussehra-ravan-dahan-through-shakti/,WordPress (Legacy),200
https://www.brahmakumaris.com/soul-sustenance/are-we-emotionally-free-in-the-modern-world-part-2/,Next.js (Modern),200
https://www.brahmakumaris.com/soul-sustenance/5-benefits-of-sleeping-early-and-waking-up-early/,Next.js (Modern),200
https://www.brahmakumaris.com/soul-sustenance/change-your-life-with-rajyoga-taught-by-god/,Next.js (Modern),200
https://www.brahmakumaris.com/soul-sustenance/ss-hindi/anya-logon-mein-perfection-dhundhna-kitna-sahi-hai/,Next.js (Modern),200
https://www.brahmakumaris.com/soul-sustenance/29th-aug-2023-ss/,Next.js (Modern),200
https://www.brahmakumaris.com/soul-sustenance/14th-apr-2023-ss/,Next.js (Modern),200
https://www.brahmakumaris.com/soul-sustenance/likes-on-social-media-matter/,Next.js (Modern),200
https://www.brahmakumaris.com/soul-sustenance/ss-hindi/21st-may-2023-ssh/,Next.js (Modern),200
https://www.brahmakumaris.com/soul-sustenance/recording-scenes-carefully/,Next.js (Modern),200
https://www.brahmakumaris.com/soul-sustenance/traffic-jam-on-the-road-or-in-the-mind-2/,Next.js (Modern),200
https://www.brahmakumaris.com/soul-sustenance/experiencing-peace-and-love-our-original-nature-part-3/,Next.js (Modern),200
https://www.brahmakumaris.com/category/blog/festivals/janmashtami/,WordPress (Legacy),200
https://www.brahmakumaris.com/soul-sustenance/overcoming-the-habit-of-worry-part-2/,Next.js (Modern),200
https://www.brahmakumaris.com/category/blog/festivals/ganesh-chaturthi/,WordPress (Legacy),200
https://www.brahmakumaris.com/soul-sustenance/ss-hindi/26th-apr-2023-ssh/,Next.js (Modern),200
https://www.brahmakumaris.com/soul-sustenance/ss-hindi/swayam-par-nakaratmak-label-na-lagayen/,Next.js (Modern),200
https://www.brahmakumaris.com/soul-sustenance/ss-hindi/4th-apr-2023-ssh/,Next.js (Modern),200
https://www.brahmakumaris.com/soul-sustenance/ss-hindi/kaary-aur-jeevan-ke-beech-santulan-banaye-rakhein/,Next.js (Modern),200
https://www.brahmakumaris.com/soul-sustenance/a-journey-to-happiness-or-a-journey-of-happiness-part-3/,Next.js (Modern),200
https://www.brahmakumaris.com/soul-sustenance/the-beauty-of-christmas-a-festival-of-love-and-joy-part-1/,Next.js (Modern),200
https://www.brahmakumaris.com/soul-sustenance/ss-hindi/8th-aug-2023-ssh/,Next.js (Modern),200
https://www.brahmakumaris.com/soul-sustenance/purifying-food-water-and-air-for-good-health-part-2/,Next.js (Modern),200
https://www.brahmakumaris.com/blog/hindi-blog/result-ko-svikar-kaise-kare/,WordPress (Legacy),200
https://www.brahmakumaris.com/soul-sustenance/7-vitamins-for-the-soul/,Next.js (Modern),200
https://www.brahmakumaris.com/category/blog/hindi-blog/,WordPress (Legacy),200
https://www.brahmakumaris.com/soul-sustenance/creating-a-world-of-forgiveness-part-1/,Next.js (Modern),200
https://www.brahmakumaris.com/soul-sustenance/protect-yourself-from-gossip-on-social-media/,Next.js (Modern),200
https://www.brahmakumaris.com/anubhavgatha/bk-trupta-didi/,WordPress (Legacy),200
https://www.brahmakumaris.com/soul-sustenance/the-divinity-and-spirituality-of-ganesh-chaturthi-part-1/,Next.js (Modern),200
https://www.brahmakumaris.com/soul-sustenance/ss-hindi/sahi-galat-ke-antar-ko-vivekpurn-dhang-se-parakhna/,Next.js (Modern),200
https://www.brahmakumaris.com/anubhavgatha/dada-chandrahas-ji/,WordPress (Legacy),200
https://www.brahmakumaris.com/blog/bkshivani/lifestyle/finish-problems-with-10-daily-thoughts/,WordPress (Legacy),200
https://www.brahmakumaris.com/soul-sustenance/ss-hindi/apne-jeevan-ke-har-pal-mein-khushiyan-laane-ke-5-tarike/,Next.js (Modern),200
https://www.brahmakumaris.com/soul-sustenance/ss-hindi/7th-may-2023-ssh/,Next.js (Modern),200
https://www.brahmakumaris.com/soul-sustenance/experiencing-spiritual-success-in-every-sphere-of-life-part-2/,Next.js (Modern),200
https://www.brahmakumaris.com/soul-sustenance/ss-hindi/23rd-mar-2023-ssh/,Next.js (Modern),200
https://www.brahmakumaris.com/soul-sustenance/5-steps-to-a-stress-free-life-part-1/,Next.js (Modern),200
https://www.brahmakumaris.com/soul-sustenance/13th-feb-2023-ss/,Next.js (Modern),200
https://www.brahmakumaris.com/soul-sustenance/ss-hindi/achchaiyon-ki-apni-original-state-mei-vapas-aayein-bhag-2/,Next.js (Modern),200
https://www.brahmakumaris.com/soul-sustenance/ss-hindi/sahi-aadton-ka-lagatar-palan-karna/,Next.js (Modern),200
https://www.brahmakumaris.com/soul-sustenance/ss-hindi/banawatipan-aur-manipulation-ko-kaise-kaabu-karein/,Next.js (Modern),200
https://www.brahmakumaris.com/soul-sustenance/ss-hindi/niswarth-prem-sundar-sambandhon-ki-chabhi-hei-bhag-4/,Next.js (Modern),200
https://www.brahmakumaris.com/soul-sustenance/ss-hindi/christmas-ki-aadhytmaik-sundarta-ka-anubhav-karein-bhag-3/,Next.js (Modern),200
https://www.brahmakumaris.com/soul-sustenance/07th-feb-2023-ss/,Next.js (Modern),200
https://www.brahmakumaris.com/soul-sustenance/7th-mar-2023-ss/,Next.js (Modern),200
https://www.brahmakumaris.com/soul-sustenance/ss-hindi/aadhyatmikta-ki-shakti-se-nakaratmak-parishthitiyon-ko-kaise-paar-karein-bhag-2/,Next.js (Modern),200
https://www.brahmakumaris.com/soul-sustenance/learning-from-the-past/,Next.js (Modern),200
https://www.brahmakumaris.com/anubhavgatha/bk-sundari-didi/,WordPress (Legacy),200
https://www.brahmakumaris.com/soul-sustenance/ss-hindi/kya-aap-bhavnatmak-rup-se-vajandaar-hein/,Next.js (Modern),200
https://www.brahmakumaris.com/soul-sustenance/ss-hindi/3rd-mar-2023-ssh/,Next.js (Modern),200
https://www.brahmakumaris.com/soul-sustenance/ss-hindi/sweekrati-ki-lat-se-mukt-rahein/,Next.js (Modern),200
https://www.brahmakumaris.com/soul-sustenance/choose-your-actions-correctly-in-every-sphere-of-life-part-3/,Next.js (Modern),200
https://www.brahmakumaris.com/soul-sustenance/ss-hindi/brahmakumaris-ka-7-divasiya-course-bhag-4/,Next.js (Modern),200
https://www.brahmakumaris.com/soul-sustenance/radiate-peace-and-love-to-a-loved-one-who-departs/,Next.js (Modern),200
https://www.brahmakumaris.com/soul-sustenance/quality-recharging-by-connecting-with-god-part-1/,Next.js (Modern),200
https://www.brahmakumaris.com/soul-sustenance/28th-may-soul-sustenance/,Next.js (Modern),200
https://www.brahmakumaris.com/anubhavgatha/bk-kamla-didi-patiala/,WordPress (Legacy),200
https://www.brahmakumaris.com/soul-sustenance/ss-hindi/apni-ichchayein-dusron-par-na-thopein/,Next.js (Modern),200
https://www.brahmakumaris.com/soul-sustenance/ss-hindi/pratidin-apni-duaon-ke-khajane-jama-karein/,Next.js (Modern),200
https://www.brahmakumaris.com/soul-sustenance/letting-go-with-lightness/,Next.js (Modern),200
https://www.brahmakumaris.com/soul-sustenance/ss-hindi/har-kadam-par-apne-values-ko-thame-rahein/,Next.js (Modern),200
https://www.brahmakumaris.com/blog/hindi-blog/satvik-bhojan-ka-atmik-prabhav/,WordPress (Legacy),200
https://www.brahmakumaris.com/soul-sustenance/avoid-role-induced-stress-its-only-a-role/,Next.js (Modern),200
https://www.brahmakumaris.com/blog/unwrapping-the-divine-lessons-of-christmas/,WordPress (Legacy),200
https://www.brahmakumaris.com/soul-sustenance/10-steps-to-a-positive-lifestyle-part-3/,Next.js (Modern),200
https://www.brahmakumaris.com/blog/brahma-baba-articles/baba-hi-hamara-sansar-hai/,WordPress (Legacy),200
https://www.brahmakumaris.com/soul-sustenance/people-dont-intentionally-harm-us/,Next.js (Modern),200
https://www.brahmakumaris.com/soul-sustenance/ss-hindi/1st-apr-2023-ssh/,Next.js (Modern),200
https://www.brahmakumaris.com/soul-sustenance/ss-hindi/daily-life-mein-time-management-bhag-3/,Next.js (Modern),200
https://www.brahmakumaris.com/soul-sustenance/the-invisible-support-system-of-life-part-2/,Next.js (Modern),200
https://www.brahmakumaris.com/soul-sustenance/ss-hindi/duniya-ko-badalne-mein-mahilaaon-ki-bhumika/,Next.js (Modern),200
https://www.brahmakumaris.com/soul-sustenance/stop-doubting-people-start-trusting-them/,Next.js (Modern),200
https://www.brahmakumaris.com/soul-sustenance/let-go-of-ego/,Next.js (Modern),200
https://www.brahmakumaris.com/soul-sustenance/ss-hindi/is-vayst-duniya-mai-shanti-ka-anubhav-karne-ke-5-tarike/,Next.js (Modern),200
https://www.brahmakumaris.com/soul-sustenance/ss-hindi/pressure-ka-samna-karte-huye-achcha-pradarshan-kaise-karein/,Next.js (Modern),200
https://www.brahmakumaris.com/soul-sustenance/ss-hindi/1st-july-2023-ssh/,Next.js (Modern),200
https://www.brahmakumaris.com/soul-sustenance/avoiding-mood-swings/,Next.js (Modern),200
https://www.brahmakumaris.com/soul-sustenance/experiencing-freedom-from-hurt-in-relationships-part-1/,Next.js (Modern),200
https://www.brahmakumaris.com/soul-sustenance/ss-hindi/31st-may-2023-ssh/,Next.js (Modern),200
https://www.brahmakumaris.com/mahashivratri/ms-articles/spiritual-aspects-of-shivratri/,WordPress (Legacy),200
https://www.brahmakumaris.com/soul-sustenance/11th-may-2023-ss/,Next.js (Modern),200
https://www.brahmakumaris.com/soul-sustenance/6th-apr-2023-ss/,Next.js (Modern),200
https://www.brahmakumaris.com/soul-sustenance/creating-a-world-of-forgiveness-part-4/,Next.js (Modern),200
https://www.brahmakumaris.com/soul-sustenance/ss-hindi/14th-jul-2023-ssh/,Next.js (Modern),200
https://www.brahmakumaris.com/soul-sustenance/ss-hindi/chetna-ki-shuddhi-bhag-1/,Next.js (Modern),200
https://www.brahmakumaris.com/blog/environment/the-silent-impact-of-food-nourishing-the-self-nurturing-the-earth/,WordPress (Legacy),200
https://www.brahmakumaris.com/abumarathon/guidelines/,WordPress (Legacy),200
https://www.brahmakumaris.com/soul-sustenance/ss-hindi/safalta-ke-5-khoobsurat-pahlu-bhag-2/,Next.js (Modern),200
https://www.brahmakumaris.com/soul-sustenance/03rd-oct-soul-sustenance/,Next.js (Modern),200
https://www.brahmakumaris.com/hi/articles/,WordPress (Legacy),200
https://www.brahmakumaris.com/soul-sustenance/living-happiness-the-right-way-part-2/,Next.js (Modern),200
https://www.brahmakumaris.com/soul-sustenance/delegating-responsibilities-to-others/,Next.js (Modern),200
https://www.brahmakumaris.com/soul-sustenance/pure-bites-5-tips-for-pure-eating/,Next.js (Modern),200
https://www.brahmakumaris.com/soul-sustenance/changing-negative-thoughts-with-spiritual-power-part-3/,Next.js (Modern),200
https://www.brahmakumaris.com/blog/hindi-blog/man-ki-vikaro-ko-jitna-hi-sacchi-navratri/,WordPress (Legacy),200
https://www.brahmakumaris.com/soul-sustenance/seeds-of-a-relationship/,Next.js (Modern),200
https://www.brahmakumaris.com/soul-sustenance/ss-hindi/apne-jeevan-ki-sair-ka-anand-lein-bhag-2/,Next.js (Modern),200
https://www.brahmakumaris.com/soul-sustenance/living-happiness-the-right-way-part-3/,Next.js (Modern),200
https://www.brahmakumaris.com/soul-sustenance/ss-hindi/krodh-ke-rup-hatasha-nirasha-ko-kaise-karein-parajit/,Next.js (Modern),200
https://www.brahmakumaris.com/anubhavgatha/%e0%a4%ac%e0%a5%80-%e0%a4%95%e0%a5%87-%e0%a4%b2%e0%a4%95%e0%a5%8d%e0%a4%b7%e0%a5%8d%e0%a4%ae%e0%a4%a3-%e0%a4%ad%e0%a4%be%e0%a4%88-%e0%a4%85%e0%a4%a8%e0%a5%81%e0%a4%ad%e0%a4%b5%e0%a4%97%e0%a4%be/,WordPress (Legacy),200
https://www.brahmakumaris.com/soul-sustenance/ss-hindi/neend-ko-shantipurna-aur-anandmay-banane-ke-5-tips/,Next.js (Modern),200
https://www.brahmakumaris.com/soul-sustenance/experiencing-freedom-from-hurt-in-relationships-part-2/,Next.js (Modern),200
https://www.brahmakumaris.com/blog/bkshivani/karma/forgiveness-and-karmic-accounts/,WordPress (Legacy),200
https://www.brahmakumaris.com/soul-sustenance/how-to-become-a-trustee-of-god-part-2/,Next.js (Modern),200
https://www.brahmakumaris.com/soul-sustenance/resolve-issues-to-have-perfect-relationships/,Next.js (Modern),200
https://www.brahmakumaris.com/soul-sustenance/ss-hindi/brahmakumaris-ka-7-divasiya-course-bhag-3/,Next.js (Modern),200
https://www.brahmakumaris.com/soul-sustenance/dont-withdraw-from-people-over-differences/,Next.js (Modern),200
https://www.brahmakumaris.com/category/blog/bkshivani/self-love/,WordPress (Legacy),200
https://www.brahmakumaris.com/soul-sustenance/balancing-soul-power-and-role-power-for-success-part-2/,Next.js (Modern),200
https://www.brahmakumaris.com/soul-sustenance/ss-hindi/1st-may-2023-ssh/,Next.js (Modern),200
https://www.brahmakumaris.com/soul-sustenance/ss-hindi/aaiye-prem-aur-anand-ka-sandesh-dein-bhag-1/,Next.js (Modern),200
https://www.brahmakumaris.com/soul-sustenance/ss-hindi/19th-aug-2023-ssh/,Next.js (Modern),200
https://www.brahmakumaris.com/soul-sustenance/the-invisible-support-system-of-life-part-3/,Next.js (Modern),200
https://www.brahmakumaris.com/soul-sustenance/02nd-oct-soul-sustenance/,Next.js (Modern),200
https://www.brahmakumaris.com/soul-sustenance/ss-hindi/karm-bandhano-ka-chakra-bhag-1/,Next.js (Modern),200
https://www.brahmakumaris.com/soul-sustenance/the-invisible-energy-of-thought-and-feeling/,Next.js (Modern),200
https://www.brahmakumaris.com/soul-sustenance/ss-hindi/gadget-ke-addiction-par-kabu-kaise-paayein/,Next.js (Modern),200
https://www.brahmakumaris.com/soul-sustenance/strengthening-your-shield-of-positivity/,Next.js (Modern),200
https://www.brahmakumaris.com/soul-sustenance/understanding-sri-ganesh-chaturthi-and-its-divinity-part-2/,Next.js (Modern),200
https://www.brahmakumaris.com/soul-sustenance/ss-hindi/samay-ke-sath-shantipurn-rehna-bhag-3/,Next.js (Modern),200
https://www.brahmakumaris.com/soul-sustenance/ss-hindi/10th-mar-2023-ssh/,Next.js (Modern),200
https://www.brahmakumaris.com/soul-sustenance/ss-hindi/7th-aug-2023-ssh/,Next.js (Modern),200
https://www.brahmakumaris.com/soul-sustenance/ss-hindi/sone-se-pahle-kaam-se-sambandhit-baatcheet-aur-taknik-se-disconnect-hon/,Next.js (Modern),200
https://www.brahmakumaris.com/blog/spirituality/how-to-know-if-youre-on-a-spiritual-path/,WordPress (Legacy),200
https://www.brahmakumaris.com/anubhavgatha/sister-anne-bomian-ki-jeevan-kahani/,WordPress (Legacy),200
https://www.brahmakumaris.com/soul-sustenance/ss-hindi/19th-may-2023-ssh/,Next.js (Modern),200
https://www.brahmakumaris.com/soul-sustenance/ss-hindi/gyan-ka-manthan-karke-uske-fayde-anubhav-karein-bhag-1/,Next.js (Modern),200
https://www.brahmakumaris.com/soul-sustenance/ss-hindi/apne-values-mulyon-par-kayam-rahein/,Next.js (Modern),200
https://www.brahmakumaris.com/soul-sustenance/ss-hindi/iswar-ke-prem-aur-madad-dwara-sakaratmakta-ka-anubhav-karein-bhag-2/,Next.js (Modern),200
https://www.brahmakumaris.com/soul-sustenance/ss-hindi/dusron-ki-parwah-karna-mana-unki-chinta-karna-bhag-2/,Next.js (Modern),200
https://www.brahmakumaris.com/soul-sustenance/distractions-cannot-heal/,Next.js (Modern),200
https://www.brahmakumaris.com/soul-sustenance/5-tips-for-overcoming-work-stress/,Next.js (Modern),200
https://www.brahmakumaris.com/soul-sustenance/ss-hindi/mansik-dabav-aur-tanaav-par-kaabu-kaise-paayein-bhag-3-2/,Next.js (Modern),200
https://www.brahmakumaris.com/soul-sustenance/ss-hindi/yog-ke-7-sundar-laabh/,Next.js (Modern),200
https://www.brahmakumaris.com/soul-sustenance/11th-jul-2023-ss/,Next.js (Modern),200
https://www.brahmakumaris.com/soul-sustenance/realizing-and-experiencing-the-i-inside-part-2/,Next.js (Modern),200
https://www.brahmakumaris.com/blog/bkshivani/god/does-god-get-angry-and-punish-us/,WordPress (Legacy),200
https://www.brahmakumaris.com/anubhavgatha/bk-gurumukh-dada/,WordPress (Legacy),200
https://www.brahmakumaris.com/soul-sustenance/breaking-the-cycle-of-negative-energy-exchanges-part-5/,Next.js (Modern),200
https://www.brahmakumaris.com/soul-sustenance/5-benefits-of-experiencing-god-with-us-part-2/,Next.js (Modern),200
https://www.brahmakumaris.com/soul-sustenance/balancing-soul-power-and-role-power-for-success-part-1/,Next.js (Modern),200
https://www.brahmakumaris.com/soul-sustenance/do-not-absorb-or-reflect-negative-energy-transform-it/,Next.js (Modern),200
https://www.brahmakumaris.com/soul-sustenance/5-beautiful-aspects-of-success-part-1/,Next.js (Modern),200
https://www.brahmakumaris.com/soul-sustenance/lets-heal-the-world-with-our-blessings-part-1/,Next.js (Modern),200
https://www.brahmakumaris.com/soul-sustenance/ss-hindi/har-kadam-par-drudhnischayi-aur-sakaratmak-name-rahein-bhag-2/,Next.js (Modern),200
https://www.brahmakumaris.com/soul-sustenance/8-keys-to-success-for-facing-exams-part-2/,Next.js (Modern),200
https://www.brahmakumaris.com/blog/rajyog-meditation/chapter-2-do-you-know-your-real-self/,WordPress (Legacy),200
https://www.brahmakumaris.com/soul-sustenance/ss-hindi/khushi-se-sambandhit-3-galat-manytaayein-aur-sachchai-bhag-1/,Next.js (Modern),200
https://www.brahmakumaris.com/soul-sustenance/ss-hindi/trikon-ki-aatmik-shakti/,Next.js (Modern),200
https://www.brahmakumaris.com/soul-sustenance/ss-hindi/aantarik-sundarta-inner-beauty-ke-teen-darpan-bhag-2/,Next.js (Modern),200
https://www.brahmakumaris.com/kalp-taruh/commendations/,WordPress (Legacy),200
https://www.brahmakumaris.com/soul-sustenance/ss-hindi/sone-se-pahle-man-ki-samasyaon-ka-samadhan/,Next.js (Modern),200
https://www.brahmakumaris.com/soul-sustenance/ss-hindi/nakaratmak-niyantran-ko-band-karein-sakaratmak-prabhav-ko-shuru-karein/,Next.js (Modern),200
https://www.brahmakumaris.com/soul-sustenance/ss-hindi/28th-mar-2023-ssh/,Next.js (Modern),200
https://www.brahmakumaris.com/soul-sustenance/acceptance-is-strength-not-weakness/,Next.js (Modern),200
https://www.brahmakumaris.com/soul-sustenance/ss-hindi/aaiye-vishv-ko-apni-duaaon-blessing-se-heal-karein-bhag-2/,Next.js (Modern),200
https://www.brahmakumaris.com/anubhavgatha/bk-hemlata-didi-hyderabad/,WordPress (Legacy),200
https://www.brahmakumaris.com/soul-sustenance/10-new-beliefs-for-positive-living-part-2/,Next.js (Modern),200
https://www.brahmakumaris.com/soul-sustenance/5-tips-for-overcoming-mental-fatigue-part-2/,Next.js (Modern),200
https://www.brahmakumaris.com/soul-sustenance/ss-hindi/charitra-mein-sundarta-bhag-2/,Next.js (Modern),200
https://www.brahmakumaris.com/soul-sustenance/21st-apr-2023-ss/,Next.js (Modern),200
https://www.brahmakumaris.com/soul-sustenance/meet-people-with-a-clean-slate-2/,Next.js (Modern),200
https://www.brahmakumaris.com/soul-sustenance/pause-choose-respond/,Next.js (Modern),200
https://www.brahmakumaris.com/soul-sustenance/9th-may-2023-ss/,Next.js (Modern),200
https://www.brahmakumaris.com/kalp-taruh/,WordPress (Legacy),200
https://www.brahmakumaris.com/soul-sustenance/churning-wisdom-and-experiencing-its-benefits-part-1/,Next.js (Modern),200
https://www.brahmakumaris.com/soul-sustenance/do-you-believe-in-god-do-you-feel-his-presence/,Next.js (Modern),200
https://www.brahmakumaris.com/soul-sustenance/ss-hindi/parivartan-ke-samay-sthir-rehne-ke-tarike/,Next.js (Modern),200
https://www.brahmakumaris.com/soul-sustenance/celebrating-christmas-with-a-spiritual-consciousness/,Next.js (Modern),200
https://www.brahmakumaris.com/soul-sustenance/you-can-change-any-habit/,Next.js (Modern),200
https://www.brahmakumaris.com/soul-sustenance/ss-hindi/rishton-ki-gunvatta-aur-madhurta-badhane-ke-10-prabhavshali-upay-bhag-1/,Next.js (Modern),200
https://www.brahmakumaris.com/soul-sustenance/ss-hindi/19th-jun-2023-ssh/,Next.js (Modern),200
https://www.brahmakumaris.com/soul-sustenance/ruling-the-kingdom-of-the-mind-part-2/,Next.js (Modern),200
https://www.brahmakumaris.com/soul-sustenance/include-these-5-points-of-self-respect-in-your-life-part-1/,Next.js (Modern),200
https://www.brahmakumaris.com/soul-sustenance/6th-jul-2023-ss/,Next.js (Modern),200
https://www.brahmakumaris.com/soul-sustenance/ss-hindi/apne-jeevan-vriksh-ki-shakhaon-se-lagaav-mukt-rahein/,Next.js (Modern),200
https://www.brahmakumaris.com/soul-sustenance/14th-oct-soul-sustenance/,Next.js (Modern),200
https://www.brahmakumaris.com/soul-sustenance/ss-hindi/parmatma-kaise-is-vishva-ko-pure-banate-hain-bhag-2/,Next.js (Modern),200
https://www.brahmakumaris.com/soul-sustenance/balance-5-types-of-health/,Next.js (Modern),200
https://www.brahmakumaris.com/soul-sustenance/ss-hindi/sakaratmak-vicharo-ke-sath-jeevan-jeena-bhag-3/,Next.js (Modern),200
https://www.brahmakumaris.com/soul-sustenance/stable-in-appreciation/,Next.js (Modern),200
https://www.brahmakumaris.com/soul-sustenance/ss-hindi/un-logon-prati-bhi-aabhari-rahein-jo-hamare-sath-sahi-nahi-hein/,Next.js (Modern),200
https://www.brahmakumaris.com/anubhavgatha/bk-puri-bhai/,WordPress (Legacy),200
https://www.brahmakumaris.com/soul-sustenance/5-ways-to-become-fearless/,Next.js (Modern),200
https://www.brahmakumaris.com/soul-sustenance/ss-hindi/kya-hamne-parmatama-ka-dil-jeet-liya-hei/,Next.js (Modern),200
https://www.brahmakumaris.com/soul-sustenance/29th-oct-soul-sustenance/,Next.js (Modern),200
https://www.brahmakumaris.com/soul-sustenance/ss-hindi/shanti-ka-anubhav-karne-ke-liye-5-affirmation/,Next.js (Modern),200
https://www.brahmakumaris.com/soul-sustenance/can-we-change-our-destiny/,Next.js (Modern),200
https://www.brahmakumaris.com/soul-sustenance/appreciating-people-genuinely-and-generously/,Next.js (Modern),200
https://www.brahmakumaris.com/soul-sustenance/ss-hindi/23rd-apr-2023-ssh/,Next.js (Modern),200
https://www.brahmakumaris.com/soul-sustenance/7-techniques-to-let-go-off-the-past-part-2/,Next.js (Modern),200
https://www.brahmakumaris.com/soul-sustenance/ss-hindi/rishton-mei-non-judgemental-banein/,Next.js (Modern),200
https://www.brahmakumaris.com/soul-sustenance/12th-apr-2023-ss/,Next.js (Modern),200
https://www.brahmakumaris.com/soul-sustenance/ss-hindi/29th-aug-2023-ssh/,Next.js (Modern),200
https://www.brahmakumaris.com/anubhavgatha/bk-raj-didi-amritsar/,WordPress (Legacy),200
https://www.brahmakumaris.com/soul-sustenance/17th-may-soul-sustenance/,Next.js (Modern),200
https://www.brahmakumaris.com/blog/rajyog-meditation/invoking-the-power-to-discern/,WordPress (Legacy),200
https://www.brahmakumaris.com/soul-sustenance/ss-hindi/5-points-se-jeevan-ko-atma-samman-se-bharein-bhag-2/,Next.js (Modern),200
https://www.brahmakumaris.com/rajyogteachers/sister-jayanti/,WordPress (Legacy),200
https://www.brahmakumaris.com/soul-sustenance/ss-hindi/sahi-karm-ka-chunav-karien-bhag-2/,Next.js (Modern),200
https://www.brahmakumaris.com/soul-sustenance/ss-hindi/apne-vyaktitva-mei-satytaa-laayein-bhag-1/,Next.js (Modern),200
https://www.brahmakumaris.com/web-stories/6-steps-to-experience-better-sleep/,WordPress (Legacy),200
https://www.brahmakumaris.com/soul-sustenance/ss-hindi/nakaratmak-reaction-ko-positive-response-mein-badalna/,Next.js (Modern),200
https://www.brahmakumaris.com/,WordPress (Legacy),200
https://www.brahmakumaris.com/blog/hindi-blog/shaktiyon-ka-pujan-navratri-mein/,WordPress (Legacy),200
https://www.brahmakumaris.com/blog/rajyog-meditation/being-in-the-present-moment/,WordPress (Legacy),200
https://www.brahmakumaris.com/blog/hindi-blog/story-of-maa-durga-on-navratri/,WordPress (Legacy),200
https://www.brahmakumaris.com/headquarters/gyansarovar/,WordPress (Legacy),200
https://www.brahmakumaris.com/soul-sustenance/the-lost-paradise-regaining-it-with-the-help-of-god-part-1-2/,Next.js (Modern),200
https://www.brahmakumaris.com/soul-sustenance/4th-apr-2023-ss/,Next.js (Modern),200
https://www.brahmakumaris.com/soul-sustenance/14th-jun-2023-ss/,Next.js (Modern),200
https://www.brahmakumaris.com/soul-sustenance/ss-hindi/dos-and-donts-of-meditation-part-2/,Next.js (Modern),200
https://www.brahmakumaris.com/blog/brahma-baba-articles/mahila-shashaktikaran/,WordPress (Legacy),200
https://www.brahmakumaris.com/soul-sustenance/lets-heal-the-world-with-our-blessings-part-2/,Next.js (Modern),200
https://www.brahmakumaris.com/soul-sustenance/ss-hindi/hamen-jeevan-mein-aadhytmikta-ki-aavshyakta-kyon-hei/,Next.js (Modern),200
https://www.brahmakumaris.com/blog/self-development/how-to-deal-with-dilemmas/,WordPress (Legacy),200
https://www.brahmakumaris.com/soul-sustenance/ss-hindi/sharirik-bimariyon-se-upar-uthein/,Next.js (Modern),200
https://www.brahmakumaris.com/blog/hindi-blog/mahashivratri-aatma-ka-divya-jagran/,WordPress (Legacy),200
https://www.brahmakumaris.com/blog/when-will-the-world-transform-for-good/,WordPress (Legacy),200
https://www.brahmakumaris.com/soul-sustenance/ss-hindi/parmatma-aadhytmik-beej-ke-saath-judna/,Next.js (Modern),200
https://www.brahmakumaris.com/soul-sustenance/creating-a-perfect-personality-for-success-part-2/,Next.js (Modern),200
https://www.brahmakumaris.com/soul-sustenance/ss-hindi/swayn-ko-emotional-bhavnatmak-detox-dein/,Next.js (Modern),200
https://www.brahmakumaris.com/blog/bkshivani/children/avoid-these-mistakes-while-disciplining-children/,WordPress (Legacy),200
https://www.brahmakumaris.com/soul-sustenance/ss-hindi/devi-devtaon-ke-36-divya-gun/,Next.js (Modern),200
https://www.brahmakumaris.com/soul-sustenance/make-everyday-a-no-complaint-day/,Next.js (Modern),200
https://www.brahmakumaris.com/soul-sustenance/10-pearls-of-meditation-part-1/,Next.js (Modern),200
https://www.brahmakumaris.com/blog/self-development/the-importance-of-values-in-life/,WordPress (Legacy),200
https://www.brahmakumaris.com/soul-sustenance/ss-hindi/15th-feb-2023-ssh/,Next.js (Modern),200
https://www.brahmakumaris.com/soul-sustenance/22nd-apr-2023-ss/,Next.js (Modern),200
https://www.brahmakumaris.com/soul-sustenance/ss-hindi/vicharon-aur-chitron-ka-sukshm-khel-bhag-2/,Next.js (Modern),200
https://www.brahmakumaris.com/web-stories/4-powerful-tips-to-deal-with-lifes-difficult-moments/,WordPress (Legacy),200
https://www.brahmakumaris.com/soul-sustenance/discriminating-correctly-and-clearly/,Next.js (Modern),200
https://www.brahmakumaris.com/soul-sustenance/ss-hindi/niswarth-prem-sundar-sambandhon-ki-chabhi-hei-bhag-5/,Next.js (Modern),200
https://www.brahmakumaris.com/soul-sustenance/stop-entangling-with-peoples-energies/,Next.js (Modern),200
https://www.brahmakumaris.com/soul-sustenance/ss-hindi/10th-jun-2023-ssh/,Next.js (Modern),200
https://www.brahmakumaris.com/soul-sustenance/ss-hindi/devi-devtaon-ki-5-yogyataein/,Next.js (Modern),200
https://www.brahmakumaris.com/blog/bkshivani/god/say-1-line-to-get-gods-answer-to-your-problem/,WordPress (Legacy),200
https://www.brahmakumaris.com/soul-sustenance/experiencing-compassion-for-people-who-are-different/,Next.js (Modern),200
https://www.brahmakumaris.com/soul-sustenance/shifting-from-control-to-concern/,Next.js (Modern),200
https://www.brahmakumaris.com/soul-sustenance/ss-hindi/30th-jul-2023-ssh/,Next.js (Modern),200
https://www.brahmakumaris.com/soul-sustenance/the-lost-paradise-regaining-it-with-the-help-of-god-part-1/,Next.js (Modern),200
https://www.brahmakumaris.com/soul-sustenance/21st-jun-2023-ss/,Next.js (Modern),200
https://www.brahmakumaris.com/soul-sustenance/connecting-with-god-the-spiritual-seed/,Next.js (Modern),200
https://www.brahmakumaris.com/rajyogteachers/bk-karuna-bhai/,WordPress (Legacy),200
https://www.brahmakumaris.com/soul-sustenance/should-we-be-emotional-or-not-part-3/,Next.js (Modern),200
https://www.brahmakumaris.com/soul-sustenance/ss-hindi/sweekar-karna-takat-hei-kamjori-nahin/,Next.js (Modern),200
https://www.brahmakumaris.com/kalp-taruh/download/,WordPress (Legacy),200
https://www.brahmakumaris.com/soul-sustenance/ss-hindi/apni-khushiyon-ko-kal-par-na-taalein/,Next.js (Modern),200
https://www.brahmakumaris.com/soul-sustenance/ss-hindi/tanaav-rahit-jeevan-jiyein/,Next.js (Modern),200
https://www.brahmakumaris.com/soul-sustenance/ss-hindi/duaaein-dein-duaaein-lein/,Next.js (Modern),200
https://www.brahmakumaris.com/soul-sustenance/ss-hindi/aatma-aur-uske-dwara-kiye-jaane-wale-karya-ka-ahsas-hona-bhag-1/,Next.js (Modern),200
https://www.brahmakumaris.com/blog/bkshivani/self-love/how-one-thought-can-change-your-life-forever/,WordPress (Legacy),200
https://www.brahmakumaris.com/soul-sustenance/experiencing-spiritual-progress-in-groups-part-1/,Next.js (Modern),200
https://www.brahmakumaris.com/soul-sustenance/ss-hindi/kya-aap-parmatma-mei-vishwas-karte-hein-aur-unki-upasthiti-ko-mahsus-karte-hein/,Next.js (Modern),200
https://www.brahmakumaris.com/soul-sustenance/16th-feb-2023-ss/,Next.js (Modern),200
https://www.brahmakumaris.com/blog/bkshivani/happiness/the-power-of-thoughts-creating-happiness-from-within/,WordPress (Legacy),200
https://www.brahmakumaris.com/soul-sustenance/executing-right-habits-consistently/,Next.js (Modern),200
https://www.brahmakumaris.com/soul-sustenance/5-points-of-wisdom-for-overcoming-jealousy/,Next.js (Modern),200
https://www.brahmakumaris.com/soul-sustenance/a-message-from-god-on-maha-shivratri-part-4/,Next.js (Modern),200
https://www.brahmakumaris.com/soul-sustenance/ss-hindi/jeevan-hamesha-uchit-hei-ise-anuchit-na-kahein/,Next.js (Modern),200
https://www.brahmakumaris.com/blog/hindi-blog/navratri-atma-ki-jyoti-jagane-ka-parv/,WordPress (Legacy),200
https://www.brahmakumaris.com/soul-sustenance/celebrating-the-happiness-of-others/,Next.js (Modern),200
https://www.brahmakumaris.com/soul-sustenance/the-lost-paradise-regaining-it-with-the-help-of-god-part-3/,Next.js (Modern),200
https://www.brahmakumaris.com/web-stories/what-is-the-right-age-for-meditation/,WordPress (Legacy),200
https://www.brahmakumaris.com/soul-sustenance/experience-happiness-in-thoughts-not-things/,Next.js (Modern),200
https://www.brahmakumaris.com/soul-sustenance/ss-hindi/spiritual-progress-ke-liye-daily-chart-kaise-rakhein/,Next.js (Modern),200
https://www.brahmakumaris.com/soul-sustenance/ss-hindi/15th-may-2023-ssh/,Next.js (Modern),200
https://www.brahmakumaris.com/blog/self-development/keep-your-aura-clean-and-clear/,WordPress (Legacy),200
https://www.brahmakumaris.com/rajyogteachers/dadi-sandeshi/,WordPress (Legacy),200
https://www.brahmakumaris.com/soul-sustenance/ss-hindi/%e0%a4%9a%e0%a4%bf%e0%a4%82%e0%a4%a4%e0%a4%be-%e0%a4%95%e0%a4%b0%e0%a4%a8%e0%a5%87-%e0%a4%95%e0%a5%80-%e0%a4%86%e0%a4%a6%e0%a4%a4-%e0%a4%95%e0%a5%8b-%e0%a4%93%e0%a4%b5%e0%a4%b0%e0%a4%95%e0%a4%ae/,Next.js (Modern),200
https://www.brahmakumaris.com/soul-sustenance/ss-hindi/logon-par-label-na-lagaein-balki-samman-dein/,Next.js (Modern),200
https://www.brahmakumaris.com/anubhavgatha/dadi-brijindra/,WordPress (Legacy),200
https://www.brahmakumaris.com/soul-sustenance/21st-may-soul-sustenance/,Next.js (Modern),200
https://www.brahmakumaris.com/soul-sustenance/22nd-may-2023-ss/,Next.js (Modern),200
https://www.brahmakumaris.com/soul-sustenance/colouring-forgiveness-on-the-canvas-of-your-mind-part-2/,Next.js (Modern),200
https://www.brahmakumaris.com/soul-sustenance/31st-jan-2023-ss/,Next.js (Modern),200
https://www.brahmakumaris.com/soul-sustenance/overcoming-worry-by-changing-your-beliefs-part-1/,Next.js (Modern),200
https://www.brahmakumaris.com/soul-sustenance/ss-hindi/samay-shrestha-healer-nahi-hei/,Next.js (Modern),200
https://www.brahmakumaris.com/soul-sustenance/experiencing-the-spiritual-beauty-of-christmas-part-2/,Next.js (Modern),200
https://www.brahmakumaris.com/soul-sustenance/ss-hindi/hamare-vichar-hamare-bhagya-ka-nirman-kaise-karte-hein-bhag-1/,Next.js (Modern),200
https://www.brahmakumaris.com/soul-sustenance/ss-hindi/har-din-perfect-hei/,Next.js (Modern),200
https://www.brahmakumaris.com/rajyogteachers/dadi-kunj/,WordPress (Legacy),200
https://www.brahmakumaris.com/blog/spirituality/misconceptions-about-meditation/,WordPress (Legacy),200
https://www.brahmakumaris.com/soul-sustenance/ss-hindi/bhojan-ke-palon-ka-aanand-lein-aur-pyaar-karein/,Next.js (Modern),200
https://www.brahmakumaris.com/soul-sustenance/creating-a-world-of-forgiveness-part-3/,Next.js (Modern),200
https://www.brahmakumaris.com/soul-sustenance/choose-your-actions-correctly-in-every-sphere-of-life-part-1/,Next.js (Modern),200
https://www.brahmakumaris.com/soul-sustenance/ss-hindi/apne-vyaktitva-mei-satytaa-laayein-bhag-2/,Next.js (Modern),200
https://www.brahmakumaris.com/soul-sustenance/overcoming-the-fear-of-public-speaking/,Next.js (Modern),200
https://www.brahmakumaris.com/soul-sustenance/competition-and-co-operation/,Next.js (Modern),200
https://www.brahmakumaris.com/rajyogteachers/dadi-dhyaani/,WordPress (Legacy),200
https://www.brahmakumaris.com/soul-sustenance/ss-hindi/parmatma-se-judkar-apni-divyta-ko-anubhav-karein-bhag-1/,Next.js (Modern),200
https://www.brahmakumaris.com/soul-sustenance/ss-hindi/saralata-ko-apne-jeevan-ka-atut-hissa-banaein/,Next.js (Modern),200
https://www.brahmakumaris.com/soul-sustenance/ss-hindi/dos-and-donts-of-meditation-part-1/,Next.js (Modern),200
https://www.brahmakumaris.com/blog/dadi-prakashmani/virtues-specialities/,WordPress (Legacy),200
https://www.brahmakumaris.com/soul-sustenance/ss-hindi/8th-apr-2023-ssh/,Next.js (Modern),200
https://www.brahmakumaris.com/soul-sustenance/4th-jun-2023-ss/,Next.js (Modern),200
https://www.brahmakumaris.com/anubhavgatha/bk-sudhesh-didi/,WordPress (Legacy),200
https://www.brahmakumaris.com/soul-sustenance/stability-in-appreciation-and-criticism-2/,Next.js (Modern),200
https://www.brahmakumaris.com/soul-sustenance/ss-hindi/apne-jeevan-mei-6-prakar-ki-santushta-laayein-2/,Next.js (Modern),200
https://www.brahmakumaris.com/soul-sustenance/ss-hindi/25th-jun-2023-ssh/,Next.js (Modern),200
https://www.brahmakumaris.com/soul-sustenance/ss-hindi/30th-apr-2023-ssh/,Next.js (Modern),200
https://www.brahmakumaris.com/soul-sustenance/ss-hindi/apne-mul-swabhav-shanti-aur-prem-ka-anubhav-karein-bhag-3/,Next.js (Modern),200
https://www.brahmakumaris.com/soul-sustenance/ss-hindi/apne-shabdon-ki-urjaa-ko-badhaein/,Next.js (Modern),200
https://www.brahmakumaris.com/soul-sustenance/ss-hindi/7th-apr-2023-ssh/,Next.js (Modern),200
https://www.brahmakumaris.com/soul-sustenance/experiencing-peace-and-love-our-original-nature-part-1/,Next.js (Modern),200
https://www.brahmakumaris.com/soul-sustenance/ss-hindi/4th-jul-2023-ssh/,Next.js (Modern),200
https://www.brahmakumaris.com/soul-sustenance/why-are-we-losing-self-control/,Next.js (Modern),200
https://www.brahmakumaris.com/soul-sustenance/5-benefits-of-experiencing-god-with-us-part-5/,Next.js (Modern),200
https://www.brahmakumaris.com/blog/bkshivani/festivals-bs/shivratri-essence-behind-awakening-fasting-bhang/,WordPress (Legacy),200
https://www.brahmakumaris.com/soul-sustenance/ss-hindi/13th-mar-2023-ssh/,Next.js (Modern),200
https://www.brahmakumaris.com/soul-sustenance/do-we-feel-the-need-for-change-in-the-world/,Next.js (Modern),200
https://www.brahmakumaris.com/soul-sustenance/27th-jan-2023-ss/,Next.js (Modern),200
https://www.brahmakumaris.com/soul-sustenance/ss-hindi/apne-man-ke-canvas-par-kshma-karne-ke-rang-bharein-bhag-2/,Next.js (Modern),200
https://www.brahmakumaris.com/rajyogteachers/,WordPress (Legacy),200
https://www.brahmakumaris.com/soul-sustenance/13th-mar-2023-ss/,Next.js (Modern),200
https://www.brahmakumaris.com/soul-sustenance/making-concentration-your-nature/,Next.js (Modern),200
https://www.brahmakumaris.com/soul-sustenance/becoming-free-from-the-desire-for-praise-part-2/,Next.js (Modern),200
https://www.brahmakumaris.com/blog/bkshivani/happiness/2-ways-to-multiply-your-happiness-and-blessings/,WordPress (Legacy),200
https://www.brahmakumaris.com/soul-sustenance/5-gifts-to-god/,Next.js (Modern),200
https://www.brahmakumaris.com/soul-sustenance/withdraw-from-outer-chaos-and-inner-emotions/,Next.js (Modern),200
https://www.brahmakumaris.com/soul-sustenance/8th-may-2023-ss/,Next.js (Modern),200
https://www.brahmakumaris.com/soul-sustenance/28th-jun-2023-ss/,Next.js (Modern),200
https://www.brahmakumaris.com/blog/brahma-baba-articles/a-universal-man/,WordPress (Legacy),200
https://www.brahmakumaris.com/soul-sustenance/10-new-beliefs-for-positive-living-part-4/,Next.js (Modern),200
https://www.brahmakumaris.com/soul-sustenance/ss-hindi/log-jaanbujhkar-haani-nahin-pahunchate/,Next.js (Modern),200
https://www.brahmakumaris.com/anubhavgatha/dadi-pushpshanta-ji/,WordPress (Legacy),200
https://www.brahmakumaris.com/amritmahotsav/galleries/,WordPress (Legacy),200
https://www.brahmakumaris.com/soul-sustenance/how-to-be-contented-always/,Next.js (Modern),200
https://www.brahmakumaris.com/soul-sustenance/churning-wisdom-and-experiencing-its-benefits-part-3/,Next.js (Modern),200
https://www.brahmakumaris.com/soul-sustenance/ss-hindi/12th-jun-2023-ssh/,Next.js (Modern),200
https://www.brahmakumaris.com/soul-sustenance/enjoying-the-sightseeing-of-your-life-part-2/,Next.js (Modern),200
https://www.brahmakumaris.com/soul-sustenance/5-ways-of-making-our-relationships-beautiful-part-2/,Next.js (Modern),200
https://www.brahmakumaris.com/blog/brahma-baba-articles/ek-aloukik-safar/,WordPress (Legacy),200
https://www.brahmakumaris.com/soul-sustenance/ss-hindi/ham-apna-aatm-niyantran-kyon-khote-jaa-rahen-hein/,Next.js (Modern),200
https://www.brahmakumaris.com/soul-sustenance/ss-hindi/karyasthal-par-imaandaari-ka-pradarshan-karein/,Next.js (Modern),200
https://www.brahmakumaris.com/soul-sustenance/a-healthy-emotional-diet-for-the-mind-part-3/,Next.js (Modern),200
https://www.brahmakumaris.com/soul-sustenance/ss-hindi/21st-apr-2023-ssh/,Next.js (Modern),200
https://www.brahmakumaris.com/soul-sustenance/an-attitude-of-abundance/,Next.js (Modern),200
https://www.brahmakumaris.com/soul-sustenance/changing-negative-thoughts-with-spiritual-power-part-2/,Next.js (Modern),200
https://www.brahmakumaris.com/soul-sustenance/29th-apr-2023-ss/,Next.js (Modern),200
https://www.brahmakumaris.com/blog/self-development/value-vs-waste/,WordPress (Legacy),200
https://www.brahmakumaris.com/brahma-baba/movies-videos/,WordPress (Legacy),200
https://www.brahmakumaris.com/soul-sustenance/forgive-and-forget/,Next.js (Modern),200
https://www.brahmakumaris.com/blog/specialdays/yog-is-a-gift-to-the-humanity-by-god/,WordPress (Legacy),200
https://www.brahmakumaris.com/soul-sustenance/ss-hindi/dusron-ki-parwah-karna-mana-unki-chinta-karna-bhag-1/,Next.js (Modern),200
https://www.brahmakumaris.com/soul-sustenance/ss-hindi/kaam-ke-tanav-ko-dur-karne-ke-5-tips/,Next.js (Modern),200
https://www.brahmakumaris.com/anubhavgatha/bk-kamlesh-didi-bhatinda/,WordPress (Legacy),200
https://www.brahmakumaris.com/soul-sustenance/ss-hindi/31st-jul-2023-ssh/,Next.js (Modern),200
https://www.brahmakumaris.com/soul-sustenance/ss-hindi/dusron-ko-dene-wale-banein-bhag-2/,Next.js (Modern),200
https://www.brahmakumaris.com/blog/festivals/navratri/devi-gayatri-power-to-discern/,WordPress (Legacy),200
https://www.brahmakumaris.com/soul-sustenance/ss-hindi/chinta-aur-tanaav-se-mukt-sansaar-ki-rachna-karein-bhag-1/,Next.js (Modern),200
https://www.brahmakumaris.com/soul-sustenance/ss-hindi/samadhan-par-focus-karein-naaki-samasya-par/,Next.js (Modern),200
https://www.brahmakumaris.com/soul-sustenance/22nd-jul-2023-ss/,Next.js (Modern),200
https://www.brahmakumaris.com/soul-sustenance/connecting-to-god-with-the-umbilical-cord-of-meditation-part-1/,Next.js (Modern),200
https://www.brahmakumaris.com/soul-sustenance/ss-hindi/vicharon-par-nakaratmak-prabhav-se-upar-uthna-bhag-1/,Next.js (Modern),200
https://www.brahmakumaris.com/soul-sustenance/ss-hindi/apne-adaptability-quotient-anukulan-bhag-ko-check-karein/,Next.js (Modern),200
https://www.brahmakumaris.com/rajyogteachers/bk-vidhatri/,WordPress (Legacy),200
https://www.brahmakumaris.com/soul-sustenance/connect-more-with-people-face-to-face-not-online/,Next.js (Modern),200
https://www.brahmakumaris.com/blog/bkshivani/self-love/stand-by-your-decision/,WordPress (Legacy),200
https://www.brahmakumaris.com/soul-sustenance/ss-hindi/man-ke-liye-healthy-emotional-diet-bhag-4/,Next.js (Modern),200
https://www.brahmakumaris.com/soul-sustenance/ss-hindi/ekagrata-ko-natural-nature-banayein/,Next.js (Modern),200
https://www.brahmakumaris.com/soul-sustenance/ss-hindi/khoya-hua-swarg-punah-prapt-karna-bhag-3/,Next.js (Modern),200
https://www.brahmakumaris.com/soul-sustenance/9th-apr-2023-ss/,Next.js (Modern),200
https://www.brahmakumaris.com/blog/festivals/raksha-bandhan/festival-of-brotherhood-and-purity/,WordPress (Legacy),200
https://www.brahmakumaris.com/blog/festivals/ganesh-chaturthi/sri-ganesh-ji-10-lessons-for-overcoming-lifes-challenges-and-obstacles/,WordPress (Legacy),200
https://www.brahmakumaris.com/soul-sustenance/purifying-food-water-and-air-for-good-health-part-1/,Next.js (Modern),200
https://www.brahmakumaris.com/soul-sustenance/5-benefits-of-experiencing-god-with-us-part-4/,Next.js (Modern),200
https://www.brahmakumaris.com/soul-sustenance/ss-hindi/parmatm-prem-ke-pankhon-dwara-udna/,Next.js (Modern),200
https://www.brahmakumaris.com/soul-sustenance/ss-hindi/%e0%a4%ae%e0%a5%87%e0%a4%a1%e0%a4%bf%e0%a4%9f%e0%a5%87%e0%a4%b6%e0%a4%a8-%e0%a4%95%e0%a5%88%e0%a4%b8%e0%a5%87-%e0%a4%95%e0%a4%b0%e0%a5%87%e0%a4%82-%e0%a4%8f%e0%a4%95-%e0%a4%ac%e0%a5%87%e0%a4%b8/,Next.js (Modern),200
https://www.brahmakumaris.com/soul-sustenance/ss-hindi/19th-mar-2023-ssh/,Next.js (Modern),200
https://www.brahmakumaris.com/soul-sustenance/is-worrying-for-others-caring-for-them-part-1/,Next.js (Modern),200
https://www.brahmakumaris.com/soul-sustenance/the-importance-of-thought-energy-in-relationships-part-1/,Next.js (Modern),200
https://www.brahmakumaris.com/soul-sustenance/ss-hindi/pariksha-mein-safalta-prapt-karne-ke-8-tarike-bhag-1/,Next.js (Modern),200
https://www.brahmakumaris.com/soul-sustenance/basic-principles-of-true-success/,Next.js (Modern),200
https://www.brahmakumaris.com/soul-sustenance/ss-hindi/rishton-mein-maaf-karna-aur-bhool-jana/,Next.js (Modern),200
https://www.brahmakumaris.com/soul-sustenance/ss-hindi/logon-se-aamane-samane-milein-naki-online/,Next.js (Modern),200
https://www.brahmakumaris.com/blog/the-art-of-soul-consciousnes/,WordPress (Legacy),200
https://www.brahmakumaris.com/blog/rajyog-meditation/understanding-soul-consciousness/,WordPress (Legacy),200
https://www.brahmakumaris.com/soul-sustenance/ss-hindi/niswarth-prem-ki-sundarta/,Next.js (Modern),200
https://www.brahmakumaris.com/soul-sustenance/ss-hindi/parmatma-ke-sapno-ka-bharat-banein-bhag-2-swatantrata-divas-15-august-par-aadhytmik-sandesh/,Next.js (Modern),200
https://www.brahmakumaris.com/storytime/power-st/vo-raat-jab-bechain-man-ko-sukoon-mila/,WordPress (Legacy),200
https://www.brahmakumaris.com/soul-sustenance/ss-hindi/jab-hum-badlenge-tab-dusre-log-bhi-badlenge-bhag-3/,Next.js (Modern),200
https://www.brahmakumaris.com/soul-sustenance/keeping-your-mind-light-and-energized-always/,Next.js (Modern),200
https://www.brahmakumaris.com/blog/bkshivani/self-love/love-yourself-the-armor-against-insults/,WordPress (Legacy),200
https://www.brahmakumaris.com/soul-sustenance/ss-hindi/24th-aug-2023-ssh/,Next.js (Modern),200
https://www.brahmakumaris.com/soul-sustenance/ss-hindi/santushtata-ka-gun-radiate-karein/,Next.js (Modern),200
https://www.brahmakumaris.com/soul-sustenance/ss-hindi/apne-beliefs-ko-check-karein-aur-chinta-par-kabu-paayein-bhag-2/,Next.js (Modern),200
https://www.brahmakumaris.com/soul-sustenance/ss-hindi/sakaratmak-vicharo-se-sakaratmak-swasthya-banayein/,Next.js (Modern),200
https://www.brahmakumaris.com/soul-sustenance/ss-hindi/apno-dwara-asweekar-kiye-jaane-par-kaise-sambhlein/,Next.js (Modern),200
https://www.brahmakumaris.com/soul-sustenance/ss-hindi/sahi-tarike-se-karya-karne-ka-chunav-karien-bhag-1/,Next.js (Modern),200
https://www.brahmakumaris.com/soul-sustenance/know-your-strengths-and-weaknesses/,Next.js (Modern),200
https://www.brahmakumaris.com/soul-sustenance/ss-hindi/3rd-jun-2023-ssh/,Next.js (Modern),200
https://www.brahmakumaris.com/soul-sustenance/why-do-we-need-spirituality-in-our-lives/,Next.js (Modern),200
https://www.brahmakumaris.com/soul-sustenance/ss-hindi/meditation-se-sakaratmak-vatavaran/,Next.js (Modern),200
https://www.brahmakumaris.com/jal-jan-abhiyan/inspirations/,WordPress (Legacy),200
https://www.brahmakumaris.com/soul-sustenance/experiencing-spiritual-progress-in-groups-part-2/,Next.js (Modern),200
https://www.brahmakumaris.com/soul-sustenance/keep-your-aura-clean-and-clear-2/,Next.js (Modern),200
https://www.brahmakumaris.com/soul-sustenance/30th-oct-soul-sustenance/,Next.js (Modern),200
https://www.brahmakumaris.com/blog/hindi-blog/seva-ka-gehra-svaroop-man-vachan-karm-dwara/,WordPress (Legacy),200
https://www.brahmakumaris.com/soul-sustenance/ss-hindi/perfect-relationship-ke-liye-aapsi-muddon-ko-suljhaein/,Next.js (Modern),200
https://www.brahmakumaris.com/soul-sustenance/overcoming-mental-pressures-and-stress-part-3/,Next.js (Modern),200
https://www.brahmakumaris.com/soul-sustenance/ss-hindi/apne-har-din-ko-no-complaint-day-banayein/,Next.js (Modern),200
https://www.brahmakumaris.com/soul-sustenance/16th-jun-2023-ss/,Next.js (Modern),200
https://www.brahmakumaris.com/soul-sustenance/ss-hindi/hamesha-santusht-kaise-rahein/,Next.js (Modern),200
https://www.brahmakumaris.com/blog/festivals/ganesh-chaturthi/,WordPress (Legacy),200
https://www.brahmakumaris.com/blog/spirituality/sustaining-respect-through-spirituality/,WordPress (Legacy),200
https://www.brahmakumaris.com/category/dadi-gulzar/,WordPress (Legacy),200
https://www.brahmakumaris.com/anubhavgatha/didi-manmohini-ji/,WordPress (Legacy),200
https://www.brahmakumaris.com/soul-sustenance/ss-hindi/mushkil-samay-mein-logon-se-baat-karein-unke-baare-mein-baatein-na-karein/,Next.js (Modern),200
https://www.brahmakumaris.com/blog/bkshivani/power/1-power-needed-to-finish-emotional-weakness/,WordPress (Legacy),200
https://www.brahmakumaris.com/soul-sustenance/maha-shivratri-2025-lets-recognize-gods-presence-and-take-his-inheritance/,Next.js (Modern),200
https://www.brahmakumaris.com/soul-sustenance/filling-yourself-with-all-qualities-and-powers/,Next.js (Modern),200
https://www.brahmakumaris.com/soul-sustenance/meditation-an-easy-technique-for-self-transformation-part-2/,Next.js (Modern),200
https://www.brahmakumaris.com/soul-sustenance/maintaining-soul-consciousness-in-action-part-3/,Next.js (Modern),200
https://www.brahmakumaris.com/soul-sustenance/ss-hindi/kya-aapka-mindset-survival-ka-hei-ya-serving-ka/,Next.js (Modern),200
https://www.brahmakumaris.com/soul-sustenance/ss-hindi/27th-mar-2023-ssh/,Next.js (Modern),200
https://www.brahmakumaris.com/soul-sustenance/ss-hindi/kya-aap-sach-mein-swayn-ko-badalna-chahte-hein/,Next.js (Modern),200
https://www.brahmakumaris.com/soul-sustenance/overcoming-obstacles-with-a-powerful-consciousness-of-faith-part-1/,Next.js (Modern),200
https://www.brahmakumaris.com/soul-sustenance/ss-hindi/apshakun-aut-andhvishwas-se-pare-jeevan-jiyein/,Next.js (Modern),200
https://www.brahmakumaris.com/soul-sustenance/what-will-people-say/,Next.js (Modern),200
https://www.brahmakumaris.com/blog/festivals/the-spiritual-significance-of-the-holy-christmas/,WordPress (Legacy),200
https://www.brahmakumaris.com/blog/self-development/the-silent-power-within-how-our-vibrations-shape-everything/,WordPress (Legacy),200
https://www.brahmakumaris.com/blog/specialdays/international-day-of-peace-and-cultivating-inner-peace/,WordPress (Legacy),200
https://www.brahmakumaris.com/blog/dadi-prakashmani/leader-who-created-only-leaders/,WordPress (Legacy),200
https://www.brahmakumaris.com/category/blog/bkshivani/god/,WordPress (Legacy),200
https://www.brahmakumaris.com/soul-sustenance/ss-hindi/dusron-ko-samjhane-se-pahle-swayn-ko-samjhein/,Next.js (Modern),200
https://www.brahmakumaris.com/soul-sustenance/ss-hindi/10th-aug-2023-ssh/,Next.js (Modern),200
https://www.brahmakumaris.com/soul-sustenance/do-love-and-pain-go-hand-in-hand/,Next.js (Modern),200
https://www.brahmakumaris.com/blog/spirituality/celibacy-a-must-for-real-independence/,WordPress (Legacy),200
https://www.brahmakumaris.com/soul-sustenance/experiencing-high-self-esteem-constantly/,Next.js (Modern),200
https://www.brahmakumaris.com/storytime/karma-st/the-unseen-threads-of-karma/,WordPress (Legacy),200
https://www.brahmakumaris.com/soul-sustenance/ss-hindi/har-kadam-par-drudhnischayi-aur-sakaratmak-bane-rahein-bhag-3/,Next.js (Modern),200
https://www.brahmakumaris.com/soul-sustenance/ss-hindi/jeevan-ke-adrushya-support-system-bhag-2/,Next.js (Modern),200
https://www.brahmakumaris.com/soul-sustenance/mindset-of-surviving-or-a-mindset-of-serving/,Next.js (Modern),200
https://www.brahmakumaris.com/soul-sustenance/25th-may-2023-ss/,Next.js (Modern),200
https://www.brahmakumaris.com/soul-sustenance/ss-hindi/kya-hame-bhavuk-hona-chahiye-ya-nahi-bhag-3/,Next.js (Modern),200
https://www.brahmakumaris.com/soul-sustenance/ss-hindi/meditation-aatm-parivartan-ki-ek-saral-technique-bhag-2/,Next.js (Modern),200
https://www.brahmakumaris.com/blog/rajyog-meditation/an-ancient-rajyoga-meditation-international-day-of-yoga-2024/,WordPress (Legacy),200
https://www.brahmakumaris.com/soul-sustenance/ss-hindi/photographs-aur-selfies-ki-lat-par-kaabu-pana/,Next.js (Modern),200
https://www.brahmakumaris.com/soul-sustenance/the-mind-and-its-creations/,Next.js (Modern),200
https://www.brahmakumaris.com/soul-sustenance/ss-hindi/sada-khush-rahne-ke-liye-swayam-se-ishwar-se-aur-dusron-se-prem-kar-bhag-3/,Next.js (Modern),200
https://www.brahmakumaris.com/blog/hindi-blog/rajyog-atma-ka-paramatma-se-sambandh-yog-diwas/,WordPress (Legacy),200
https://www.brahmakumaris.com/blog/hindi-blog/shivratri-a-universal-festival/,WordPress (Legacy),200
https://www.brahmakumaris.com/radio-madhuan/,WordPress (Legacy),200
https://www.brahmakumaris.com/jal-jan-abhiyan/register-waterbody/,WordPress (Legacy),200
https://www.brahmakumaris.com/anubhavgatha/bk-amirchand-bhai/,WordPress (Legacy),200
https://www.brahmakumaris.com/soul-sustenance/7-beautiful-benefits-of-meditation/,Next.js (Modern),200
https://www.brahmakumaris.com/anubhavgatha/dadi-santri-ji/,WordPress (Legacy),200
https://www.brahmakumaris.com/soul-sustenance/ss-hindi/swayn-khushiyon-ka-anubhav-karein-aur-dusron-ko-karaein-bhag-2/,Next.js (Modern),200
https://www.brahmakumaris.com/soul-sustenance/ss-hindi/apni-limits-simaon-aur-mental-barrier-se-upar-uthein-bhag-3/,Next.js (Modern),200
https://www.brahmakumaris.com/soul-sustenance/ss-hindi/14th-jun-2023-ssh/,Next.js (Modern),200
https://www.brahmakumaris.com/soul-sustenance/ss-hindi/kab-sahan-karein-aur-kab-samna-karein/,Next.js (Modern),200
https://www.brahmakumaris.com/soul-sustenance/replacing-negative-labels-given-to-the-self/,Next.js (Modern),200
https://www.brahmakumaris.com/soul-sustenance/10th-may-2023-ss/,Next.js (Modern),200
https://www.brahmakumaris.com/soul-sustenance/ss-hindi/achchaiyon-ki-apni-original-state-mei-vapas-aayein-bhag-3/,Next.js (Modern),200
https://www.brahmakumaris.com/soul-sustenance/19th-jun-2023-ss/,Next.js (Modern),200
https://www.brahmakumaris.com/soul-sustenance/ss-hindi/parmatma-se-judkar-quality-recharging-karein-bhag-2/,Next.js (Modern),200
https://www.brahmakumaris.com/blog/rajyog-meditation/governance-lessons-in-ancient-indian-ethos/,WordPress (Legacy),200
https://www.brahmakumaris.com/headquarters/,WordPress (Legacy),200
https://www.brahmakumaris.com/blog/bkshivani/power/1-thought-for-90-days-make-the-impossible-possible/,WordPress (Legacy),200
https://www.brahmakumaris.com/soul-sustenance/5th-jul-2023-ss/,Next.js (Modern),200
https://www.brahmakumaris.com/soul-sustenance/ss-hindi/apni-limits-simaaon-aur-mental-barrier-se-upar-uthein-bhag-1/,Next.js (Modern),200
https://www.brahmakumaris.com/soul-sustenance/hold-on-to-your-values-at-every-step/,Next.js (Modern),200
https://www.brahmakumaris.com/soul-sustenance/can-love-hurt-me/,Next.js (Modern),200
https://www.brahmakumaris.com/blog/hindi-blog/meditation-shuru-karne-ki-sahi-umra/,WordPress (Legacy),404
https://www.brahmakumaris.com/blog/nashamukt-bharat/principles-in-drug-addiction-counseling/,Next.js (Modern),200
https://www.brahmakumaris.com/anubhavgatha/bk-sutish-didi/,WordPress (Legacy),200
https://www.brahmakumaris.com/soul-sustenance/ss-hindi/2nd-july-2023-ssh/,Next.js (Modern),200
https://www.brahmakumaris.com/soul-sustenance/breaking-the-cycle-of-negative-energy-exchanges-part-3/,Next.js (Modern),200
https://www.brahmakumaris.com/soul-sustenance/the-mind-in-control-part-2/,Next.js (Modern),200
https://www.brahmakumaris.com/soul-sustenance/ss-hindi/sirf-samadhan-ke-baare-mein-sochein-aur-baat-karein/,Next.js (Modern),200
https://www.brahmakumaris.com/storytime/,WordPress (Legacy),200
https://www.brahmakumaris.com/soul-sustenance/ss-hindi/aaiye-insaan-banein-insani-machine-nahin-bhag-1/,Next.js (Modern),200
https://www.brahmakumaris.com/soul-sustenance/ss-hindi/nakaratmak-paristhitiyon-mei-sakaratamak-bane-rahne-ke-5-tarike/,Next.js (Modern),200
https://www.brahmakumaris.com/soul-sustenance/ss-hindi/positive-soch-aur-visualisation-create-karein/,Next.js (Modern),200
https://www.brahmakumaris.com/ktfestival/our-earth-our-responsibility-khushi-shrimali/,WordPress (Legacy),200
https://www.brahmakumaris.com/soul-sustenance/ss-hindi/christmas-ki-aadhytmaik-sundarta-ka-anubhav-karein-bhag-2/,Next.js (Modern),200
https://www.brahmakumaris.com/soul-sustenance/cooking-and-eating-with-a-spiritual-vibration-part-1/,Next.js (Modern),200
https://www.brahmakumaris.com/soul-sustenance/1st-aug-2023-ss/,Next.js (Modern),200
https://www.brahmakumaris.com/soul-sustenance/ss-hindi/25th-may-2023-ssh/,Next.js (Modern),200
https://www.brahmakumaris.com/soul-sustenance/improving-the-quality-of-energy-exchanges-with-others-part-3/,Next.js (Modern),200
https://www.brahmakumaris.com/soul-sustenance/ss-hindi/sampurna-farishta-banne-ke-paanch-saral-kadam-part-1/,Next.js (Modern),200
https://www.brahmakumaris.com/soul-sustenance/ss-hindi/jo-log-hamse-alag-hein-unke-liye-karuna-bhav-rakhein/,Next.js (Modern),200
https://www.brahmakumaris.com/soul-sustenance/24th-apr-2023-ss/,Next.js (Modern),200
https://www.brahmakumaris.com/rakshabandhan/,WordPress (Legacy),200
https://www.brahmakumaris.com/soul-sustenance/ss-hindi/kisi-sangharsh-ke-baad-samanya-baatcheet-par-aana/,Next.js (Modern),200
https://www.brahmakumaris.com/soul-sustenance/10th-aug-2023-ss/,Next.js (Modern),200
https://www.brahmakumaris.com/soul-sustenance/ss-hindi/15th-jul-2023-ssh/,Next.js (Modern),200
https://www.brahmakumaris.com/soul-sustenance/thought-vibrations-and-their-importance/,Next.js (Modern),200
https://www.brahmakumaris.com/soul-sustenance/ss-hindi/5th-may-2023-ssh/,Next.js (Modern),200
https://www.brahmakumaris.com/soul-sustenance/ss-hindi/doing-se-pahle-being-par-focus-karein/,Next.js (Modern),200
https://www.brahmakumaris.com/soul-sustenance/the-beauty-of-christmas-a-festival-of-love-and-joy-part-3/,Next.js (Modern),200
https://www.brahmakumaris.com/soul-sustenance/ss-hindi/khushi-ki-aur-yatra-ya-khushi-ki-yatra-bhag-1/,Next.js (Modern),200
https://www.brahmakumaris.com/soul-sustenance/abstain-from-gossip-and-criticism/,Next.js (Modern),200
https://www.brahmakumaris.com/soul-sustenance/giving-the-message-of-love-and-joy-to-everyone-part-1/,Next.js (Modern),200
https://www.brahmakumaris.com/soul-sustenance/think-and-talk-only-about-solutions/,Next.js (Modern),200
https://www.brahmakumaris.com/soul-sustenance/have-clarity-no-confusions/,Next.js (Modern),200
https://www.brahmakumaris.com/soul-sustenance/27th-oct-soul-sustenance/,Next.js (Modern),200
https://www.brahmakumaris.com/soul-sustenance/25th-may-soul-sustenance/,Next.js (Modern),200
https://www.brahmakumaris.com/anubhavgatha/bk-geeta-didi-batala/,WordPress (Legacy),200
https://www.brahmakumaris.com/soul-sustenance/ss-hindi/har-din-jeevan-mein-values-apnaayein/,Next.js (Modern),200
https://www.brahmakumaris.com/soul-sustenance/flying-with-the-wings-of-gods-love/,Next.js (Modern),200
https://www.brahmakumaris.com/blog/brahma-baba-articles/truly-values-the-knowledge-or-gyan/,WordPress (Legacy),200
https://www.brahmakumaris.com/soul-sustenance/11th-mar-2023-ss/,Next.js (Modern),200
https://www.brahmakumaris.com/blog/specialdays/andhakar-se-prakash-ki-aur-antarrashtriy-mahila-diwas/,WordPress (Legacy),200
https://www.brahmakumaris.com/kalp-taruh/faq/,WordPress (Legacy),200
https://www.brahmakumaris.com/anubhavgatha/%e0%a4%ac%e0%a5%80-%e0%a4%95%e0%a5%87-%e0%a4%b8%e0%a4%bf%e0%a4%b8%e0%a5%8d%e0%a4%9f%e0%a4%b0-%e0%a4%8f%e0%a4%b2%e0%a4%bf%e0%a4%9c%e0%a4%bc%e0%a4%be%e0%a4%ac%e0%a5%87%e0%a4%a5-%e0%a4%85%e0%a4%a8/,WordPress (Legacy),200
https://www.brahmakumaris.com/blog/self-development/foundation-of-a-leader/,WordPress (Legacy),200
