Match Score,Primary Page (KEEP),Duplicate Page (REMOVE / 301 REDIRECT),Recommended Action
100.0%,https://www.brahmakumaris.com/category/soul-sustenance/,https://www.brahmakumaris.com/category/soul-sustenance/ss-hindi/,Setup 301 Redirect to Primary Page and remove duplicate from sitemap
100.0%,https://www.brahmakumaris.com/soul-sustenance/,https://www.brahmakumaris.com/soul-sustenance/ss-hindi/12th-feb-ssh/,Setup 301 Redirect to Primary Page and remove duplicate from sitemap
100.0%,https://www.brahmakumaris.com/soul-sustenance/,https://www.brahmakumaris.com/soul-sustenance/be-easy-not-busy/,Setup 301 Redirect to Primary Page and remove duplicate from sitemap
100.0%,https://www.brahmakumaris.com/soul-sustenance/,https://www.brahmakumaris.com/soul-sustenance/avoiding-mood-swings/,Setup 301 Redirect to Primary Page and remove duplicate from sitemap
100.0%,https://www.brahmakumaris.com/soul-sustenance/,https://www.brahmakumaris.com/soul-sustenance/__trashed-7/,Setup 301 Redirect to Primary Page and remove duplicate from sitemap
100.0%,https://www.brahmakumaris.com/soul-sustenance/,https://www.brahmakumaris.com/soul-sustenance/forgive-and-forget/,Setup 301 Redirect to Primary Page and remove duplicate from sitemap
100.0%,https://www.brahmakumaris.com/soul-sustenance/,https://www.brahmakumaris.com/soul-sustenance/being-before-doing/,Setup 301 Redirect to Primary Page and remove duplicate from sitemap
100.0%,https://www.brahmakumaris.com/soul-sustenance/,https://www.brahmakumaris.com/soul-sustenance/5-gifts-to-god/,Setup 301 Redirect to Primary Page and remove duplicate from sitemap
100.0%,https://www.brahmakumaris.com/soul-sustenance/,https://www.brahmakumaris.com/soul-sustenance/can-love-hurt-me/,Setup 301 Redirect to Primary Page and remove duplicate from sitemap
100.0%,https://www.brahmakumaris.com/soul-sustenance/,https://www.brahmakumaris.com/soul-sustenance/letting-go-easily/,Setup 301 Redirect to Primary Page and remove duplicate from sitemap
100.0%,https://www.brahmakumaris.com/soul-sustenance/,https://www.brahmakumaris.com/soul-sustenance/the-time-is-now/,Setup 301 Redirect to Primary Page and remove duplicate from sitemap
100.0%,https://www.brahmakumaris.com/soul-sustenance/,https://www.brahmakumaris.com/soul-sustenance/pause-choose-respond/,Setup 301 Redirect to Primary Page and remove duplicate from sitemap
100.0%,https://www.brahmakumaris.com/soul-sustenance/,https://www.brahmakumaris.com/soul-sustenance/let-go-of-ego/,Setup 301 Redirect to Primary Page and remove duplicate from sitemap
100.0%,https://www.brahmakumaris.com/soul-sustenance/,https://www.brahmakumaris.com/soul-sustenance/how-to-bless-yourself/,Setup 301 Redirect to Primary Page and remove duplicate from sitemap
100.0%,https://www.brahmakumaris.com/soul-sustenance/25th-may-soul-sustenance/,https://www.brahmakumaris.com/soul-sustenance/18th-march-soul-sustenance/,Setup 301 Redirect to Primary Page and remove duplicate from sitemap
100.0%,https://www.brahmakumaris.com/soul-sustenance/let-go-of-ego/,https://www.brahmakumaris.com/soul-sustenance/learning-from-the-past/,Setup 301 Redirect to Primary Page and remove duplicate from sitemap
100.0%,https://www.brahmakumaris.com/soul-sustenance/pause-choose-respond/,https://www.brahmakumaris.com/soul-sustenance/learning-from-the-past/,Setup 301 Redirect to Primary Page and remove duplicate from sitemap
100.0%,https://www.brahmakumaris.com/soul-sustenance/the-time-is-now/,https://www.brahmakumaris.com/soul-sustenance/learning-from-the-past/,Setup 301 Redirect to Primary Page and remove duplicate from sitemap
100.0%,https://www.brahmakumaris.com/soul-sustenance/letting-go-easily/,https://www.brahmakumaris.com/soul-sustenance/learning-from-the-past/,Setup 301 Redirect to Primary Page and remove duplicate from sitemap
100.0%,https://www.brahmakumaris.com/soul-sustenance/can-love-hurt-me/,https://www.brahmakumaris.com/soul-sustenance/learning-from-the-past/,Setup 301 Redirect to Primary Page and remove duplicate from sitemap
100.0%,https://www.brahmakumaris.com/soul-sustenance/5-gifts-to-god/,https://www.brahmakumaris.com/soul-sustenance/learning-from-the-past/,Setup 301 Redirect to Primary Page and remove duplicate from sitemap
100.0%,https://www.brahmakumaris.com/soul-sustenance/being-before-doing/,https://www.brahmakumaris.com/soul-sustenance/learning-from-the-past/,Setup 301 Redirect to Primary Page and remove duplicate from sitemap
100.0%,https://www.brahmakumaris.com/soul-sustenance/forgive-and-forget/,https://www.brahmakumaris.com/soul-sustenance/learning-from-the-past/,Setup 301 Redirect to Primary Page and remove duplicate from sitemap
100.0%,https://www.brahmakumaris.com/soul-sustenance/__trashed-7/,https://www.brahmakumaris.com/soul-sustenance/learning-from-the-past/,Setup 301 Redirect to Primary Page and remove duplicate from sitemap
100.0%,https://www.brahmakumaris.com/soul-sustenance/avoiding-mood-swings/,https://www.brahmakumaris.com/soul-sustenance/learning-from-the-past/,Setup 301 Redirect to Primary Page and remove duplicate from sitemap
100.0%,https://www.brahmakumaris.com/soul-sustenance/be-easy-not-busy/,https://www.brahmakumaris.com/soul-sustenance/learning-from-the-past/,Setup 301 Redirect to Primary Page and remove duplicate from sitemap
100.0%,https://www.brahmakumaris.com/soul-sustenance/ss-hindi/12th-feb-ssh/,https://www.brahmakumaris.com/soul-sustenance/learning-from-the-past/,Setup 301 Redirect to Primary Page and remove duplicate from sitemap
100.0%,https://www.brahmakumaris.com/soul-sustenance/what-will-people-say/,https://www.brahmakumaris.com/soul-sustenance/learning-from-the-past/,Setup 301 Redirect to Primary Page and remove duplicate from sitemap
100.0%,https://www.brahmakumaris.com/soul-sustenance/,https://www.brahmakumaris.com/soul-sustenance/freedom-from-guilt/,Setup 301 Redirect to Primary Page and remove duplicate from sitemap
100.0%,https://www.brahmakumaris.com/soul-sustenance/25th-may-soul-sustenance/,https://www.brahmakumaris.com/soul-sustenance/19th-oct-soul-sustenance/,Setup 301 Redirect to Primary Page and remove duplicate from sitemap
100.0%,https://www.brahmakumaris.com/soul-sustenance/25th-may-soul-sustenance/,https://www.brahmakumaris.com/soul-sustenance/09th-oct-soul-sustenance/,Setup 301 Redirect to Primary Page and remove duplicate from sitemap
100.0%,https://www.brahmakumaris.com/soul-sustenance/25th-may-soul-sustenance/,https://www.brahmakumaris.com/soul-sustenance/15th-april-soul-sustenance/,Setup 301 Redirect to Primary Page and remove duplicate from sitemap
100.0%,https://www.brahmakumaris.com/soul-sustenance/25th-may-soul-sustenance/,https://www.brahmakumaris.com/soul-sustenance/21st-march-soul-sustenance/,Setup 301 Redirect to Primary Page and remove duplicate from sitemap
100.0%,https://www.brahmakumaris.com/soul-sustenance/25th-may-soul-sustenance/,https://www.brahmakumaris.com/soul-sustenance/29th-april-soul-sustenance/,Setup 301 Redirect to Primary Page and remove duplicate from sitemap
100.0%,https://www.brahmakumaris.com/soul-sustenance/25th-may-soul-sustenance/,https://www.brahmakumaris.com/soul-sustenance/25th-jul-soul-sustenance/,Setup 301 Redirect to Primary Page and remove duplicate from sitemap
100.0%,https://www.brahmakumaris.com/soul-sustenance/learning-from-the-past/,https://www.brahmakumaris.com/soul-sustenance/hold-on-to-your-values/,Setup 301 Redirect to Primary Page and remove duplicate from sitemap
100.0%,https://www.brahmakumaris.com/soul-sustenance/,https://www.brahmakumaris.com/soul-sustenance/learning-from-the-past/,Setup 301 Redirect to Primary Page and remove duplicate from sitemap
100.0%,https://www.brahmakumaris.com/soul-sustenance/freedom-from-guilt/,https://www.brahmakumaris.com/soul-sustenance/learning-from-the-past/,Setup 301 Redirect to Primary Page and remove duplicate from sitemap
100.0%,https://www.brahmakumaris.com/soul-sustenance/time-cannot-heal/,https://www.brahmakumaris.com/soul-sustenance/learning-from-the-past/,Setup 301 Redirect to Primary Page and remove duplicate from sitemap
100.0%,https://www.brahmakumaris.com/soul-sustenance/learning-from-the-past/,https://www.brahmakumaris.com/soul-sustenance/stable-in-appreciation/,Setup 301 Redirect to Primary Page and remove duplicate from sitemap
100.0%,https://www.brahmakumaris.com/soul-sustenance/love-yourself/,https://www.brahmakumaris.com/soul-sustenance/learning-from-the-past/,Setup 301 Redirect to Primary Page and remove duplicate from sitemap
100.0%,https://www.brahmakumaris.com/soul-sustenance/learning-from-the-past/,https://www.brahmakumaris.com/soul-sustenance/dealing-with-impatience/,Setup 301 Redirect to Primary Page and remove duplicate from sitemap
100.0%,https://www.brahmakumaris.com/soul-sustenance/learning-from-the-past/,https://www.brahmakumaris.com/soul-sustenance/7-vitamins-for-the-soul/,Setup 301 Redirect to Primary Page and remove duplicate from sitemap
100.0%,https://www.brahmakumaris.com/soul-sustenance/learning-from-the-past/,https://www.brahmakumaris.com/soul-sustenance/have-we-won-gods-heart/,Setup 301 Redirect to Primary Page and remove duplicate from sitemap
100.0%,https://www.brahmakumaris.com/soul-sustenance/learning-from-the-past/,https://www.brahmakumaris.com/soul-sustenance/seeds-of-a-relationship/,Setup 301 Redirect to Primary Page and remove duplicate from sitemap
100.0%,https://www.brahmakumaris.com/soul-sustenance/learning-from-the-past/,https://www.brahmakumaris.com/soul-sustenance/am-i-a-good-gods-child/,Setup 301 Redirect to Primary Page and remove duplicate from sitemap
100.0%,https://www.brahmakumaris.com/soul-sustenance/25th-may-soul-sustenance/,https://www.brahmakumaris.com/soul-sustenance/25th-april-soul-sustenance/,Setup 301 Redirect to Primary Page and remove duplicate from sitemap
100.0%,https://www.brahmakumaris.com/soul-sustenance/25th-may-soul-sustenance/,https://www.brahmakumaris.com/soul-sustenance/28th-jul-soul-sustenance/,Setup 301 Redirect to Primary Page and remove duplicate from sitemap
100.0%,https://www.brahmakumaris.com/soul-sustenance/25th-may-soul-sustenance/,https://www.brahmakumaris.com/soul-sustenance/17th-aug-soul-sustenance/,Setup 301 Redirect to Primary Page and remove duplicate from sitemap
100.0%,https://www.brahmakumaris.com/soul-sustenance/25th-may-soul-sustenance/,https://www.brahmakumaris.com/soul-sustenance/14th-oct-soul-sustenance/,Setup 301 Redirect to Primary Page and remove duplicate from sitemap
100.0%,https://www.brahmakumaris.com/soul-sustenance/25th-may-soul-sustenance/,https://www.brahmakumaris.com/soul-sustenance/09th-june-soul-sustenance/,Setup 301 Redirect to Primary Page and remove duplicate from sitemap
100.0%,https://www.brahmakumaris.com/soul-sustenance/25th-may-soul-sustenance/,https://www.brahmakumaris.com/soul-sustenance/08th-may-soul-sustenance/,Setup 301 Redirect to Primary Page and remove duplicate from sitemap
100.0%,https://www.brahmakumaris.com/soul-sustenance/what-will-people-say/,https://www.brahmakumaris.com/soul-sustenance/25th-may-soul-sustenance/,Setup 301 Redirect to Primary Page and remove duplicate from sitemap
100.0%,https://www.brahmakumaris.com/soul-sustenance/25th-may-soul-sustenance/,https://www.brahmakumaris.com/soul-sustenance/9th-march-soul-sustenance/,Setup 301 Redirect to Primary Page and remove duplicate from sitemap
100.0%,https://www.brahmakumaris.com/soul-sustenance/25th-may-soul-sustenance/,https://www.brahmakumaris.com/soul-sustenance/05th-dec-soul-sustenance/,Setup 301 Redirect to Primary Page and remove duplicate from sitemap
100.0%,https://www.brahmakumaris.com/soul-sustenance/25th-may-soul-sustenance/,https://www.brahmakumaris.com/soul-sustenance/being-stable-in-criticism/,Setup 301 Redirect to Primary Page and remove duplicate from sitemap
100.0%,https://www.brahmakumaris.com/soul-sustenance/25th-may-soul-sustenance/,https://www.brahmakumaris.com/soul-sustenance/7th-march-soul-sustenance/,Setup 301 Redirect to Primary Page and remove duplicate from sitemap
100.0%,https://www.brahmakumaris.com/soul-sustenance/25th-may-soul-sustenance/,https://www.brahmakumaris.com/soul-sustenance/27th-march-soul-sustenance/,Setup 301 Redirect to Primary Page and remove duplicate from sitemap
100.0%,https://www.brahmakumaris.com/soul-sustenance/25th-may-soul-sustenance/,https://www.brahmakumaris.com/soul-sustenance/28th-june-soul-sustenance/,Setup 301 Redirect to Primary Page and remove duplicate from sitemap
100.0%,https://www.brahmakumaris.com/soul-sustenance/25th-may-soul-sustenance/,https://www.brahmakumaris.com/soul-sustenance/19th-aug-soul-sustenance/,Setup 301 Redirect to Primary Page and remove duplicate from sitemap
100.0%,https://www.brahmakumaris.com/soul-sustenance/25th-may-soul-sustenance/,https://www.brahmakumaris.com/soul-sustenance/recording-scenes-carefully/,Setup 301 Redirect to Primary Page and remove duplicate from sitemap
100.0%,https://www.brahmakumaris.com/soul-sustenance/25th-may-soul-sustenance/,https://www.brahmakumaris.com/soul-sustenance/10th-sep-soul-sustenance/,Setup 301 Redirect to Primary Page and remove duplicate from sitemap
100.0%,https://www.brahmakumaris.com/soul-sustenance/25th-may-soul-sustenance/,https://www.brahmakumaris.com/soul-sustenance/05th-oct-soul-sustenance/,Setup 301 Redirect to Primary Page and remove duplicate from sitemap
100.0%,https://www.brahmakumaris.com/soul-sustenance/25th-may-soul-sustenance/,https://www.brahmakumaris.com/soul-sustenance/17th-april-soul-sustenance/,Setup 301 Redirect to Primary Page and remove duplicate from sitemap
100.0%,https://www.brahmakumaris.com/soul-sustenance/25th-may-soul-sustenance/,https://www.brahmakumaris.com/soul-sustenance/19th-june-soul-sustenance/,Setup 301 Redirect to Primary Page and remove duplicate from sitemap
100.0%,https://www.brahmakumaris.com/soul-sustenance/25th-may-soul-sustenance/,https://www.brahmakumaris.com/soul-sustenance/06th-nov-soul-sustenance/,Setup 301 Redirect to Primary Page and remove duplicate from sitemap
100.0%,https://www.brahmakumaris.com/soul-sustenance/__trashed-7/,https://www.brahmakumaris.com/soul-sustenance/25th-may-soul-sustenance/,Setup 301 Redirect to Primary Page and remove duplicate from sitemap
100.0%,https://www.brahmakumaris.com/soul-sustenance/25th-may-soul-sustenance/,https://www.brahmakumaris.com/soul-sustenance/22nd-jul-soul-sustenance/,Setup 301 Redirect to Primary Page and remove duplicate from sitemap
100.0%,https://www.brahmakumaris.com/soul-sustenance/avoiding-mood-swings/,https://www.brahmakumaris.com/soul-sustenance/25th-may-soul-sustenance/,Setup 301 Redirect to Primary Page and remove duplicate from sitemap
100.0%,https://www.brahmakumaris.com/soul-sustenance/25th-may-soul-sustenance/,https://www.brahmakumaris.com/soul-sustenance/30th-march-soul-sustenance/,Setup 301 Redirect to Primary Page and remove duplicate from sitemap
100.0%,https://www.brahmakumaris.com/soul-sustenance/25th-may-soul-sustenance/,https://www.brahmakumaris.com/soul-sustenance/27th-april-soul-sustenance/,Setup 301 Redirect to Primary Page and remove duplicate from sitemap
100.0%,https://www.brahmakumaris.com/soul-sustenance/25th-may-soul-sustenance/,https://www.brahmakumaris.com/soul-sustenance/13th-april-soul-sustenance/,Setup 301 Redirect to Primary Page and remove duplicate from sitemap
100.0%,https://www.brahmakumaris.com/soul-sustenance/25th-may-soul-sustenance/,https://www.brahmakumaris.com/soul-sustenance/06th-may-soul-sustenance/,Setup 301 Redirect to Primary Page and remove duplicate from sitemap
100.0%,https://www.brahmakumaris.com/soul-sustenance/25th-may-soul-sustenance/,https://www.brahmakumaris.com/soul-sustenance/22nd-sep-soul-sustenance/,Setup 301 Redirect to Primary Page and remove duplicate from sitemap
100.0%,https://www.brahmakumaris.com/soul-sustenance/be-easy-not-busy/,https://www.brahmakumaris.com/soul-sustenance/25th-may-soul-sustenance/,Setup 301 Redirect to Primary Page and remove duplicate from sitemap
100.0%,https://www.brahmakumaris.com/soul-sustenance/25th-may-soul-sustenance/,https://www.brahmakumaris.com/soul-sustenance/07th-jul-soul-sustenance/,Setup 301 Redirect to Primary Page and remove duplicate from sitemap
100.0%,https://www.brahmakumaris.com/soul-sustenance/25th-may-soul-sustenance/,https://www.brahmakumaris.com/soul-sustenance/08th-aug-soul-sustenance/,Setup 301 Redirect to Primary Page and remove duplicate from sitemap
100.0%,https://www.brahmakumaris.com/soul-sustenance/ss-hindi/12th-feb-ssh/,https://www.brahmakumaris.com/soul-sustenance/25th-may-soul-sustenance/,Setup 301 Redirect to Primary Page and remove duplicate from sitemap
100.0%,https://www.brahmakumaris.com/soul-sustenance/25th-may-soul-sustenance/,https://www.brahmakumaris.com/soul-sustenance/07th-sep-soul-sustenance/,Setup 301 Redirect to Primary Page and remove duplicate from sitemap
100.0%,https://www.brahmakumaris.com/soul-sustenance/25th-may-soul-sustenance/,https://www.brahmakumaris.com/soul-sustenance/14th-aug-soul-sustenance/,Setup 301 Redirect to Primary Page and remove duplicate from sitemap
100.0%,https://www.brahmakumaris.com/soul-sustenance/25th-may-soul-sustenance/,https://www.brahmakumaris.com/soul-sustenance/5-keys-to-constant-happiness/,Setup 301 Redirect to Primary Page and remove duplicate from sitemap
100.0%,https://www.brahmakumaris.com/soul-sustenance/25th-may-soul-sustenance/,https://www.brahmakumaris.com/soul-sustenance/12th-sep-soul-sustenance/,Setup 301 Redirect to Primary Page and remove duplicate from sitemap
100.0%,https://www.brahmakumaris.com/soul-sustenance/25th-may-soul-sustenance/,https://www.brahmakumaris.com/soul-sustenance/18th-nov-soul-sustenance/,Setup 301 Redirect to Primary Page and remove duplicate from sitemap
100.0%,https://www.brahmakumaris.com/soul-sustenance/25th-may-soul-sustenance/,https://www.brahmakumaris.com/soul-sustenance/26th-aug-soul-sustenance/,Setup 301 Redirect to Primary Page and remove duplicate from sitemap
100.0%,https://www.brahmakumaris.com/soul-sustenance/25th-may-soul-sustenance/,https://www.brahmakumaris.com/soul-sustenance/21st-april-soul-sustenance/,Setup 301 Redirect to Primary Page and remove duplicate from sitemap
100.0%,https://www.brahmakumaris.com/soul-sustenance/25th-may-soul-sustenance/,https://www.brahmakumaris.com/soul-sustenance/how-to-be-contented-always/,Setup 301 Redirect to Primary Page and remove duplicate from sitemap
100.0%,https://www.brahmakumaris.com/soul-sustenance/20th-february-soul-sustenance/,https://www.brahmakumaris.com/soul-sustenance/avoid-showing-off-and-experience-humility/,Setup 301 Redirect to Primary Page and remove duplicate from sitemap
100.0%,https://www.brahmakumaris.com/soul-sustenance/avoid-showing-off-and-experience-humility/,https://www.brahmakumaris.com/soul-sustenance/ss-hindi/apne-jeevan-ke-har-pal-mein-khushiyan-laane-ke-5-tarike/,Setup 301 Redirect to Primary Page and remove duplicate from sitemap
100.0%,https://www.brahmakumaris.com/soul-sustenance/25th-may-soul-sustenance/,https://www.brahmakumaris.com/soul-sustenance/25th-june-soul-sustenance/,Setup 301 Redirect to Primary Page and remove duplicate from sitemap
100.0%,https://www.brahmakumaris.com/soul-sustenance/25th-may-soul-sustenance/,https://www.brahmakumaris.com/soul-sustenance/17th-june-soul-sustenance/,Setup 301 Redirect to Primary Page and remove duplicate from sitemap
100.0%,https://www.brahmakumaris.com/soul-sustenance/25th-may-soul-sustenance/,https://www.brahmakumaris.com/soul-sustenance/01st-aug-soul-sustenance/,Setup 301 Redirect to Primary Page and remove duplicate from sitemap
100.0%,https://www.brahmakumaris.com/soul-sustenance/25th-may-soul-sustenance/,https://www.brahmakumaris.com/soul-sustenance/09th-nov-soul-sustenance/,Setup 301 Redirect to Primary Page and remove duplicate from sitemap
100.0%,https://www.brahmakumaris.com/soul-sustenance/25th-may-soul-sustenance/,https://www.brahmakumaris.com/soul-sustenance/26th-june-soul-sustenance/,Setup 301 Redirect to Primary Page and remove duplicate from sitemap
100.0%,https://www.brahmakumaris.com/soul-sustenance/25th-may-soul-sustenance/,https://www.brahmakumaris.com/soul-sustenance/11th-sep-soul-sustenance/,Setup 301 Redirect to Primary Page and remove duplicate from sitemap
100.0%,https://www.brahmakumaris.com/soul-sustenance/8-steps-on-the-road-to-success-part-1/,https://www.brahmakumaris.com/soul-sustenance/avoid-showing-off-and-experience-humility/,Setup 301 Redirect to Primary Page and remove duplicate from sitemap
100.0%,https://www.brahmakumaris.com/soul-sustenance/avoid-showing-off-and-experience-humility/,https://www.brahmakumaris.com/soul-sustenance/ss-hindi/13th-may-2023-ssh/,Setup 301 Redirect to Primary Page and remove duplicate from sitemap
100.0%,https://www.brahmakumaris.com/soul-sustenance/ss-hindi/har-kadam-par-nayapan-bhag-1/,https://www.brahmakumaris.com/soul-sustenance/avoid-showing-off-and-experience-humility/,Setup 301 Redirect to Primary Page and remove duplicate from sitemap
100.0%,https://www.brahmakumaris.com/soul-sustenance/25th-may-soul-sustenance/,https://www.brahmakumaris.com/soul-sustenance/avoid-showing-off-and-experience-humility/,Setup 301 Redirect to Primary Page and remove duplicate from sitemap
100.0%,https://www.brahmakumaris.com/soul-sustenance/avoid-showing-off-and-experience-humility/,https://www.brahmakumaris.com/soul-sustenance/ss-hindi/brahmakumaris-ka-7-divasiya-course-bhag-6/,Setup 301 Redirect to Primary Page and remove duplicate from sitemap
100.0%,https://www.brahmakumaris.com/soul-sustenance/avoid-showing-off-and-experience-humility/,https://www.brahmakumaris.com/soul-sustenance/ss-hindi/kisi-apne-ke-bichadne-se-swayam-ko-kaise-sambhlein/,Setup 301 Redirect to Primary Page and remove duplicate from sitemap
100.0%,https://www.brahmakumaris.com/soul-sustenance/avoid-showing-off-and-experience-humility/,https://www.brahmakumaris.com/soul-sustenance/ss-hindi/5-points-se-jeevan-ko-atma-samman-se-bharein-bhag-2/,Setup 301 Redirect to Primary Page and remove duplicate from sitemap
100.0%,https://www.brahmakumaris.com/soul-sustenance/avoid-showing-off-and-experience-humility/,https://www.brahmakumaris.com/soul-sustenance/ss-hindi/log-jaanbujhkar-haani-nahin-pahunchate/,Setup 301 Redirect to Primary Page and remove duplicate from sitemap
100.0%,https://www.brahmakumaris.com/soul-sustenance/25th-may-soul-sustenance/,https://www.brahmakumaris.com/soul-sustenance/22nd-may-soul-sustenance/,Setup 301 Redirect to Primary Page and remove duplicate from sitemap
100.0%,https://www.brahmakumaris.com/soul-sustenance/25th-may-soul-sustenance/,https://www.brahmakumaris.com/soul-sustenance/05th-june-soul-sustenance/,Setup 301 Redirect to Primary Page and remove duplicate from sitemap
100.0%,https://www.brahmakumaris.com/soul-sustenance/25th-may-soul-sustenance/,https://www.brahmakumaris.com/soul-sustenance/02nd-oct-soul-sustenance/,Setup 301 Redirect to Primary Page and remove duplicate from sitemap
100.0%,https://www.brahmakumaris.com/soul-sustenance/25th-may-soul-sustenance/,https://www.brahmakumaris.com/soul-sustenance/16th-sep-soul-sustenance/,Setup 301 Redirect to Primary Page and remove duplicate from sitemap
100.0%,https://www.brahmakumaris.com/soul-sustenance/forgive-and-forget/,https://www.brahmakumaris.com/soul-sustenance/25th-may-soul-sustenance/,Setup 301 Redirect to Primary Page and remove duplicate from sitemap
100.0%,https://www.brahmakumaris.com/soul-sustenance/25th-may-soul-sustenance/,https://www.brahmakumaris.com/soul-sustenance/06th-oct-soul-sustenance/,Setup 301 Redirect to Primary Page and remove duplicate from sitemap
100.0%,https://www.brahmakumaris.com/soul-sustenance/25th-may-soul-sustenance/,https://www.brahmakumaris.com/soul-sustenance/12th-aug-soul-sustenance/,Setup 301 Redirect to Primary Page and remove duplicate from sitemap
100.0%,https://www.brahmakumaris.com/soul-sustenance/25th-may-soul-sustenance/,https://www.brahmakumaris.com/soul-sustenance/23rd-sep-soul-sustenance/,Setup 301 Redirect to Primary Page and remove duplicate from sitemap
100.0%,https://www.brahmakumaris.com/soul-sustenance/avoid-showing-off-and-experience-humility/,https://www.brahmakumaris.com/soul-sustenance/creating-a-world-free-from-stress-and-worry-part-2/,Setup 301 Redirect to Primary Page and remove duplicate from sitemap
100.0%,https://www.brahmakumaris.com/soul-sustenance/avoid-showing-off-and-experience-humility/,https://www.brahmakumaris.com/soul-sustenance/02nd-mar-2023-ss/,Setup 301 Redirect to Primary Page and remove duplicate from sitemap
100.0%,https://www.brahmakumaris.com/soul-sustenance/avoid-showing-off-and-experience-humility/,https://www.brahmakumaris.com/soul-sustenance/ss-hindi/logon-ko-apne-upar-nirbhar-na-hone-dein/,Setup 301 Redirect to Primary Page and remove duplicate from sitemap
100.0%,https://www.brahmakumaris.com/soul-sustenance/avoid-showing-off-and-experience-humility/,https://www.brahmakumaris.com/soul-sustenance/sacrificing-the-ego-for-building-beautiful-relationships-part-1/,Setup 301 Redirect to Primary Page and remove duplicate from sitemap
100.0%,https://www.brahmakumaris.com/soul-sustenance/avoid-showing-off-and-experience-humility/,https://www.brahmakumaris.com/soul-sustenance/ss-hindi/varsh-2025-ke-liye-5-naye-sankalp/,Setup 301 Redirect to Primary Page and remove duplicate from sitemap
100.0%,https://www.brahmakumaris.com/soul-sustenance/avoid-showing-off-and-experience-humility/,https://www.brahmakumaris.com/soul-sustenance/tolerate-with-acceptance-and-understanding/,Setup 301 Redirect to Primary Page and remove duplicate from sitemap
100.0%,https://www.brahmakumaris.com/soul-sustenance/avoid-showing-off-and-experience-humility/,https://www.brahmakumaris.com/soul-sustenance/a-journey-to-happiness-or-a-journey-of-happiness-part-1/,Setup 301 Redirect to Primary Page and remove duplicate from sitemap
100.0%,https://www.brahmakumaris.com/soul-sustenance/avoid-showing-off-and-experience-humility/,https://www.brahmakumaris.com/soul-sustenance/ss-hindi/30th-apr-2023-ssh/,Setup 301 Redirect to Primary Page and remove duplicate from sitemap
100.0%,https://www.brahmakumaris.com/soul-sustenance/avoid-showing-off-and-experience-humility/,https://www.brahmakumaris.com/soul-sustenance/11th-dec-2022-ss/,Setup 301 Redirect to Primary Page and remove duplicate from sitemap
100.0%,https://www.brahmakumaris.com/soul-sustenance/avoid-showing-off-and-experience-humility/,https://www.brahmakumaris.com/soul-sustenance/balancing-soul-power-and-role-power-for-success-part-2/,Setup 301 Redirect to Primary Page and remove duplicate from sitemap
100.0%,https://www.brahmakumaris.com/soul-sustenance/avoid-showing-off-and-experience-humility/,https://www.brahmakumaris.com/soul-sustenance/ss-hindi/parmatma-se-judkar-apni-divyta-ko-anubhav-karein-bhag-1/,Setup 301 Redirect to Primary Page and remove duplicate from sitemap
100.0%,https://www.brahmakumaris.com/soul-sustenance/give-yourself-an-emotional-detox/,https://www.brahmakumaris.com/soul-sustenance/avoid-showing-off-and-experience-humility/,Setup 301 Redirect to Primary Page and remove duplicate from sitemap
100.0%,https://www.brahmakumaris.com/soul-sustenance/avoid-showing-off-and-experience-humility/,https://www.brahmakumaris.com/soul-sustenance/ss-hindi/niswarth-prem-sundar-sambandhon-ki-chabhi-hei-bhag-3/,Setup 301 Redirect to Primary Page and remove duplicate from sitemap
100.0%,https://www.brahmakumaris.com/soul-sustenance/avoid-showing-off-and-experience-humility/,https://www.brahmakumaris.com/soul-sustenance/ss-hindi/sahi-karm-ka-chunav-karien-bhag-3/,Setup 301 Redirect to Primary Page and remove duplicate from sitemap
100.0%,https://www.brahmakumaris.com/soul-sustenance/avoid-showing-off-and-experience-humility/,https://www.brahmakumaris.com/soul-sustenance/ss-hindi/krodh-par-kabu-paane-ke-5-safal-steps-bhag-2/,Setup 301 Redirect to Primary Page and remove duplicate from sitemap
100.0%,https://www.brahmakumaris.com/soul-sustenance/avoid-showing-off-and-experience-humility/,https://www.brahmakumaris.com/soul-sustenance/23rd-dec-2022-ss/,Setup 301 Redirect to Primary Page and remove duplicate from sitemap
100.0%,https://www.brahmakumaris.com/soul-sustenance/avoid-showing-off-and-experience-humility/,https://www.brahmakumaris.com/soul-sustenance/filling-yourself-with-all-qualities-and-powers/,Setup 301 Redirect to Primary Page and remove duplicate from sitemap
100.0%,https://www.brahmakumaris.com/soul-sustenance/avoid-showing-off-and-experience-humility/,https://www.brahmakumaris.com/soul-sustenance/ss-hindi/aaiye-vishv-ko-apni-duaaon-blessing-se-heal-karein-bhag-3/,Setup 301 Redirect to Primary Page and remove duplicate from sitemap
100.0%,https://www.brahmakumaris.com/soul-sustenance/ss-hindi/parmatm-saath-ke-labh/,https://www.brahmakumaris.com/soul-sustenance/avoid-showing-off-and-experience-humility/,Setup 301 Redirect to Primary Page and remove duplicate from sitemap
100.0%,https://www.brahmakumaris.com/soul-sustenance/avoid-showing-off-and-experience-humility/,https://www.brahmakumaris.com/soul-sustenance/6-positive-affirmations-for-inner-strength/,Setup 301 Redirect to Primary Page and remove duplicate from sitemap
100.0%,https://www.brahmakumaris.com/soul-sustenance/avoid-showing-off-and-experience-humility/,https://www.brahmakumaris.com/soul-sustenance/7th-jul-2023-ss/,Setup 301 Redirect to Primary Page and remove duplicate from sitemap
100.0%,https://www.brahmakumaris.com/soul-sustenance/avoid-showing-off-and-experience-humility/,https://www.brahmakumaris.com/soul-sustenance/going-beyond-the-influence-of-bad-omens-and-superstitions/,Setup 301 Redirect to Primary Page and remove duplicate from sitemap
100.0%,https://www.brahmakumaris.com/soul-sustenance/10th-nov-soul-sustenance/,https://www.brahmakumaris.com/soul-sustenance/avoid-showing-off-and-experience-humility/,Setup 301 Redirect to Primary Page and remove duplicate from sitemap
100.0%,https://www.brahmakumaris.com/soul-sustenance/avoid-showing-off-and-experience-humility/,https://www.brahmakumaris.com/soul-sustenance/beauty-in-character-part-3/,Setup 301 Redirect to Primary Page and remove duplicate from sitemap
100.0%,https://www.brahmakumaris.com/soul-sustenance/avoid-showing-off-and-experience-humility/,https://www.brahmakumaris.com/soul-sustenance/27th-mar-2023-ss/,Setup 301 Redirect to Primary Page and remove duplicate from sitemap
100.0%,https://www.brahmakumaris.com/soul-sustenance/avoid-showing-off-and-experience-humility/,https://www.brahmakumaris.com/soul-sustenance/3-steps-for-creating-a-positive-present-and-future-part-1/,Setup 301 Redirect to Primary Page and remove duplicate from sitemap
100.0%,https://www.brahmakumaris.com/soul-sustenance/avoid-showing-off-and-experience-humility/,https://www.brahmakumaris.com/soul-sustenance/becoming-free-from-the-desire-for-revenge/,Setup 301 Redirect to Primary Page and remove duplicate from sitemap
100.0%,https://www.brahmakumaris.com/soul-sustenance/avoid-showing-off-and-experience-humility/,https://www.brahmakumaris.com/soul-sustenance/ss-hindi/31st-aug-2023-ssh/,Setup 301 Redirect to Primary Page and remove duplicate from sitemap
100.0%,https://www.brahmakumaris.com/soul-sustenance/avoid-showing-off-and-experience-humility/,https://www.brahmakumaris.com/soul-sustenance/going-beyond-negative-influences-on-thoughts-part-3/,Setup 301 Redirect to Primary Page and remove duplicate from sitemap
100.0%,https://www.brahmakumaris.com/soul-sustenance/avoid-showing-off-and-experience-humility/,https://www.brahmakumaris.com/soul-sustenance/5-spiritual-powers-for-accepting-change-easily-part-1/,Setup 301 Redirect to Primary Page and remove duplicate from sitemap
100.0%,https://www.brahmakumaris.com/soul-sustenance/avoid-showing-off-and-experience-humility/,https://www.brahmakumaris.com/soul-sustenance/22nd-jan-2023-ss/,Setup 301 Redirect to Primary Page and remove duplicate from sitemap
100.0%,https://www.brahmakumaris.com/soul-sustenance/start-influencing-stop-controlling/,https://www.brahmakumaris.com/soul-sustenance/avoid-showing-off-and-experience-humility/,Setup 301 Redirect to Primary Page and remove duplicate from sitemap
100.0%,https://www.brahmakumaris.com/soul-sustenance/avoid-showing-off-and-experience-humility/,https://www.brahmakumaris.com/soul-sustenance/ss-hindi/dashare-parv-ka-divya-arth-bhag-1/,Setup 301 Redirect to Primary Page and remove duplicate from sitemap
100.0%,https://www.brahmakumaris.com/soul-sustenance/avoid-showing-off-and-experience-humility/,https://www.brahmakumaris.com/soul-sustenance/ss-hindi/sakaratmak-jeevan-jeene-ke-liye-10-nai-manytaaein-belief-bhag-3/,Setup 301 Redirect to Primary Page and remove duplicate from sitemap
100.0%,https://www.brahmakumaris.com/soul-sustenance/avoid-showing-off-and-experience-humility/,https://www.brahmakumaris.com/soul-sustenance/ss-hindi/30th-mar-2023-ssh/,Setup 301 Redirect to Primary Page and remove duplicate from sitemap
100.0%,https://www.brahmakumaris.com/soul-sustenance/avoid-showing-off-and-experience-humility/,https://www.brahmakumaris.com/soul-sustenance/ss-hindi/dusron-ko-apni-emotional-state-ko-dominate-na-karne-dein/,Setup 301 Redirect to Primary Page and remove duplicate from sitemap
100.0%,https://www.brahmakumaris.com/soul-sustenance/avoid-showing-off-and-experience-humility/,https://www.brahmakumaris.com/soul-sustenance/19th-jun-2023-ss/,Setup 301 Redirect to Primary Page and remove duplicate from sitemap
100.0%,https://www.brahmakumaris.com/soul-sustenance/avoid-showing-off-and-experience-humility/,https://www.brahmakumaris.com/soul-sustenance/making-my-communication-clean-and-beautiful/,Setup 301 Redirect to Primary Page and remove duplicate from sitemap
100.0%,https://www.brahmakumaris.com/soul-sustenance/26th-april-soul-sustenance/,https://www.brahmakumaris.com/soul-sustenance/avoid-showing-off-and-experience-humility/,Setup 301 Redirect to Primary Page and remove duplicate from sitemap
100.0%,https://www.brahmakumaris.com/soul-sustenance/avoid-showing-off-and-experience-humility/,https://www.brahmakumaris.com/soul-sustenance/ss-hindi/peer-pressure-ko-deal-kaise-karein/,Setup 301 Redirect to Primary Page and remove duplicate from sitemap
100.0%,https://www.brahmakumaris.com/soul-sustenance/avoid-showing-off-and-experience-humility/,https://www.brahmakumaris.com/soul-sustenance/ss-hindi/visualisation-dwara-apne-lakshya-ko-prapt-karna/,Setup 301 Redirect to Primary Page and remove duplicate from sitemap
100.0%,https://www.brahmakumaris.com/soul-sustenance/avoid-showing-off-and-experience-humility/,https://www.brahmakumaris.com/soul-sustenance/motivating-yourself-to-succeed-in-life-part-1/,Setup 301 Redirect to Primary Page and remove duplicate from sitemap
100.0%,https://www.brahmakumaris.com/soul-sustenance/avoid-showing-off-and-experience-humility/,https://www.brahmakumaris.com/soul-sustenance/ss-hindi/achche-swasthya-ke-liye-jaruri-shudhdh-khan-paan-aur-hawa-bhag-4/,Setup 301 Redirect to Primary Page and remove duplicate from sitemap
100.0%,https://www.brahmakumaris.com/soul-sustenance/avoid-showing-off-and-experience-humility/,https://www.brahmakumaris.com/soul-sustenance/be-determined-and-positive-at-every-step-part-2/,Setup 301 Redirect to Primary Page and remove duplicate from sitemap
100.0%,https://www.brahmakumaris.com/soul-sustenance/avoid-showing-off-and-experience-humility/,https://www.brahmakumaris.com/soul-sustenance/colouring-forgiveness-on-the-canvas-of-your-mind-part-1/,Setup 301 Redirect to Primary Page and remove duplicate from sitemap
100.0%,https://www.brahmakumaris.com/soul-sustenance/01st-oct-soul-sustenance/,https://www.brahmakumaris.com/soul-sustenance/avoid-showing-off-and-experience-humility/,Setup 301 Redirect to Primary Page and remove duplicate from sitemap
100.0%,https://www.brahmakumaris.com/soul-sustenance/5-ways-to-bring-gods-wisdom-in-your-life/,https://www.brahmakumaris.com/soul-sustenance/avoid-showing-off-and-experience-humility/,Setup 301 Redirect to Primary Page and remove duplicate from sitemap
100.0%,https://www.brahmakumaris.com/soul-sustenance/avoid-showing-off-and-experience-humility/,https://www.brahmakumaris.com/soul-sustenance/the-hurting-of-the-ego-part-2/,Setup 301 Redirect to Primary Page and remove duplicate from sitemap
100.0%,https://www.brahmakumaris.com/soul-sustenance/24th-oct-soul-sustenance/,https://www.brahmakumaris.com/soul-sustenance/avoid-showing-off-and-experience-humility/,Setup 301 Redirect to Primary Page and remove duplicate from sitemap
100.0%,https://www.brahmakumaris.com/soul-sustenance/avoid-showing-off-and-experience-humility/,https://www.brahmakumaris.com/soul-sustenance/10-dos-and-donts-of-meditation-part-2/,Setup 301 Redirect to Primary Page and remove duplicate from sitemap
100.0%,https://www.brahmakumaris.com/soul-sustenance/avoid-showing-off-and-experience-humility/,https://www.brahmakumaris.com/soul-sustenance/motivating-yourself-to-succeed-in-life-part-2/,Setup 301 Redirect to Primary Page and remove duplicate from sitemap
100.0%,https://www.brahmakumaris.com/soul-sustenance/ruling-the-kingdom-of-the-mind-part-1/,https://www.brahmakumaris.com/soul-sustenance/avoid-showing-off-and-experience-humility/,Setup 301 Redirect to Primary Page and remove duplicate from sitemap
100.0%,https://www.brahmakumaris.com/soul-sustenance/avoid-showing-off-and-experience-humility/,https://www.brahmakumaris.com/soul-sustenance/ss-hindi/jeevan-mein-safalta-paane-ke-liye-swayein-ko-motivate-karein-bhag-2/,Setup 301 Redirect to Primary Page and remove duplicate from sitemap
100.0%,https://www.brahmakumaris.com/soul-sustenance/31st-oct-soul-sustenance/,https://www.brahmakumaris.com/soul-sustenance/avoid-showing-off-and-experience-humility/,Setup 301 Redirect to Primary Page and remove duplicate from sitemap
100.0%,https://www.brahmakumaris.com/soul-sustenance/11th-march-soul-sustenance/,https://www.brahmakumaris.com/soul-sustenance/avoid-showing-off-and-experience-humility/,Setup 301 Redirect to Primary Page and remove duplicate from sitemap
100.0%,https://www.brahmakumaris.com/soul-sustenance/can-we-change-our-destiny/,https://www.brahmakumaris.com/soul-sustenance/avoid-showing-off-and-experience-humility/,Setup 301 Redirect to Primary Page and remove duplicate from sitemap
100.0%,https://www.brahmakumaris.com/soul-sustenance/avoid-showing-off-and-experience-humility/,https://www.brahmakumaris.com/soul-sustenance/ss-hindi/thought-vibration-aur-unka-mahatav/,Setup 301 Redirect to Primary Page and remove duplicate from sitemap
100.0%,https://www.brahmakumaris.com/soul-sustenance/14th-april-soul-sustenance/,https://www.brahmakumaris.com/soul-sustenance/avoid-showing-off-and-experience-humility/,Setup 301 Redirect to Primary Page and remove duplicate from sitemap
100.0%,https://www.brahmakumaris.com/soul-sustenance/avoid-showing-off-and-experience-humility/,https://www.brahmakumaris.com/soul-sustenance/ss-hindi/sunne-ko-mahatav-dein-judgemental-na-banein/,Setup 301 Redirect to Primary Page and remove duplicate from sitemap
100.0%,https://www.brahmakumaris.com/soul-sustenance/27th-may-soul-sustenance/,https://www.brahmakumaris.com/soul-sustenance/avoid-showing-off-and-experience-humility/,Setup 301 Redirect to Primary Page and remove duplicate from sitemap
100.0%,https://www.brahmakumaris.com/soul-sustenance/avoid-showing-off-and-experience-humility/,https://www.brahmakumaris.com/soul-sustenance/ss-hindi/2nd-apr-2023-ssh/,Setup 301 Redirect to Primary Page and remove duplicate from sitemap
100.0%,https://www.brahmakumaris.com/soul-sustenance/avoid-showing-off-and-experience-humility/,https://www.brahmakumaris.com/soul-sustenance/ss-hindi/31st-mar-2023-ssh/,Setup 301 Redirect to Primary Page and remove duplicate from sitemap
100.0%,https://www.brahmakumaris.com/soul-sustenance/10th-april-soul-sustenance/,https://www.brahmakumaris.com/soul-sustenance/avoid-showing-off-and-experience-humility/,Setup 301 Redirect to Primary Page and remove duplicate from sitemap
100.0%,https://www.brahmakumaris.com/soul-sustenance/avoid-showing-off-and-experience-humility/,https://www.brahmakumaris.com/soul-sustenance/celebrating-christmas-with-a-spiritual-consciousness/,Setup 301 Redirect to Primary Page and remove duplicate from sitemap
100.0%,https://www.brahmakumaris.com/soul-sustenance/avoid-showing-off-and-experience-humility/,https://www.brahmakumaris.com/soul-sustenance/24th-apr-2023-ss/,Setup 301 Redirect to Primary Page and remove duplicate from sitemap
100.0%,https://www.brahmakumaris.com/soul-sustenance/18th-february-soul-sustenance/,https://www.brahmakumaris.com/soul-sustenance/avoid-showing-off-and-experience-humility/,Setup 301 Redirect to Primary Page and remove duplicate from sitemap
100.0%,https://www.brahmakumaris.com/soul-sustenance/balance-5-types-of-health/,https://www.brahmakumaris.com/soul-sustenance/avoid-showing-off-and-experience-humility/,Setup 301 Redirect to Primary Page and remove duplicate from sitemap
100.0%,https://www.brahmakumaris.com/soul-sustenance/avoid-showing-off-and-experience-humility/,https://www.brahmakumaris.com/soul-sustenance/do-love-and-pain-go-hand-in-hand-part-3/,Setup 301 Redirect to Primary Page and remove duplicate from sitemap
100.0%,https://www.brahmakumaris.com/soul-sustenance/avoid-showing-off-and-experience-humility/,https://www.brahmakumaris.com/soul-sustenance/29th-apr-2023-ss/,Setup 301 Redirect to Primary Page and remove duplicate from sitemap
100.0%,https://www.brahmakumaris.com/soul-sustenance/avoid-showing-off-and-experience-humility/,https://www.brahmakumaris.com/soul-sustenance/ss-hindi/apno-dwara-asweekar-kiye-jaane-par-kaise-sambhlein/,Setup 301 Redirect to Primary Page and remove duplicate from sitemap
100.0%,https://www.brahmakumaris.com/soul-sustenance/avoid-showing-off-and-experience-humility/,https://www.brahmakumaris.com/soul-sustenance/ss-hindi/apne-har-din-ko-no-complaint-day-banayein/,Setup 301 Redirect to Primary Page and remove duplicate from sitemap
100.0%,https://www.brahmakumaris.com/soul-sustenance/avoid-showing-off-and-experience-humility/,https://www.brahmakumaris.com/soul-sustenance/ss-hindi/23rd-may-2023-ssh/,Setup 301 Redirect to Primary Page and remove duplicate from sitemap
100.0%,https://www.brahmakumaris.com/soul-sustenance/ss-hindi/nishwarth-prem-ka-arth/,https://www.brahmakumaris.com/soul-sustenance/avoid-showing-off-and-experience-humility/,Setup 301 Redirect to Primary Page and remove duplicate from sitemap
100.0%,https://www.brahmakumaris.com/soul-sustenance/avoid-showing-off-and-experience-humility/,https://www.brahmakumaris.com/soul-sustenance/ss-hindi/apne-man-ke-canvas-par-kshma-karne-ke-rang-bharein-bhag-2/,Setup 301 Redirect to Primary Page and remove duplicate from sitemap
100.0%,https://www.brahmakumaris.com/soul-sustenance/06th-sep-soul-sustenance/,https://www.brahmakumaris.com/soul-sustenance/avoid-showing-off-and-experience-humility/,Setup 301 Redirect to Primary Page and remove duplicate from sitemap
100.0%,https://www.brahmakumaris.com/soul-sustenance/avoid-showing-off-and-experience-humility/,https://www.brahmakumaris.com/soul-sustenance/time-management-in-our-daily-lives-part-1/,Setup 301 Redirect to Primary Page and remove duplicate from sitemap
100.0%,https://www.brahmakumaris.com/soul-sustenance/ss-hindi/vishva-natak-antim-padav-par/,https://www.brahmakumaris.com/soul-sustenance/avoid-showing-off-and-experience-humility/,Setup 301 Redirect to Primary Page and remove duplicate from sitemap
100.0%,https://www.brahmakumaris.com/soul-sustenance/avoid-showing-off-and-experience-humility/,https://www.brahmakumaris.com/soul-sustenance/ss-hindi/20th-aug-2023-ssh/,Setup 301 Redirect to Primary Page and remove duplicate from sitemap
100.0%,https://www.brahmakumaris.com/soul-sustenance/avoid-showing-off-and-experience-humility/,https://www.brahmakumaris.com/soul-sustenance/ss-hindi/ateet-ko-bhulne-ki-7-takniken-bhag-1/,Setup 301 Redirect to Primary Page and remove duplicate from sitemap
100.0%,https://www.brahmakumaris.com/soul-sustenance/avoid-showing-off-and-experience-humility/,https://www.brahmakumaris.com/soul-sustenance/ss-hindi/25th-apr-2023-ssh/,Setup 301 Redirect to Primary Page and remove duplicate from sitemap
100.0%,https://www.brahmakumaris.com/soul-sustenance/avoid-showing-off-and-experience-humility/,https://www.brahmakumaris.com/soul-sustenance/positive-spiritual-tips-for-beautiful-parenting-part-1/,Setup 301 Redirect to Primary Page and remove duplicate from sitemap
100.0%,https://www.brahmakumaris.com/soul-sustenance/avoid-showing-off-and-experience-humility/,https://www.brahmakumaris.com/soul-sustenance/overcoming-obstacles-with-a-powerful-consciousness-of-faith-part-1/,Setup 301 Redirect to Primary Page and remove duplicate from sitemap
100.0%,https://www.brahmakumaris.com/soul-sustenance/07th-may-soul-sustenance/,https://www.brahmakumaris.com/soul-sustenance/avoid-showing-off-and-experience-humility/,Setup 301 Redirect to Primary Page and remove duplicate from sitemap
100.0%,https://www.brahmakumaris.com/soul-sustenance/10th-may-soul-sustenance/,https://www.brahmakumaris.com/soul-sustenance/avoid-showing-off-and-experience-humility/,Setup 301 Redirect to Primary Page and remove duplicate from sitemap
100.0%,https://www.brahmakumaris.com/soul-sustenance/ss-hindi/krutagyata-ka-bhav/,https://www.brahmakumaris.com/soul-sustenance/avoid-showing-off-and-experience-humility/,Setup 301 Redirect to Primary Page and remove duplicate from sitemap
100.0%,https://www.brahmakumaris.com/soul-sustenance/avoid-showing-off-and-experience-humility/,https://www.brahmakumaris.com/soul-sustenance/dont-criticize-people-correct-them-with-respect/,Setup 301 Redirect to Primary Page and remove duplicate from sitemap
100.0%,https://www.brahmakumaris.com/soul-sustenance/avoid-showing-off-and-experience-humility/,https://www.brahmakumaris.com/soul-sustenance/ss-hindi/christmas-ki-aadhytmaik-sundarta-ka-anubhav-karein-bhag-1/,Setup 301 Redirect to Primary Page and remove duplicate from sitemap
100.0%,https://www.brahmakumaris.com/soul-sustenance/avoid-showing-off-and-experience-humility/,https://www.brahmakumaris.com/soul-sustenance/the-7-days-course-of-the-brahma-kumaris-part-6/,Setup 301 Redirect to Primary Page and remove duplicate from sitemap
100.0%,https://www.brahmakumaris.com/soul-sustenance/avoid-showing-off-and-experience-humility/,https://www.brahmakumaris.com/soul-sustenance/choose-your-actions-correctly-in-every-sphere-of-life-part-2/,Setup 301 Redirect to Primary Page and remove duplicate from sitemap
100.0%,https://www.brahmakumaris.com/soul-sustenance/14th-jul-soul-sustenance/,https://www.brahmakumaris.com/soul-sustenance/avoid-showing-off-and-experience-humility/,Setup 301 Redirect to Primary Page and remove duplicate from sitemap
100.0%,https://www.brahmakumaris.com/soul-sustenance/5-positive-affirmations-for-good-health/,https://www.brahmakumaris.com/soul-sustenance/avoid-showing-off-and-experience-humility/,Setup 301 Redirect to Primary Page and remove duplicate from sitemap
100.0%,https://www.brahmakumaris.com/soul-sustenance/avoid-showing-off-and-experience-humility/,https://www.brahmakumaris.com/soul-sustenance/10th-may-2023-ss/,Setup 301 Redirect to Primary Page and remove duplicate from sitemap
100.0%,https://www.brahmakumaris.com/soul-sustenance/avoid-showing-off-and-experience-humility/,https://www.brahmakumaris.com/soul-sustenance/ss-hindi/dusron-ke-sath-urja-ke-len-den-ko-behtar-banaein-bhag-2/,Setup 301 Redirect to Primary Page and remove duplicate from sitemap
100.0%,https://www.brahmakumaris.com/soul-sustenance/avoid-showing-off-and-experience-humility/,https://www.brahmakumaris.com/soul-sustenance/ss-hindi/kya-aapka-parmatma-ke-sath-sambandh-ghanishth-aur-majboot-hei/,Setup 301 Redirect to Primary Page and remove duplicate from sitemap
100.0%,https://www.brahmakumaris.com/soul-sustenance/avoid-showing-off-and-experience-humility/,https://www.brahmakumaris.com/soul-sustenance/ss-hindi/aapke-apno-ke-dard-mein-aapki-bhumika/,Setup 301 Redirect to Primary Page and remove duplicate from sitemap
100.0%,https://www.brahmakumaris.com/soul-sustenance/you-can-change-any-habit/,https://www.brahmakumaris.com/soul-sustenance/avoid-showing-off-and-experience-humility/,Setup 301 Redirect to Primary Page and remove duplicate from sitemap
100.0%,https://www.brahmakumaris.com/soul-sustenance/avoid-showing-off-and-experience-humility/,https://www.brahmakumaris.com/soul-sustenance/ss-hindi/sachchi-safalta-ka-mool-siddhant/,Setup 301 Redirect to Primary Page and remove duplicate from sitemap
100.0%,https://www.brahmakumaris.com/soul-sustenance/avoid-showing-off-and-experience-humility/,https://www.brahmakumaris.com/soul-sustenance/9th-mar-2023-ss/,Setup 301 Redirect to Primary Page and remove duplicate from sitemap
100.0%,https://www.brahmakumaris.com/soul-sustenance/ss-hindi/easy-rahein-busy-nahin/,https://www.brahmakumaris.com/soul-sustenance/avoid-showing-off-and-experience-humility/,Setup 301 Redirect to Primary Page and remove duplicate from sitemap
100.0%,https://www.brahmakumaris.com/soul-sustenance/avoid-showing-off-and-experience-humility/,https://www.brahmakumaris.com/soul-sustenance/experiencing-spiritual-success-in-every-sphere-of-life-part-1/,Setup 301 Redirect to Primary Page and remove duplicate from sitemap
100.0%,https://www.brahmakumaris.com/soul-sustenance/ss-hindi/har-din-perfect-hei/,https://www.brahmakumaris.com/soul-sustenance/avoid-showing-off-and-experience-humility/,Setup 301 Redirect to Primary Page and remove duplicate from sitemap
100.0%,https://www.brahmakumaris.com/soul-sustenance/avoid-showing-off-and-experience-humility/,https://www.brahmakumaris.com/soul-sustenance/ss-hindi/job-insecurity-ko-kaise-overcome-karein/,Setup 301 Redirect to Primary Page and remove duplicate from sitemap
100.0%,https://www.brahmakumaris.com/soul-sustenance/avoid-showing-off-and-experience-humility/,https://www.brahmakumaris.com/soul-sustenance/the-invisible-energy-of-thought-and-feeling/,Setup 301 Redirect to Primary Page and remove duplicate from sitemap
100.0%,https://www.brahmakumaris.com/soul-sustenance/avoid-showing-off-and-experience-humility/,https://www.brahmakumaris.com/soul-sustenance/ss-hindi/9th-may-2023-ssh/,Setup 301 Redirect to Primary Page and remove duplicate from sitemap
100.0%,https://www.brahmakumaris.com/soul-sustenance/29th-sep-soul-sustenance/,https://www.brahmakumaris.com/soul-sustenance/avoid-showing-off-and-experience-humility/,Setup 301 Redirect to Primary Page and remove duplicate from sitemap
100.0%,https://www.brahmakumaris.com/soul-sustenance/22nd-aug-soul-sustenance/,https://www.brahmakumaris.com/soul-sustenance/avoid-showing-off-and-experience-humility/,Setup 301 Redirect to Primary Page and remove duplicate from sitemap
100.0%,https://www.brahmakumaris.com/soul-sustenance/relationships-are-built-by-thoughts/,https://www.brahmakumaris.com/soul-sustenance/avoid-showing-off-and-experience-humility/,Setup 301 Redirect to Primary Page and remove duplicate from sitemap
100.0%,https://www.brahmakumaris.com/soul-sustenance/avoid-showing-off-and-experience-humility/,https://www.brahmakumaris.com/soul-sustenance/creating-a-perfect-personality-for-success-part-2/,Setup 301 Redirect to Primary Page and remove duplicate from sitemap
100.0%,https://www.brahmakumaris.com/soul-sustenance/avoid-showing-off-and-experience-humility/,https://www.brahmakumaris.com/soul-sustenance/ss-hindi/samay-ke-sath-shantipurn-rehna-bhag-3/,Setup 301 Redirect to Primary Page and remove duplicate from sitemap
100.0%,https://www.brahmakumaris.com/soul-sustenance/avoid-showing-off-and-experience-humility/,https://www.brahmakumaris.com/soul-sustenance/giving-the-message-of-love-and-joy-to-everyone-part-3/,Setup 301 Redirect to Primary Page and remove duplicate from sitemap
100.0%,https://www.brahmakumaris.com/soul-sustenance/avoid-showing-off-and-experience-humility/,https://www.brahmakumaris.com/soul-sustenance/ss-hindi/apni-sakaratmakta-ki-dhaal-ko-majboot-banaye/,Setup 301 Redirect to Primary Page and remove duplicate from sitemap
100.0%,https://www.brahmakumaris.com/soul-sustenance/avoid-showing-off-and-experience-humility/,https://www.brahmakumaris.com/soul-sustenance/ss-hindi/5th-mar-2023-ssh/,Setup 301 Redirect to Primary Page and remove duplicate from sitemap
100.0%,https://www.brahmakumaris.com/soul-sustenance/creating-an-india-of-gods-vision-part-1/,https://www.brahmakumaris.com/soul-sustenance/avoid-showing-off-and-experience-humility/,Setup 301 Redirect to Primary Page and remove duplicate from sitemap
100.0%,https://www.brahmakumaris.com/soul-sustenance/19th-february-soul-sustenance/,https://www.brahmakumaris.com/soul-sustenance/avoid-showing-off-and-experience-humility/,Setup 301 Redirect to Primary Page and remove duplicate from sitemap
100.0%,https://www.brahmakumaris.com/soul-sustenance/avoid-showing-off-and-experience-humility/,https://www.brahmakumaris.com/soul-sustenance/ss-hindi/shanti-ka-anubhav-karne-ke-liye-5-affirmation/,Setup 301 Redirect to Primary Page and remove duplicate from sitemap
100.0%,https://www.brahmakumaris.com/soul-sustenance/ss-hindi/apne-sukh-baantein-dukh-nahi/,https://www.brahmakumaris.com/soul-sustenance/avoid-showing-off-and-experience-humility/,Setup 301 Redirect to Primary Page and remove duplicate from sitemap
100.0%,https://www.brahmakumaris.com/soul-sustenance/avoid-showing-off-and-experience-humility/,https://www.brahmakumaris.com/soul-sustenance/sacrificing-the-ego-for-building-beautiful-relationships-part-3/,Setup 301 Redirect to Primary Page and remove duplicate from sitemap
100.0%,https://www.brahmakumaris.com/soul-sustenance/avoid-showing-off-and-experience-humility/,https://www.brahmakumaris.com/soul-sustenance/ss-hindi/bhulne-ki-aadat-ko-kaise-overcome-karein/,Setup 301 Redirect to Primary Page and remove duplicate from sitemap
100.0%,https://www.brahmakumaris.com/soul-sustenance/avoid-showing-off-and-experience-humility/,https://www.brahmakumaris.com/soul-sustenance/8-keys-to-success-for-facing-exams-part-3/,Setup 301 Redirect to Primary Page and remove duplicate from sitemap
100.0%,https://www.brahmakumaris.com/soul-sustenance/avoid-showing-off-and-experience-humility/,https://www.brahmakumaris.com/soul-sustenance/ss-hindi/badlaav-ko-aasani-se-apnane-ki-5-aadhyatmik-saktiyan-bhag-3/,Setup 301 Redirect to Primary Page and remove duplicate from sitemap
100.0%,https://www.brahmakumaris.com/soul-sustenance/avoid-showing-off-and-experience-humility/,https://www.brahmakumaris.com/soul-sustenance/10th-dec-2022-ss/,Setup 301 Redirect to Primary Page and remove duplicate from sitemap
100.0%,https://www.brahmakumaris.com/soul-sustenance/avoid-showing-off-and-experience-humility/,https://www.brahmakumaris.com/soul-sustenance/26th-jul-2023-ss/,Setup 301 Redirect to Primary Page and remove duplicate from sitemap
100.0%,https://www.brahmakumaris.com/soul-sustenance/13th-march-soul-sustenance/,https://www.brahmakumaris.com/soul-sustenance/avoid-showing-off-and-experience-humility/,Setup 301 Redirect to Primary Page and remove duplicate from sitemap
100.0%,https://www.brahmakumaris.com/soul-sustenance/ss-hindi/charitra-mein-sundarta-bhag-1/,https://www.brahmakumaris.com/soul-sustenance/avoid-showing-off-and-experience-humility/,Setup 301 Redirect to Primary Page and remove duplicate from sitemap
100.0%,https://www.brahmakumaris.com/soul-sustenance/avoid-showing-off-and-experience-humility/,https://www.brahmakumaris.com/soul-sustenance/ss-hindi/apne-vyaktitva-mei-satytaa-laayein-bhag-1/,Setup 301 Redirect to Primary Page and remove duplicate from sitemap
100.0%,https://www.brahmakumaris.com/soul-sustenance/avoid-showing-off-and-experience-humility/,https://www.brahmakumaris.com/soul-sustenance/ss-hindi/meditation-aatm-parivartan-ki-ek-saral-technique-bhag-1/,Setup 301 Redirect to Primary Page and remove duplicate from sitemap
100.0%,https://www.brahmakumaris.com/soul-sustenance/avoid-showing-off-and-experience-humility/,https://www.brahmakumaris.com/soul-sustenance/8-keys-to-success-for-facing-exams-part-1/,Setup 301 Redirect to Primary Page and remove duplicate from sitemap
100.0%,https://www.brahmakumaris.com/soul-sustenance/avoid-showing-off-and-experience-humility/,https://www.brahmakumaris.com/soul-sustenance/5-new-year-resolutions-for-the-year-2025/,Setup 301 Redirect to Primary Page and remove duplicate from sitemap
100.0%,https://www.brahmakumaris.com/soul-sustenance/avoid-showing-off-and-experience-humility/,https://www.brahmakumaris.com/soul-sustenance/ss-hindi/9th-apr-2023-ssh/,Setup 301 Redirect to Primary Page and remove duplicate from sitemap
100.0%,https://www.brahmakumaris.com/soul-sustenance/everyday-is-a-perfect-day/,https://www.brahmakumaris.com/soul-sustenance/avoid-showing-off-and-experience-humility/,Setup 301 Redirect to Primary Page and remove duplicate from sitemap
100.0%,https://www.brahmakumaris.com/soul-sustenance/avoid-showing-off-and-experience-humility/,https://www.brahmakumaris.com/soul-sustenance/becoming-free-from-the-desire-for-praise-part-2/,Setup 301 Redirect to Primary Page and remove duplicate from sitemap
100.0%,https://www.brahmakumaris.com/soul-sustenance/03rd-nov-soul-sustenance/,https://www.brahmakumaris.com/soul-sustenance/avoid-showing-off-and-experience-humility/,Setup 301 Redirect to Primary Page and remove duplicate from sitemap
100.0%,https://www.brahmakumaris.com/soul-sustenance/why-do-we-need-spirituality-in-our-lives/,https://www.brahmakumaris.com/soul-sustenance/avoid-showing-off-and-experience-humility/,Setup 301 Redirect to Primary Page and remove duplicate from sitemap
100.0%,https://www.brahmakumaris.com/soul-sustenance/avoid-showing-off-and-experience-humility/,https://www.brahmakumaris.com/soul-sustenance/spiritual-steps-to-protect-the-world-from-cancer/,Setup 301 Redirect to Primary Page and remove duplicate from sitemap
100.0%,https://www.brahmakumaris.com/soul-sustenance/avoid-showing-off-and-experience-humility/,https://www.brahmakumaris.com/soul-sustenance/the-importance-of-thought-energy-in-relationships-part-1/,Setup 301 Redirect to Primary Page and remove duplicate from sitemap
100.0%,https://www.brahmakumaris.com/soul-sustenance/writing-a-gratitude-diary/,https://www.brahmakumaris.com/soul-sustenance/avoid-showing-off-and-experience-humility/,Setup 301 Redirect to Primary Page and remove duplicate from sitemap
100.0%,https://www.brahmakumaris.com/soul-sustenance/26th-jul-soul-sustenance/,https://www.brahmakumaris.com/soul-sustenance/avoid-showing-off-and-experience-humility/,Setup 301 Redirect to Primary Page and remove duplicate from sitemap
100.0%,https://www.brahmakumaris.com/soul-sustenance/avoid-showing-off-and-experience-humility/,https://www.brahmakumaris.com/soul-sustenance/ss-hindi/hamesha-apne-mood-ko-positive-aur-khush-rakhein/,Setup 301 Redirect to Primary Page and remove duplicate from sitemap
100.0%,https://www.brahmakumaris.com/soul-sustenance/learning-from-the-past/,https://www.brahmakumaris.com/soul-sustenance/avoid-showing-off-and-experience-humility/,Setup 301 Redirect to Primary Page and remove duplicate from sitemap
100.0%,https://www.brahmakumaris.com/soul-sustenance/28th-sep-soul-sustenance/,https://www.brahmakumaris.com/soul-sustenance/avoid-showing-off-and-experience-humility/,Setup 301 Redirect to Primary Page and remove duplicate from sitemap
100.0%,https://www.brahmakumaris.com/soul-sustenance/ss-hindi/samay-shrestha-healer-nahi-hei/,https://www.brahmakumaris.com/soul-sustenance/avoid-showing-off-and-experience-humility/,Setup 301 Redirect to Primary Page and remove duplicate from sitemap
100.0%,https://www.brahmakumaris.com/soul-sustenance/20th-aug-soul-sustenance/,https://www.brahmakumaris.com/soul-sustenance/avoid-showing-off-and-experience-humility/,Setup 301 Redirect to Primary Page and remove duplicate from sitemap
100.0%,https://www.brahmakumaris.com/soul-sustenance/avoid-showing-off-and-experience-humility/,https://www.brahmakumaris.com/soul-sustenance/ss-hindi/apni-drushti-ko-nishpaksh-aur-adhyatmik-banaein/,Setup 301 Redirect to Primary Page and remove duplicate from sitemap
100.0%,https://www.brahmakumaris.com/soul-sustenance/avoid-showing-off-and-experience-humility/,https://www.brahmakumaris.com/soul-sustenance/ss-hindi/photographs-aur-selfies-ki-lat-par-kaabu-pana/,Setup 301 Redirect to Primary Page and remove duplicate from sitemap
100.0%,https://www.brahmakumaris.com/soul-sustenance/avoid-showing-off-and-experience-humility/,https://www.brahmakumaris.com/soul-sustenance/lighting-a-single-diya-of-my-own-spiritual-awareness-part-1/,Setup 301 Redirect to Primary Page and remove duplicate from sitemap
100.0%,https://www.brahmakumaris.com/soul-sustenance/avoid-showing-off-and-experience-humility/,https://www.brahmakumaris.com/soul-sustenance/ss-hindi/gyan-ka-manthan-karke-uske-fayde-anubhav-karein-bhag-3/,Setup 301 Redirect to Primary Page and remove duplicate from sitemap
100.0%,https://www.brahmakumaris.com/soul-sustenance/avoid-showing-off-and-experience-humility/,https://www.brahmakumaris.com/soul-sustenance/ss-hindi/brahmakumaris-ka-7-divasiya-course-bhag-1/,Setup 301 Redirect to Primary Page and remove duplicate from sitemap
100.0%,https://www.brahmakumaris.com/soul-sustenance/avoid-showing-off-and-experience-humility/,https://www.brahmakumaris.com/soul-sustenance/ss-hindi/safalta-ke-liye-ek-adarsh-vyaktitva-ka-nirman-karein-bhag-1/,Setup 301 Redirect to Primary Page and remove duplicate from sitemap
100.0%,https://www.brahmakumaris.com/soul-sustenance/avoid-showing-off-and-experience-humility/,https://www.brahmakumaris.com/soul-sustenance/ss-hindi/apne-jeevan-mei-attention-ke-watchmen-ko-satark-rakhna/,Setup 301 Redirect to Primary Page and remove duplicate from sitemap
100.0%,https://www.brahmakumaris.com/soul-sustenance/avoid-showing-off-and-experience-humility/,https://www.brahmakumaris.com/soul-sustenance/should-we-be-emotional-or-not-part-3-2/,Setup 301 Redirect to Primary Page and remove duplicate from sitemap
100.0%,https://www.brahmakumaris.com/soul-sustenance/avoid-showing-off-and-experience-humility/,https://www.brahmakumaris.com/soul-sustenance/ss-hindi/aaiye-parmatma-ki-upasthiti-ko-pahchanein-aur-unki-virasat-ko-prapt-karein-mahashivratri-par-adhyatmik-sandesh/,Setup 301 Redirect to Primary Page and remove duplicate from sitemap
100.0%,https://www.brahmakumaris.com/soul-sustenance/avoid-showing-off-and-experience-humility/,https://www.brahmakumaris.com/soul-sustenance/ss-hindi/ateet-ke-dard-ko-mitana-aur-heal-karna/,Setup 301 Redirect to Primary Page and remove duplicate from sitemap
100.0%,https://www.brahmakumaris.com/soul-sustenance/avoid-showing-off-and-experience-humility/,https://www.brahmakumaris.com/soul-sustenance/28th-jul-2023-ss/,Setup 301 Redirect to Primary Page and remove duplicate from sitemap
100.0%,https://www.brahmakumaris.com/soul-sustenance/avoid-showing-off-and-experience-humility/,https://www.brahmakumaris.com/soul-sustenance/ss-hindi/logon-par-label-na-lagaein-balki-samman-dein/,Setup 301 Redirect to Primary Page and remove duplicate from sitemap
100.0%,https://www.brahmakumaris.com/soul-sustenance/avoid-showing-off-and-experience-humility/,https://www.brahmakumaris.com/soul-sustenance/ss-hindi/aantarik-sundarta-inner-beauty-ke-teen-darpan-bhag-4/,Setup 301 Redirect to Primary Page and remove duplicate from sitemap
100.0%,https://www.brahmakumaris.com/soul-sustenance/24th-sep-soul-sustenance/,https://www.brahmakumaris.com/soul-sustenance/avoid-showing-off-and-experience-humility/,Setup 301 Redirect to Primary Page and remove duplicate from sitemap
100.0%,https://www.brahmakumaris.com/soul-sustenance/avoid-showing-off-and-experience-humility/,https://www.brahmakumaris.com/soul-sustenance/10th-jul-2023-ss/,Setup 301 Redirect to Primary Page and remove duplicate from sitemap
100.0%,https://www.brahmakumaris.com/soul-sustenance/avoid-showing-off-and-experience-humility/,https://www.brahmakumaris.com/soul-sustenance/ss-hindi/har-din-jeevan-mein-values-apnaayein/,Setup 301 Redirect to Primary Page and remove duplicate from sitemap
100.0%,https://www.brahmakumaris.com/soul-sustenance/5-beautiful-aspects-of-success-part-1/,https://www.brahmakumaris.com/soul-sustenance/avoid-showing-off-and-experience-humility/,Setup 301 Redirect to Primary Page and remove duplicate from sitemap
100.0%,https://www.brahmakumaris.com/soul-sustenance/avoid-showing-off-and-experience-humility/,https://www.brahmakumaris.com/soul-sustenance/become-like-shri-krishna-janmashtami-message/,Setup 301 Redirect to Primary Page and remove duplicate from sitemap
100.0%,https://www.brahmakumaris.com/soul-sustenance/24th-may-soul-sustenance/,https://www.brahmakumaris.com/soul-sustenance/avoid-showing-off-and-experience-humility/,Setup 301 Redirect to Primary Page and remove duplicate from sitemap
100.0%,https://www.brahmakumaris.com/soul-sustenance/avoid-showing-off-and-experience-humility/,https://www.brahmakumaris.com/soul-sustenance/the-7-days-course-of-the-brahma-kumaris-part-5/,Setup 301 Redirect to Primary Page and remove duplicate from sitemap
100.0%,https://www.brahmakumaris.com/soul-sustenance/accepting-failures-with-ease/,https://www.brahmakumaris.com/soul-sustenance/avoid-showing-off-and-experience-humility/,Setup 301 Redirect to Primary Page and remove duplicate from sitemap
100.0%,https://www.brahmakumaris.com/soul-sustenance/avoid-showing-off-and-experience-humility/,https://www.brahmakumaris.com/soul-sustenance/a-message-from-god-on-maha-shivratri-part-2/,Setup 301 Redirect to Primary Page and remove duplicate from sitemap
100.0%,https://www.brahmakumaris.com/soul-sustenance/avoid-showing-off-and-experience-humility/,https://www.brahmakumaris.com/soul-sustenance/29th-may-2023-ss/,Setup 301 Redirect to Primary Page and remove duplicate from sitemap
100.0%,https://www.brahmakumaris.com/soul-sustenance/keeping-a-worry-free-consciousness/,https://www.brahmakumaris.com/soul-sustenance/avoid-showing-off-and-experience-humility/,Setup 301 Redirect to Primary Page and remove duplicate from sitemap
100.0%,https://www.brahmakumaris.com/soul-sustenance/avoid-showing-off-and-experience-humility/,https://www.brahmakumaris.com/soul-sustenance/purifying-the-soul-with-rajyoga-meditation/,Setup 301 Redirect to Primary Page and remove duplicate from sitemap
100.0%,https://www.brahmakumaris.com/soul-sustenance/avoid-showing-off-and-experience-humility/,https://www.brahmakumaris.com/soul-sustenance/27th-jun-2023-ss/,Setup 301 Redirect to Primary Page and remove duplicate from sitemap
100.0%,https://www.brahmakumaris.com/soul-sustenance/04th-oct-soul-sustenance/,https://www.brahmakumaris.com/soul-sustenance/avoid-showing-off-and-experience-humility/,Setup 301 Redirect to Primary Page and remove duplicate from sitemap
100.0%,https://www.brahmakumaris.com/soul-sustenance/avoid-showing-off-and-experience-humility/,https://www.brahmakumaris.com/soul-sustenance/ss-hindi/11th-apr-2023-ssh/,Setup 301 Redirect to Primary Page and remove duplicate from sitemap
100.0%,https://www.brahmakumaris.com/soul-sustenance/ss-hindi/mood-swing-se-bachein/,https://www.brahmakumaris.com/soul-sustenance/avoid-showing-off-and-experience-humility/,Setup 301 Redirect to Primary Page and remove duplicate from sitemap
100.0%,https://www.brahmakumaris.com/soul-sustenance/avoid-showing-off-and-experience-humility/,https://www.brahmakumaris.com/soul-sustenance/ss-hindi/26th-feb-2023-ssh/,Setup 301 Redirect to Primary Page and remove duplicate from sitemap
100.0%,https://www.brahmakumaris.com/soul-sustenance/avoid-showing-off-and-experience-humility/,https://www.brahmakumaris.com/soul-sustenance/10-new-beliefs-for-positive-living-part-3/,Setup 301 Redirect to Primary Page and remove duplicate from sitemap
100.0%,https://www.brahmakumaris.com/soul-sustenance/avoid-showing-off-and-experience-humility/,https://www.brahmakumaris.com/soul-sustenance/collect-your-treasure-of-blessings-everyday/,Setup 301 Redirect to Primary Page and remove duplicate from sitemap
100.0%,https://www.brahmakumaris.com/soul-sustenance/avoid-showing-off-and-experience-humility/,https://www.brahmakumaris.com/soul-sustenance/ss-hindi/aantarik-shakti-ke-liye-6-positive-affirmation/,Setup 301 Redirect to Primary Page and remove duplicate from sitemap
100.0%,https://www.brahmakumaris.com/soul-sustenance/ss-hindi/aapka-man-bhi-ek-bachcha-hai/,https://www.brahmakumaris.com/soul-sustenance/avoid-showing-off-and-experience-humility/,Setup 301 Redirect to Primary Page and remove duplicate from sitemap
100.0%,https://www.brahmakumaris.com/soul-sustenance/avoid-showing-off-and-experience-humility/,https://www.brahmakumaris.com/soul-sustenance/include-these-5-points-of-self-respect-in-your-life-part-2/,Setup 301 Redirect to Primary Page and remove duplicate from sitemap
100.0%,https://www.brahmakumaris.com/soul-sustenance/avoid-showing-off-and-experience-humility/,https://www.brahmakumaris.com/soul-sustenance/talk-about-your-joys-not-sorrows-with-people/,Setup 301 Redirect to Primary Page and remove duplicate from sitemap
100.0%,https://www.brahmakumaris.com/soul-sustenance/29th-nov-soul-sustenance/,https://www.brahmakumaris.com/soul-sustenance/avoid-showing-off-and-experience-humility/,Setup 301 Redirect to Primary Page and remove duplicate from sitemap
100.0%,https://www.brahmakumaris.com/soul-sustenance/21st-nov-soul-sustenance/,https://www.brahmakumaris.com/soul-sustenance/avoid-showing-off-and-experience-humility/,Setup 301 Redirect to Primary Page and remove duplicate from sitemap
100.0%,https://www.brahmakumaris.com/soul-sustenance/15th-oct-soul-sustenance/,https://www.brahmakumaris.com/soul-sustenance/avoid-showing-off-and-experience-humility/,Setup 301 Redirect to Primary Page and remove duplicate from sitemap
100.0%,https://www.brahmakumaris.com/soul-sustenance/seeking-perfection-in-other-people/,https://www.brahmakumaris.com/soul-sustenance/avoid-showing-off-and-experience-humility/,Setup 301 Redirect to Primary Page and remove duplicate from sitemap
100.0%,https://www.brahmakumaris.com/soul-sustenance/avoid-showing-off-and-experience-humility/,https://www.brahmakumaris.com/soul-sustenance/lets-heal-the-world-with-our-blessings-part-2/,Setup 301 Redirect to Primary Page and remove duplicate from sitemap
100.0%,https://www.brahmakumaris.com/soul-sustenance/avoid-showing-off-and-experience-humility/,https://www.brahmakumaris.com/soul-sustenance/how-to-meditate-a-basic-meditation-commentary-part-1/,Setup 301 Redirect to Primary Page and remove duplicate from sitemap
100.0%,https://www.brahmakumaris.com/soul-sustenance/avoid-showing-off-and-experience-humility/,https://www.brahmakumaris.com/soul-sustenance/overcoming-sibling-rivalry-with-spiritual-understanding/,Setup 301 Redirect to Primary Page and remove duplicate from sitemap
100.0%,https://www.brahmakumaris.com/soul-sustenance/avoid-showing-off-and-experience-humility/,https://www.brahmakumaris.com/soul-sustenance/ss-hindi/karm-karte-hue-aatmik-sthiti-mei-rahne-ka-abhyas-part-2/,Setup 301 Redirect to Primary Page and remove duplicate from sitemap
100.0%,https://www.brahmakumaris.com/soul-sustenance/09th-sep-soul-sustenance/,https://www.brahmakumaris.com/soul-sustenance/avoid-showing-off-and-experience-humility/,Setup 301 Redirect to Primary Page and remove duplicate from sitemap
100.0%,https://www.brahmakumaris.com/soul-sustenance/avoid-showing-off-and-experience-humility/,https://www.brahmakumaris.com/soul-sustenance/9th-apr-2023-ss/,Setup 301 Redirect to Primary Page and remove duplicate from sitemap
100.0%,https://www.brahmakumaris.com/soul-sustenance/handling-rejection-from-loved-ones/,https://www.brahmakumaris.com/soul-sustenance/avoid-showing-off-and-experience-humility/,Setup 301 Redirect to Primary Page and remove duplicate from sitemap
100.0%,https://www.brahmakumaris.com/soul-sustenance/avoid-showing-off-and-experience-humility/,https://www.brahmakumaris.com/soul-sustenance/connecting-to-god-with-the-umbilical-cord-of-meditation-part-1/,Setup 301 Redirect to Primary Page and remove duplicate from sitemap
100.0%,https://www.brahmakumaris.com/soul-sustenance/avoid-showing-off-and-experience-humility/,https://www.brahmakumaris.com/soul-sustenance/overcoming-addiction-to-photographs-and-selfies/,Setup 301 Redirect to Primary Page and remove duplicate from sitemap
100.0%,https://www.brahmakumaris.com/soul-sustenance/ss-hindi/aatma-ke-liye-jaruri-7-vitamins/,https://www.brahmakumaris.com/soul-sustenance/avoid-showing-off-and-experience-humility/,Setup 301 Redirect to Primary Page and remove duplicate from sitemap
100.0%,https://www.brahmakumaris.com/soul-sustenance/avoid-showing-off-and-experience-humility/,https://www.brahmakumaris.com/soul-sustenance/ss-hindi/parmatma-ke-sapno-ka-bharat-banein-bhag-2-swatantrata-divas-15-august-par-aadhytmik-sandesh/,Setup 301 Redirect to Primary Page and remove duplicate from sitemap
100.0%,https://www.brahmakumaris.com/soul-sustenance/04th-aug-soul-sustenance/,https://www.brahmakumaris.com/soul-sustenance/avoid-showing-off-and-experience-humility/,Setup 301 Redirect to Primary Page and remove duplicate from sitemap
100.0%,https://www.brahmakumaris.com/soul-sustenance/avoid-showing-off-and-experience-humility/,https://www.brahmakumaris.com/soul-sustenance/ss-hindi/raksha-bandhan-ka-adhyatmik-mahatav/,Setup 301 Redirect to Primary Page and remove duplicate from sitemap
100.0%,https://www.brahmakumaris.com/soul-sustenance/avoid-showing-off-and-experience-humility/,https://www.brahmakumaris.com/soul-sustenance/ss-hindi/hamare-vichar-hamare-bhagya-ka-nirman-kaise-karte-hein-bhag-2/,Setup 301 Redirect to Primary Page and remove duplicate from sitemap
100.0%,https://www.brahmakumaris.com/soul-sustenance/avoid-showing-off-and-experience-humility/,https://www.brahmakumaris.com/soul-sustenance/should-we-be-emotional-or-not-part-1-2/,Setup 301 Redirect to Primary Page and remove duplicate from sitemap
100.0%,https://www.brahmakumaris.com/soul-sustenance/avoid-showing-off-and-experience-humility/,https://www.brahmakumaris.com/soul-sustenance/ss-hindi/five-karmendriyon-par-shasan-aur-niyantran/,Setup 301 Redirect to Primary Page and remove duplicate from sitemap
100.0%,https://www.brahmakumaris.com/soul-sustenance/avoid-showing-off-and-experience-humility/,https://www.brahmakumaris.com/soul-sustenance/ss-hindi/sundar-parenting-ke-anand-ka-anubhav-lein-bhag-3/,Setup 301 Redirect to Primary Page and remove duplicate from sitemap
100.0%,https://www.brahmakumaris.com/soul-sustenance/avoid-showing-off-and-experience-humility/,https://www.brahmakumaris.com/soul-sustenance/ss-hindi/%e0%a4%ae%e0%a5%87%e0%a4%a1%e0%a4%bf%e0%a4%9f%e0%a5%87%e0%a4%b6%e0%a4%a8-%e0%a4%95%e0%a5%88%e0%a4%b8%e0%a5%87-%e0%a4%95%e0%a4%b0%e0%a5%87%e0%a4%82-%e0%a4%8f%e0%a4%95-%e0%a4%ac%e0%a5%87%e0%a4%b8/,Setup 301 Redirect to Primary Page and remove duplicate from sitemap
100.0%,https://www.brahmakumaris.com/soul-sustenance/avoid-showing-off-and-experience-humility/,https://www.brahmakumaris.com/soul-sustenance/ss-hindi/dusron-ko-dene-wale-banein-bhag-1/,Setup 301 Redirect to Primary Page and remove duplicate from sitemap
100.0%,https://www.brahmakumaris.com/soul-sustenance/avoid-showing-off-and-experience-humility/,https://www.brahmakumaris.com/soul-sustenance/5th-jul-2023-ss/,Setup 301 Redirect to Primary Page and remove duplicate from sitemap
100.0%,https://www.brahmakumaris.com/soul-sustenance/avoid-showing-off-and-experience-humility/,https://www.brahmakumaris.com/soul-sustenance/08th-jul-soul-sustenance-2/,Setup 301 Redirect to Primary Page and remove duplicate from sitemap
100.0%,https://www.brahmakumaris.com/soul-sustenance/24th-jul-soul-sustenance/,https://www.brahmakumaris.com/soul-sustenance/avoid-showing-off-and-experience-humility/,Setup 301 Redirect to Primary Page and remove duplicate from sitemap
100.0%,https://www.brahmakumaris.com/soul-sustenance/avoid-showing-off-and-experience-humility/,https://www.brahmakumaris.com/soul-sustenance/churning-wisdom-and-experiencing-its-benefits-part-1/,Setup 301 Redirect to Primary Page and remove duplicate from sitemap
100.0%,https://www.brahmakumaris.com/soul-sustenance/hold-on-to-your-values/,https://www.brahmakumaris.com/soul-sustenance/avoid-showing-off-and-experience-humility/,Setup 301 Redirect to Primary Page and remove duplicate from sitemap
100.0%,https://www.brahmakumaris.com/soul-sustenance/avoid-showing-off-and-experience-humility/,https://www.brahmakumaris.com/soul-sustenance/22nd-dec-2022-ss/,Setup 301 Redirect to Primary Page and remove duplicate from sitemap
100.0%,https://www.brahmakumaris.com/soul-sustenance/avoid-showing-off-and-experience-humility/,https://www.brahmakumaris.com/soul-sustenance/ss-hindi/kya-hame-bhavuk-hona-chahiye-ya-nahi-3/,Setup 301 Redirect to Primary Page and remove duplicate from sitemap
100.0%,https://www.brahmakumaris.com/soul-sustenance/avoid-showing-off-and-experience-humility/,https://www.brahmakumaris.com/soul-sustenance/18th-feb-2023-ss/,Setup 301 Redirect to Primary Page and remove duplicate from sitemap
100.0%,https://www.brahmakumaris.com/soul-sustenance/avoid-showing-off-and-experience-humility/,https://www.brahmakumaris.com/soul-sustenance/27th-may-2023-ss/,Setup 301 Redirect to Primary Page and remove duplicate from sitemap
100.0%,https://www.brahmakumaris.com/soul-sustenance/avoid-showing-off-and-experience-humility/,https://www.brahmakumaris.com/soul-sustenance/ss-hindi/rishton-mein-kataksh-taane-dene-ki-aadat-se-bachein/,Setup 301 Redirect to Primary Page and remove duplicate from sitemap
100.0%,https://www.brahmakumaris.com/soul-sustenance/20th-june-soul-sustenance/,https://www.brahmakumaris.com/soul-sustenance/avoid-showing-off-and-experience-humility/,Setup 301 Redirect to Primary Page and remove duplicate from sitemap
100.0%,https://www.brahmakumaris.com/soul-sustenance/14th-february-soul-sustenance/,https://www.brahmakumaris.com/soul-sustenance/avoid-showing-off-and-experience-humility/,Setup 301 Redirect to Primary Page and remove duplicate from sitemap
100.0%,https://www.brahmakumaris.com/soul-sustenance/avoid-showing-off-and-experience-humility/,https://www.brahmakumaris.com/soul-sustenance/ss-hindi/23rd-mar-2023-ssh/,Setup 301 Redirect to Primary Page and remove duplicate from sitemap
100.0%,https://www.brahmakumaris.com/soul-sustenance/avoid-showing-off-and-experience-humility/,https://www.brahmakumaris.com/soul-sustenance/ss-hindi/15th-feb-2023-ssh/,Setup 301 Redirect to Primary Page and remove duplicate from sitemap
100.0%,https://www.brahmakumaris.com/soul-sustenance/avoid-showing-off-and-experience-humility/,https://www.brahmakumaris.com/soul-sustenance/ss-hindi/apne-jeevan-vriksh-ki-shakhaon-se-lagaav-mukt-rahein/,Setup 301 Redirect to Primary Page and remove duplicate from sitemap
100.0%,https://www.brahmakumaris.com/soul-sustenance/avoid-showing-off-and-experience-humility/,https://www.brahmakumaris.com/soul-sustenance/13th-apr-2023-ss/,Setup 301 Redirect to Primary Page and remove duplicate from sitemap
100.0%,https://www.brahmakumaris.com/soul-sustenance/ss-hindi/chetna-ki-shuddhi-bhag-1/,https://www.brahmakumaris.com/soul-sustenance/avoid-showing-off-and-experience-humility/,Setup 301 Redirect to Primary Page and remove duplicate from sitemap
100.0%,https://www.brahmakumaris.com/soul-sustenance/avoid-showing-off-and-experience-humility/,https://www.brahmakumaris.com/soul-sustenance/newness-at-every-step-part-3/,Setup 301 Redirect to Primary Page and remove duplicate from sitemap
100.0%,https://www.brahmakumaris.com/soul-sustenance/delegating-responsibilities-to-others/,https://www.brahmakumaris.com/soul-sustenance/avoid-showing-off-and-experience-humility/,Setup 301 Redirect to Primary Page and remove duplicate from sitemap
100.0%,https://www.brahmakumaris.com/soul-sustenance/avoid-showing-off-and-experience-humility/,https://www.brahmakumaris.com/soul-sustenance/rising-above-limits-and-mental-barriers-part-2/,Setup 301 Redirect to Primary Page and remove duplicate from sitemap
100.0%,https://www.brahmakumaris.com/soul-sustenance/beautiful-intentions-create-good-karma/,https://www.brahmakumaris.com/soul-sustenance/avoid-showing-off-and-experience-humility/,Setup 301 Redirect to Primary Page and remove duplicate from sitemap
100.0%,https://www.brahmakumaris.com/soul-sustenance/26th-nov-soul-sustenance/,https://www.brahmakumaris.com/soul-sustenance/avoid-showing-off-and-experience-humility/,Setup 301 Redirect to Primary Page and remove duplicate from sitemap
100.0%,https://www.brahmakumaris.com/soul-sustenance/,https://www.brahmakumaris.com/soul-sustenance/avoid-showing-off-and-experience-humility/,Setup 301 Redirect to Primary Page and remove duplicate from sitemap
100.0%,https://www.brahmakumaris.com/soul-sustenance/avoid-showing-off-and-experience-humility/,https://www.brahmakumaris.com/soul-sustenance/20th-may-2023-ss/,Setup 301 Redirect to Primary Page and remove duplicate from sitemap
100.0%,https://www.brahmakumaris.com/soul-sustenance/avoid-showing-off-and-experience-humility/,https://www.brahmakumaris.com/soul-sustenance/breaking-the-cycle-of-negative-energy-exchanges-part-5/,Setup 301 Redirect to Primary Page and remove duplicate from sitemap
100.0%,https://www.brahmakumaris.com/soul-sustenance/avoid-showing-off-and-experience-humility/,https://www.brahmakumaris.com/soul-sustenance/ss-hindi/aadhytmikta-dwara-apne-man-aur-tan-ko-sanwarien-bhag-2/,Setup 301 Redirect to Primary Page and remove duplicate from sitemap
100.0%,https://www.brahmakumaris.com/soul-sustenance/5th-march-soul-sustenance/,https://www.brahmakumaris.com/soul-sustenance/avoid-showing-off-and-experience-humility/,Setup 301 Redirect to Primary Page and remove duplicate from sitemap
100.0%,https://www.brahmakumaris.com/soul-sustenance/avoid-showing-off-and-experience-humility/,https://www.brahmakumaris.com/soul-sustenance/ss-hindi/jeevan-ke-har-kshetra-mei-adhyatmik-safalta-ka-anubhav-karein-bhag-2/,Setup 301 Redirect to Primary Page and remove duplicate from sitemap
100.0%,https://www.brahmakumaris.com/soul-sustenance/avoid-showing-off-and-experience-humility/,https://www.brahmakumaris.com/soul-sustenance/purifying-food-water-and-air-for-good-health-part-4/,Setup 301 Redirect to Primary Page and remove duplicate from sitemap
100.0%,https://www.brahmakumaris.com/soul-sustenance/avoid-showing-off-and-experience-humility/,https://www.brahmakumaris.com/soul-sustenance/ss-hindi/9th-mar-2023-ssh/,Setup 301 Redirect to Primary Page and remove duplicate from sitemap
100.0%,https://www.brahmakumaris.com/soul-sustenance/avoid-showing-off-and-experience-humility/,https://www.brahmakumaris.com/soul-sustenance/overcoming-mental-pressures-and-stress-part-3/,Setup 301 Redirect to Primary Page and remove duplicate from sitemap
100.0%,https://www.brahmakumaris.com/soul-sustenance/16th-oct-soul-sustenance/,https://www.brahmakumaris.com/soul-sustenance/avoid-showing-off-and-experience-humility/,Setup 301 Redirect to Primary Page and remove duplicate from sitemap
100.0%,https://www.brahmakumaris.com/soul-sustenance/ss-hindi/hamesha-santusht-kaise-rahein/,https://www.brahmakumaris.com/soul-sustenance/avoid-showing-off-and-experience-humility/,Setup 301 Redirect to Primary Page and remove duplicate from sitemap
100.0%,https://www.brahmakumaris.com/soul-sustenance/avoid-showing-off-and-experience-humility/,https://www.brahmakumaris.com/soul-sustenance/ss-hindi/11th-may-2023-ssh/,Setup 301 Redirect to Primary Page and remove duplicate from sitemap
100.0%,https://www.brahmakumaris.com/soul-sustenance/avoid-showing-off-and-experience-humility/,https://www.brahmakumaris.com/soul-sustenance/include-these-5-points-of-self-respect-in-your-life-part-1/,Setup 301 Redirect to Primary Page and remove duplicate from sitemap
100.0%,https://www.brahmakumaris.com/soul-sustenance/ss-hindi/tanaav-rahit-jeevan-jiyein/,https://www.brahmakumaris.com/soul-sustenance/avoid-showing-off-and-experience-humility/,Setup 301 Redirect to Primary Page and remove duplicate from sitemap
100.0%,https://www.brahmakumaris.com/soul-sustenance/avoid-showing-off-and-experience-humility/,https://www.brahmakumaris.com/soul-sustenance/ss-hindi/office-ya-ghar-par-niyam-banate-samay-logon-ki-rai-lein/,Setup 301 Redirect to Primary Page and remove duplicate from sitemap
100.0%,https://www.brahmakumaris.com/soul-sustenance/avoid-showing-off-and-experience-humility/,https://www.brahmakumaris.com/soul-sustenance/ss-hindi/shubhkamnayein-jo-maayne-rakhti-hain/,Setup 301 Redirect to Primary Page and remove duplicate from sitemap
100.0%,https://www.brahmakumaris.com/soul-sustenance/avoid-showing-off-and-experience-humility/,https://www.brahmakumaris.com/soul-sustenance/ss-hindi/meditation-aatm-parivartan-ki-ek-saral-technique-bhag-3/,Setup 301 Redirect to Primary Page and remove duplicate from sitemap
100.0%,https://www.brahmakumaris.com/soul-sustenance/avoid-showing-off-and-experience-humility/,https://www.brahmakumaris.com/soul-sustenance/ss-hindi/khushi-ki-aur-yatra-ya-khushi-ki-yatra-bhag-1/,Setup 301 Redirect to Primary Page and remove duplicate from sitemap
100.0%,https://www.brahmakumaris.com/soul-sustenance/avoid-showing-off-and-experience-humility/,https://www.brahmakumaris.com/soul-sustenance/overcoming-the-habit-of-worry-part-2/,Setup 301 Redirect to Primary Page and remove duplicate from sitemap
100.0%,https://www.brahmakumaris.com/soul-sustenance/avoid-showing-off-and-experience-humility/,https://www.brahmakumaris.com/soul-sustenance/ss-hindi/18th-may-2023-ssh/,Setup 301 Redirect to Primary Page and remove duplicate from sitemap
100.0%,https://www.brahmakumaris.com/soul-sustenance/avoid-showing-off-and-experience-humility/,https://www.brahmakumaris.com/soul-sustenance/are-we-emotionally-free-in-the-modern-world-part-2/,Setup 301 Redirect to Primary Page and remove duplicate from sitemap
100.0%,https://www.brahmakumaris.com/soul-sustenance/avoid-showing-off-and-experience-humility/,https://www.brahmakumaris.com/soul-sustenance/ss-hindi/parmatma-ki-5-sundar-visheshtaaein/,Setup 301 Redirect to Primary Page and remove duplicate from sitemap
100.0%,https://www.brahmakumaris.com/soul-sustenance/have-clarity-no-confusions/,https://www.brahmakumaris.com/soul-sustenance/avoid-showing-off-and-experience-humility/,Setup 301 Redirect to Primary Page and remove duplicate from sitemap
100.0%,https://www.brahmakumaris.com/soul-sustenance/avoid-showing-off-and-experience-humility/,https://www.brahmakumaris.com/soul-sustenance/ss-hindi/21st-apr-2023-ssh/,Setup 301 Redirect to Primary Page and remove duplicate from sitemap
100.0%,https://www.brahmakumaris.com/soul-sustenance/avoid-showing-off-and-experience-humility/,https://www.brahmakumaris.com/soul-sustenance/ss-hindi/parmatma-ko-apna-sarvashreshth-mitr-banane-ke-5-fayde/,Setup 301 Redirect to Primary Page and remove duplicate from sitemap
100.0%,https://www.brahmakumaris.com/soul-sustenance/avoid-showing-off-and-experience-humility/,https://www.brahmakumaris.com/soul-sustenance/positive-thought-based-living-part-3/,Setup 301 Redirect to Primary Page and remove duplicate from sitemap
100.0%,https://www.brahmakumaris.com/soul-sustenance/avoid-showing-off-and-experience-humility/,https://www.brahmakumaris.com/soul-sustenance/experiencing-the-spiritual-beauty-of-christmas-part-3/,Setup 301 Redirect to Primary Page and remove duplicate from sitemap
100.0%,https://www.brahmakumaris.com/soul-sustenance/avoid-showing-off-and-experience-humility/,https://www.brahmakumaris.com/soul-sustenance/ss-hindi/18th-apr-2023-ssh/,Setup 301 Redirect to Primary Page and remove duplicate from sitemap
100.0%,https://www.brahmakumaris.com/soul-sustenance/avoid-showing-off-and-experience-humility/,https://www.brahmakumaris.com/soul-sustenance/ss-hindi/jo-log-hamse-alag-hein-unke-liye-karuna-bhav-rakhein/,Setup 301 Redirect to Primary Page and remove duplicate from sitemap
100.0%,https://www.brahmakumaris.com/soul-sustenance/avoid-showing-off-and-experience-humility/,https://www.brahmakumaris.com/soul-sustenance/ss-hindi/sabhi-guno-aur-shaktiyon-se-swayn-ko-bharpur-karein/,Setup 301 Redirect to Primary Page and remove duplicate from sitemap
100.0%,https://www.brahmakumaris.com/soul-sustenance/avoid-showing-off-and-experience-humility/,https://www.brahmakumaris.com/soul-sustenance/the-key-to-beautiful-relationships-unconditional-love-part-3/,Setup 301 Redirect to Primary Page and remove duplicate from sitemap
100.0%,https://www.brahmakumaris.com/soul-sustenance/avoid-showing-off-and-experience-humility/,https://www.brahmakumaris.com/soul-sustenance/ss-hindi/apne-rishton-ko-khoobsurat-banane-ke-5-tarike-bhag-3/,Setup 301 Redirect to Primary Page and remove duplicate from sitemap
100.0%,https://www.brahmakumaris.com/soul-sustenance/avoid-showing-off-and-experience-humility/,https://www.brahmakumaris.com/soul-sustenance/colouring-forgiveness-on-the-canvas-of-your-mind-part-2/,Setup 301 Redirect to Primary Page and remove duplicate from sitemap
100.0%,https://www.brahmakumaris.com/soul-sustenance/avoid-showing-off-and-experience-humility/,https://www.brahmakumaris.com/soul-sustenance/ss-hindi/dashare-parv-ka-divya-arth-bhag-2/,Setup 301 Redirect to Primary Page and remove duplicate from sitemap
100.0%,https://www.brahmakumaris.com/soul-sustenance/avoid-showing-off-and-experience-humility/,https://www.brahmakumaris.com/soul-sustenance/ss-hindi/parmatma-maali-ham-aatmaein-aadhyatmik-gulaab/,Setup 301 Redirect to Primary Page and remove duplicate from sitemap
100.0%,https://www.brahmakumaris.com/soul-sustenance/avoid-showing-off-and-experience-humility/,https://www.brahmakumaris.com/soul-sustenance/ss-hindi/safalta-prapt-karne-ke-liye-soul-aur-role-power-ka-santulan-banaye-rakhein-bhag-2/,Setup 301 Redirect to Primary Page and remove duplicate from sitemap
100.0%,https://www.brahmakumaris.com/soul-sustenance/lets-unite-with-god-in-his-task/,https://www.brahmakumaris.com/soul-sustenance/avoid-showing-off-and-experience-humility/,Setup 301 Redirect to Primary Page and remove duplicate from sitemap
100.0%,https://www.brahmakumaris.com/soul-sustenance/avoid-showing-off-and-experience-humility/,https://www.brahmakumaris.com/soul-sustenance/ss-hindi/10th-jul-2023-ssh/,Setup 301 Redirect to Primary Page and remove duplicate from sitemap
100.0%,https://www.brahmakumaris.com/soul-sustenance/avoid-showing-off-and-experience-humility/,https://www.brahmakumaris.com/soul-sustenance/6th-jul-2023-ss/,Setup 301 Redirect to Primary Page and remove duplicate from sitemap
100.0%,https://www.brahmakumaris.com/soul-sustenance/avoid-showing-off-and-experience-humility/,https://www.brahmakumaris.com/soul-sustenance/ss-hindi/12th-jul-2023-ssh/,Setup 301 Redirect to Primary Page and remove duplicate from sitemap
100.0%,https://www.brahmakumaris.com/soul-sustenance/avoid-showing-off-and-experience-humility/,https://www.brahmakumaris.com/soul-sustenance/ss-hindi/safalta-ke-liye-ek-adarsh-vyaktitva-ka-nirman-karein-bhag-3/,Setup 301 Redirect to Primary Page and remove duplicate from sitemap
100.0%,https://www.brahmakumaris.com/soul-sustenance/avoid-showing-off-and-experience-humility/,https://www.brahmakumaris.com/soul-sustenance/ss-hindi/25th-may-2023-ssh/,Setup 301 Redirect to Primary Page and remove duplicate from sitemap
100.0%,https://www.brahmakumaris.com/soul-sustenance/avoid-showing-off-and-experience-humility/,https://www.brahmakumaris.com/soul-sustenance/08th-jan-2023-ss/,Setup 301 Redirect to Primary Page and remove duplicate from sitemap
100.0%,https://www.brahmakumaris.com/soul-sustenance/consciousness-cleansing-part-1/,https://www.brahmakumaris.com/soul-sustenance/avoid-showing-off-and-experience-humility/,Setup 301 Redirect to Primary Page and remove duplicate from sitemap
100.0%,https://www.brahmakumaris.com/soul-sustenance/avoid-showing-off-and-experience-humility/,https://www.brahmakumaris.com/soul-sustenance/ss-hindi/apne-man-ke-raja-banein-aur-shasan-karein-bhag-3/,Setup 301 Redirect to Primary Page and remove duplicate from sitemap
100.0%,https://www.brahmakumaris.com/soul-sustenance/avoid-showing-off-and-experience-humility/,https://www.brahmakumaris.com/soul-sustenance/making-your-vision-unbiased-and-spiritual-for-everyone/,Setup 301 Redirect to Primary Page and remove duplicate from sitemap
100.0%,https://www.brahmakumaris.com/soul-sustenance/9th-april-soul-sustenance/,https://www.brahmakumaris.com/soul-sustenance/avoid-showing-off-and-experience-humility/,Setup 301 Redirect to Primary Page and remove duplicate from sitemap
100.0%,https://www.brahmakumaris.com/soul-sustenance/12th-may-soul-sustenance/,https://www.brahmakumaris.com/soul-sustenance/avoid-showing-off-and-experience-humility/,Setup 301 Redirect to Primary Page and remove duplicate from sitemap
100.0%,https://www.brahmakumaris.com/soul-sustenance/avoid-showing-off-and-experience-humility/,https://www.brahmakumaris.com/soul-sustenance/ss-hindi/bahri-chaos-aur-andruni-emotions-se-bahar-niklein/,Setup 301 Redirect to Primary Page and remove duplicate from sitemap
100.0%,https://www.brahmakumaris.com/soul-sustenance/avoid-showing-off-and-experience-humility/,https://www.brahmakumaris.com/soul-sustenance/10th-mar-2023-ss/,Setup 301 Redirect to Primary Page and remove duplicate from sitemap
100.0%,https://www.brahmakumaris.com/soul-sustenance/avoid-showing-off-and-experience-humility/,https://www.brahmakumaris.com/soul-sustenance/01st-jan-2023-ss/,Setup 301 Redirect to Primary Page and remove duplicate from sitemap
100.0%,https://www.brahmakumaris.com/soul-sustenance/avoid-showing-off-and-experience-humility/,https://www.brahmakumaris.com/soul-sustenance/improving-the-quality-of-energy-exchanges-with-others-part-2/,Setup 301 Redirect to Primary Page and remove duplicate from sitemap
100.0%,https://www.brahmakumaris.com/soul-sustenance/avoid-showing-off-and-experience-humility/,https://www.brahmakumaris.com/soul-sustenance/ss-hindi/21st-aug-2023-ssh/,Setup 301 Redirect to Primary Page and remove duplicate from sitemap
100.0%,https://www.brahmakumaris.com/soul-sustenance/avoid-showing-off-and-experience-humility/,https://www.brahmakumaris.com/soul-sustenance/5-points-of-wisdom-for-overcoming-jealousy/,Setup 301 Redirect to Primary Page and remove duplicate from sitemap
100.0%,https://www.brahmakumaris.com/soul-sustenance/avoid-showing-off-and-experience-humility/,https://www.brahmakumaris.com/soul-sustenance/ss-hindi/gyan-ka-manthan-karke-uske-fayde-anubhav-karein-bhag-2/,Setup 301 Redirect to Primary Page and remove duplicate from sitemap
100.0%,https://www.brahmakumaris.com/soul-sustenance/11th-aug-soul-sustenance/,https://www.brahmakumaris.com/soul-sustenance/avoid-showing-off-and-experience-humility/,Setup 301 Redirect to Primary Page and remove duplicate from sitemap
100.0%,https://www.brahmakumaris.com/soul-sustenance/avoid-showing-off-and-experience-humility/,https://www.brahmakumaris.com/soul-sustenance/1st-apr-2023-ss/,Setup 301 Redirect to Primary Page and remove duplicate from sitemap
100.0%,https://www.brahmakumaris.com/soul-sustenance/avoid-showing-off-and-experience-humility/,https://www.brahmakumaris.com/soul-sustenance/ss-hindi/safalta-ki-raah-par-8-kadam-bhag-3/,Setup 301 Redirect to Primary Page and remove duplicate from sitemap
100.0%,https://www.brahmakumaris.com/soul-sustenance/overcome-addiction-to-gadgets/,https://www.brahmakumaris.com/soul-sustenance/avoid-showing-off-and-experience-humility/,Setup 301 Redirect to Primary Page and remove duplicate from sitemap
100.0%,https://www.brahmakumaris.com/soul-sustenance/avoid-showing-off-and-experience-humility/,https://www.brahmakumaris.com/soul-sustenance/appreciating-people-genuinely-and-generously/,Setup 301 Redirect to Primary Page and remove duplicate from sitemap
100.0%,https://www.brahmakumaris.com/soul-sustenance/avoid-showing-off-and-experience-humility/,https://www.brahmakumaris.com/soul-sustenance/going-beyond-negative-influences-on-thoughts-part-1/,Setup 301 Redirect to Primary Page and remove duplicate from sitemap
100.0%,https://www.brahmakumaris.com/soul-sustenance/ss-hindi/sab-ko-unconditional-pyaar-dein/,https://www.brahmakumaris.com/soul-sustenance/avoid-showing-off-and-experience-humility/,Setup 301 Redirect to Primary Page and remove duplicate from sitemap
100.0%,https://www.brahmakumaris.com/soul-sustenance/avoid-showing-off-and-experience-humility/,https://www.brahmakumaris.com/soul-sustenance/learning-to-be-at-peace-with-time-part-2/,Setup 301 Redirect to Primary Page and remove duplicate from sitemap
100.0%,https://www.brahmakumaris.com/soul-sustenance/avoid-showing-off-and-experience-humility/,https://www.brahmakumaris.com/soul-sustenance/ss-hindi/12th-mar-2023-ssh/,Setup 301 Redirect to Primary Page and remove duplicate from sitemap
100.0%,https://www.brahmakumaris.com/soul-sustenance/avoid-showing-off-and-experience-humility/,https://www.brahmakumaris.com/soul-sustenance/when-we-change-others-change-part-3/,Setup 301 Redirect to Primary Page and remove duplicate from sitemap
100.0%,https://www.brahmakumaris.com/soul-sustenance/avoid-showing-off-and-experience-humility/,https://www.brahmakumaris.com/soul-sustenance/ss-hindi/brahmakumaris-ka-7-divasiya-course-bhag-4/,Setup 301 Redirect to Primary Page and remove duplicate from sitemap
100.0%,https://www.brahmakumaris.com/soul-sustenance/05th-aug-soul-sustenance/,https://www.brahmakumaris.com/soul-sustenance/avoid-showing-off-and-experience-humility/,Setup 301 Redirect to Primary Page and remove duplicate from sitemap
100.0%,https://www.brahmakumaris.com/soul-sustenance/17th-february-soul-sustenance/,https://www.brahmakumaris.com/soul-sustenance/avoid-showing-off-and-experience-humility/,Setup 301 Redirect to Primary Page and remove duplicate from sitemap
100.0%,https://www.brahmakumaris.com/soul-sustenance/avoid-showing-off-and-experience-humility/,https://www.brahmakumaris.com/soul-sustenance/experience-patience-when-waiting-for-situations-to-change/,Setup 301 Redirect to Primary Page and remove duplicate from sitemap
100.0%,https://www.brahmakumaris.com/soul-sustenance/avoid-showing-off-and-experience-humility/,https://www.brahmakumaris.com/soul-sustenance/how-does-god-purify-the-world-part-2/,Setup 301 Redirect to Primary Page and remove duplicate from sitemap
100.0%,https://www.brahmakumaris.com/soul-sustenance/avoid-showing-off-and-experience-humility/,https://www.brahmakumaris.com/soul-sustenance/ss-hindi/riston-mei-pyaar-ke-flow-ko-reverse-karna/,Setup 301 Redirect to Primary Page and remove duplicate from sitemap
100.0%,https://www.brahmakumaris.com/soul-sustenance/avoid-showing-off-and-experience-humility/,https://www.brahmakumaris.com/soul-sustenance/ss-hindi/2nd-mar-2023-ssh/,Setup 301 Redirect to Primary Page and remove duplicate from sitemap
100.0%,https://www.brahmakumaris.com/soul-sustenance/avoid-showing-off-and-experience-humility/,https://www.brahmakumaris.com/soul-sustenance/ss-hindi/khoya-hua-swarg-punah-prapt-karna-bhag-3/,Setup 301 Redirect to Primary Page and remove duplicate from sitemap
100.0%,https://www.brahmakumaris.com/soul-sustenance/02nd-nov-soul-sustenance/,https://www.brahmakumaris.com/soul-sustenance/avoid-showing-off-and-experience-humility/,Setup 301 Redirect to Primary Page and remove duplicate from sitemap
100.0%,https://www.brahmakumaris.com/soul-sustenance/avoid-showing-off-and-experience-humility/,https://www.brahmakumaris.com/soul-sustenance/ss-hindi/aadhyatmikta-ki-shakti-se-nakaratmak-parishthitiyon-ko-kaise-paar-karein-bhag-2/,Setup 301 Redirect to Primary Page and remove duplicate from sitemap
100.0%,https://www.brahmakumaris.com/soul-sustenance/avoid-showing-off-and-experience-humility/,https://www.brahmakumaris.com/soul-sustenance/ss-hindi/apne-jeevan-ki-sair-ka-anand-lein-bhag-2/,Setup 301 Redirect to Primary Page and remove duplicate from sitemap
100.0%,https://www.brahmakumaris.com/soul-sustenance/avoid-showing-off-and-experience-humility/,https://www.brahmakumaris.com/soul-sustenance/ss-hindi/kam-khayein-dheere-khayein-2/,Setup 301 Redirect to Primary Page and remove duplicate from sitemap
100.0%,https://www.brahmakumaris.com/soul-sustenance/avoid-showing-off-and-experience-humility/,https://www.brahmakumaris.com/soul-sustenance/keeping-your-mind-light-and-energized-always/,Setup 301 Redirect to Primary Page and remove duplicate from sitemap
100.0%,https://www.brahmakumaris.com/soul-sustenance/avoid-showing-off-and-experience-humility/,https://www.brahmakumaris.com/soul-sustenance/ss-hindi/parmatma-saath-se-jeevan-ke-labh/,Setup 301 Redirect to Primary Page and remove duplicate from sitemap
100.0%,https://www.brahmakumaris.com/soul-sustenance/avoid-showing-off-and-experience-humility/,https://www.brahmakumaris.com/soul-sustenance/15th-may-2023-ss/,Setup 301 Redirect to Primary Page and remove duplicate from sitemap
100.0%,https://www.brahmakumaris.com/soul-sustenance/ss-hindi/adheerta-ko-kaise-deal-karien/,https://www.brahmakumaris.com/soul-sustenance/avoid-showing-off-and-experience-humility/,Setup 301 Redirect to Primary Page and remove duplicate from sitemap
100.0%,https://www.brahmakumaris.com/soul-sustenance/11th-oct-soul-sustenance/,https://www.brahmakumaris.com/soul-sustenance/avoid-showing-off-and-experience-humility/,Setup 301 Redirect to Primary Page and remove duplicate from sitemap
100.0%,https://www.brahmakumaris.com/soul-sustenance/avoid-showing-off-and-experience-humility/,https://www.brahmakumaris.com/soul-sustenance/16th-dec-2022-ss/,Setup 301 Redirect to Primary Page and remove duplicate from sitemap
100.0%,https://www.brahmakumaris.com/soul-sustenance/18th-oct-soul-sustenance/,https://www.brahmakumaris.com/soul-sustenance/avoid-showing-off-and-experience-humility/,Setup 301 Redirect to Primary Page and remove duplicate from sitemap
100.0%,https://www.brahmakumaris.com/soul-sustenance/avoid-showing-off-and-experience-humility/,https://www.brahmakumaris.com/soul-sustenance/the-three-mirrors-for-inner-beauty-part-1/,Setup 301 Redirect to Primary Page and remove duplicate from sitemap
100.0%,https://www.brahmakumaris.com/soul-sustenance/avoid-showing-off-and-experience-humility/,https://www.brahmakumaris.com/soul-sustenance/3-incorrect-happiness-beliefs-and-the-truth-part-1/,Setup 301 Redirect to Primary Page and remove duplicate from sitemap
100.0%,https://www.brahmakumaris.com/soul-sustenance/avoid-showing-off-and-experience-humility/,https://www.brahmakumaris.com/soul-sustenance/19th-dec-2022-ss/,Setup 301 Redirect to Primary Page and remove duplicate from sitemap
100.0%,https://www.brahmakumaris.com/soul-sustenance/15th-nov-soul-sustenance/,https://www.brahmakumaris.com/soul-sustenance/avoid-showing-off-and-experience-humility/,Setup 301 Redirect to Primary Page and remove duplicate from sitemap
100.0%,https://www.brahmakumaris.com/soul-sustenance/15th-may-soul-sustenance/,https://www.brahmakumaris.com/soul-sustenance/avoid-showing-off-and-experience-humility/,Setup 301 Redirect to Primary Page and remove duplicate from sitemap
100.0%,https://www.brahmakumaris.com/soul-sustenance/23rd-march-soul-sustenance/,https://www.brahmakumaris.com/soul-sustenance/avoid-showing-off-and-experience-humility/,Setup 301 Redirect to Primary Page and remove duplicate from sitemap
100.0%,https://www.brahmakumaris.com/soul-sustenance/19th-may-soul-sustenance/,https://www.brahmakumaris.com/soul-sustenance/avoid-showing-off-and-experience-humility/,Setup 301 Redirect to Primary Page and remove duplicate from sitemap
100.0%,https://www.brahmakumaris.com/soul-sustenance/avoid-showing-off-and-experience-humility/,https://www.brahmakumaris.com/soul-sustenance/ss-hindi/subah-ke-samay-ki-qwality-ko-check-karein/,Setup 301 Redirect to Primary Page and remove duplicate from sitemap
100.0%,https://www.brahmakumaris.com/soul-sustenance/avoid-showing-off-and-experience-humility/,https://www.brahmakumaris.com/soul-sustenance/8th-mar-2023-ss/,Setup 301 Redirect to Primary Page and remove duplicate from sitemap
100.0%,https://www.brahmakumaris.com/soul-sustenance/avoid-showing-off-and-experience-humility/,https://www.brahmakumaris.com/soul-sustenance/ss-hindi/karyasthal-par-nishkriyta-ko-dur-karke-nirantar-vikas-karein/,Setup 301 Redirect to Primary Page and remove duplicate from sitemap
100.0%,https://www.brahmakumaris.com/soul-sustenance/avoid-showing-off-and-experience-humility/,https://www.brahmakumaris.com/soul-sustenance/ss-hindi/parmatma-brahmand-ka-alpha-point/,Setup 301 Redirect to Primary Page and remove duplicate from sitemap
100.0%,https://www.brahmakumaris.com/soul-sustenance/avoid-showing-off-and-experience-humility/,https://www.brahmakumaris.com/soul-sustenance/21st-feb-2023-ss/,Setup 301 Redirect to Primary Page and remove duplicate from sitemap
100.0%,https://www.brahmakumaris.com/soul-sustenance/avoid-showing-off-and-experience-humility/,https://www.brahmakumaris.com/soul-sustenance/returning-to-my-original-state-of-goodness-part-2/,Setup 301 Redirect to Primary Page and remove duplicate from sitemap
100.0%,https://www.brahmakumaris.com/soul-sustenance/avoid-showing-off-and-experience-humility/,https://www.brahmakumaris.com/soul-sustenance/ss-hindi/khushiyon-ko-sahi-tarike-se-jiyen-bhag-2/,Setup 301 Redirect to Primary Page and remove duplicate from sitemap
100.0%,https://www.brahmakumaris.com/soul-sustenance/avoid-showing-off-and-experience-humility/,https://www.brahmakumaris.com/soul-sustenance/the-beauty-of-christmas-a-festival-of-love-and-joy-part-2/,Setup 301 Redirect to Primary Page and remove duplicate from sitemap
100.0%,https://www.brahmakumaris.com/soul-sustenance/avoid-showing-off-and-experience-humility/,https://www.brahmakumaris.com/soul-sustenance/12th-dec-2022-ss/,Setup 301 Redirect to Primary Page and remove duplicate from sitemap
100.0%,https://www.brahmakumaris.com/soul-sustenance/avoid-showing-off-and-experience-humility/,https://www.brahmakumaris.com/soul-sustenance/ss-hindi/sada-khush-rahne-ke-liye-swayam-se-ishwar-se-aur-dusron-se-prem-%e0%a4%95%e0%a4%b0-bhag-2/,Setup 301 Redirect to Primary Page and remove duplicate from sitemap
100.0%,https://www.brahmakumaris.com/soul-sustenance/avoid-showing-off-and-experience-humility/,https://www.brahmakumaris.com/soul-sustenance/be-determined-and-positive-at-every-step-part-3/,Setup 301 Redirect to Primary Page and remove duplicate from sitemap
100.0%,https://www.brahmakumaris.com/soul-sustenance/avoid-showing-off-and-experience-humility/,https://www.brahmakumaris.com/soul-sustenance/creating-positive-health-with-positive-thoughts/,Setup 301 Redirect to Primary Page and remove duplicate from sitemap
100.0%,https://www.brahmakumaris.com/soul-sustenance/avoid-showing-off-and-experience-humility/,https://www.brahmakumaris.com/soul-sustenance/overcome-indecisiveness-in-thoughts-words-and-actions/,Setup 301 Redirect to Primary Page and remove duplicate from sitemap
100.0%,https://www.brahmakumaris.com/soul-sustenance/avoid-showing-off-and-experience-humility/,https://www.brahmakumaris.com/soul-sustenance/04th-feb-2023-ss/,Setup 301 Redirect to Primary Page and remove duplicate from sitemap
100.0%,https://www.brahmakumaris.com/soul-sustenance/avoid-showing-off-and-experience-humility/,https://www.brahmakumaris.com/soul-sustenance/ss-hindi/5-tips-dwara-office-ke-vatavaran-ko-aadhyatmik-banaein/,Setup 301 Redirect to Primary Page and remove duplicate from sitemap
100.0%,https://www.brahmakumaris.com/soul-sustenance/avoid-showing-off-and-experience-humility/,https://www.brahmakumaris.com/soul-sustenance/ss-hindi/is-vayst-duniya-mai-shanti-ka-anubhav-karne-ke-5-tarike/,Setup 301 Redirect to Primary Page and remove duplicate from sitemap
100.0%,https://www.brahmakumaris.com/soul-sustenance/avoid-showing-off-and-experience-humility/,https://www.brahmakumaris.com/soul-sustenance/ss-hindi/swayn-khushiyon-ka-anubhav-karein-aur-dusron-ko-karaein-bhag-3/,Setup 301 Redirect to Primary Page and remove duplicate from sitemap
100.0%,https://www.brahmakumaris.com/soul-sustenance/avoid-showing-off-and-experience-humility/,https://www.brahmakumaris.com/soul-sustenance/the-mind-in-control-part-2/,Setup 301 Redirect to Primary Page and remove duplicate from sitemap
100.0%,https://www.brahmakumaris.com/soul-sustenance/ss-hindi/karm-bandhano-ka-chakra-bhag-1/,https://www.brahmakumaris.com/soul-sustenance/avoid-showing-off-and-experience-humility/,Setup 301 Redirect to Primary Page and remove duplicate from sitemap
100.0%,https://www.brahmakumaris.com/soul-sustenance/avoid-showing-off-and-experience-humility/,https://www.brahmakumaris.com/soul-sustenance/ss-hindi/antarman-ke-ravan-ko-jalakar-svatantrata-ka-anubhav-karna-bhag-2/,Setup 301 Redirect to Primary Page and remove duplicate from sitemap
100.0%,https://www.brahmakumaris.com/soul-sustenance/avoid-showing-off-and-experience-humility/,https://www.brahmakumaris.com/soul-sustenance/ss-hindi/15th-apr-2023-ssh/,Setup 301 Redirect to Primary Page and remove duplicate from sitemap
100.0%,https://www.brahmakumaris.com/soul-sustenance/avoid-showing-off-and-experience-humility/,https://www.brahmakumaris.com/soul-sustenance/14th-feb-2023-ss/,Setup 301 Redirect to Primary Page and remove duplicate from sitemap
100.0%,https://www.brahmakumaris.com/soul-sustenance/avoid-showing-off-and-experience-humility/,https://www.brahmakumaris.com/soul-sustenance/ss-hindi/apne-adaptability-quotient-anukulan-bhag-ko-check-karein/,Setup 301 Redirect to Primary Page and remove duplicate from sitemap
100.0%,https://www.brahmakumaris.com/soul-sustenance/3rd-march-soul-sustenance/,https://www.brahmakumaris.com/soul-sustenance/avoid-showing-off-and-experience-humility/,Setup 301 Redirect to Primary Page and remove duplicate from sitemap
100.0%,https://www.brahmakumaris.com/soul-sustenance/avoid-showing-off-and-experience-humility/,https://www.brahmakumaris.com/soul-sustenance/ss-hindi/karma-ka-sidhdhant-kaise-kaary-karta-hai/,Setup 301 Redirect to Primary Page and remove duplicate from sitemap
100.0%,https://www.brahmakumaris.com/soul-sustenance/2nd-april-soul-sustenance/,https://www.brahmakumaris.com/soul-sustenance/avoid-showing-off-and-experience-humility/,Setup 301 Redirect to Primary Page and remove duplicate from sitemap
100.0%,https://www.brahmakumaris.com/soul-sustenance/20th-nov-soul-sustenance/,https://www.brahmakumaris.com/soul-sustenance/avoid-showing-off-and-experience-humility/,Setup 301 Redirect to Primary Page and remove duplicate from sitemap
100.0%,https://www.brahmakumaris.com/soul-sustenance/avoid-showing-off-and-experience-humility/,https://www.brahmakumaris.com/soul-sustenance/10-steps-to-a-positive-lifestyle-part-3/,Setup 301 Redirect to Primary Page and remove duplicate from sitemap
100.0%,https://www.brahmakumaris.com/soul-sustenance/overcome-frustration-a-form-of-anger/,https://www.brahmakumaris.com/soul-sustenance/avoid-showing-off-and-experience-humility/,Setup 301 Redirect to Primary Page and remove duplicate from sitemap
100.0%,https://www.brahmakumaris.com/soul-sustenance/ss-hindi/10-pearls-of-meditation-bhag-1/,https://www.brahmakumaris.com/soul-sustenance/avoid-showing-off-and-experience-humility/,Setup 301 Redirect to Primary Page and remove duplicate from sitemap
100.0%,https://www.brahmakumaris.com/soul-sustenance/avoid-showing-off-and-experience-humility/,https://www.brahmakumaris.com/soul-sustenance/resolving-negative-situations-in-3-steps-part-1/,Setup 301 Redirect to Primary Page and remove duplicate from sitemap
100.0%,https://www.brahmakumaris.com/soul-sustenance/avoid-showing-off-and-experience-humility/,https://www.brahmakumaris.com/soul-sustenance/a-healthy-emotional-diet-for-the-mind-part-4/,Setup 301 Redirect to Primary Page and remove duplicate from sitemap
100.0%,https://www.brahmakumaris.com/soul-sustenance/inhale-strengths-exhale-weaknesses/,https://www.brahmakumaris.com/soul-sustenance/avoid-showing-off-and-experience-humility/,Setup 301 Redirect to Primary Page and remove duplicate from sitemap
100.0%,https://www.brahmakumaris.com/soul-sustenance/avoid-showing-off-and-experience-humility/,https://www.brahmakumaris.com/soul-sustenance/ss-hindi/sirf-samadhan-ke-baare-mein-sochein-aur-baat-karein/,Setup 301 Redirect to Primary Page and remove duplicate from sitemap
100.0%,https://www.brahmakumaris.com/soul-sustenance/start-feeling-peoples-vibrations/,https://www.brahmakumaris.com/soul-sustenance/avoid-showing-off-and-experience-humility/,Setup 301 Redirect to Primary Page and remove duplicate from sitemap
100.0%,https://www.brahmakumaris.com/soul-sustenance/emotional-independence-from-people/,https://www.brahmakumaris.com/soul-sustenance/avoid-showing-off-and-experience-humility/,Setup 301 Redirect to Primary Page and remove duplicate from sitemap
100.0%,https://www.brahmakumaris.com/soul-sustenance/18th-june-soul-sustenance/,https://www.brahmakumaris.com/soul-sustenance/avoid-showing-off-and-experience-humility/,Setup 301 Redirect to Primary Page and remove duplicate from sitemap
100.0%,https://www.brahmakumaris.com/soul-sustenance/27th-oct-soul-sustenance/,https://www.brahmakumaris.com/soul-sustenance/avoid-showing-off-and-experience-humility/,Setup 301 Redirect to Primary Page and remove duplicate from sitemap
100.0%,https://www.brahmakumaris.com/soul-sustenance/freeing-yourself-from-hatred-for-anyone/,https://www.brahmakumaris.com/soul-sustenance/avoid-showing-off-and-experience-humility/,Setup 301 Redirect to Primary Page and remove duplicate from sitemap
100.0%,https://www.brahmakumaris.com/soul-sustenance/19th-april-soul-sustenance/,https://www.brahmakumaris.com/soul-sustenance/avoid-showing-off-and-experience-humility/,Setup 301 Redirect to Primary Page and remove duplicate from sitemap
100.0%,https://www.brahmakumaris.com/soul-sustenance/14th-may-soul-sustenance/,https://www.brahmakumaris.com/soul-sustenance/avoid-showing-off-and-experience-humility/,Setup 301 Redirect to Primary Page and remove duplicate from sitemap
100.0%,https://www.brahmakumaris.com/soul-sustenance/31st-march-soul-sustenance/,https://www.brahmakumaris.com/soul-sustenance/avoid-showing-off-and-experience-humility/,Setup 301 Redirect to Primary Page and remove duplicate from sitemap
100.0%,https://www.brahmakumaris.com/soul-sustenance/avoid-showing-off-and-experience-humility/,https://www.brahmakumaris.com/soul-sustenance/25th-may-2023-ss/,Setup 301 Redirect to Primary Page and remove duplicate from sitemap
100.0%,https://www.brahmakumaris.com/soul-sustenance/law-of-attraction-we-get-what-we-are/,https://www.brahmakumaris.com/soul-sustenance/avoid-showing-off-and-experience-humility/,Setup 301 Redirect to Primary Page and remove duplicate from sitemap
100.0%,https://www.brahmakumaris.com/soul-sustenance/avoid-showing-off-and-experience-humility/,https://www.brahmakumaris.com/soul-sustenance/ss-hindi/parmatma-se-judkar-apni-divyta-ko-anubhav-karein-bhag-2/,Setup 301 Redirect to Primary Page and remove duplicate from sitemap
100.0%,https://www.brahmakumaris.com/soul-sustenance/avoid-showing-off-and-experience-humility/,https://www.brahmakumaris.com/soul-sustenance/ss-hindi/kaam-aur-jeevan-ke-beech-mein-santulan-banana/,Setup 301 Redirect to Primary Page and remove duplicate from sitemap
100.0%,https://www.brahmakumaris.com/soul-sustenance/avoid-showing-off-and-experience-humility/,https://www.brahmakumaris.com/soul-sustenance/ss-hindi/apne-belief-system-ko-badlein-aur-positive-bhagya-banaein/,Setup 301 Redirect to Primary Page and remove duplicate from sitemap
100.0%,https://www.brahmakumaris.com/soul-sustenance/avoid-showing-off-and-experience-humility/,https://www.brahmakumaris.com/soul-sustenance/do-we-feel-the-need-for-change-in-the-world/,Setup 301 Redirect to Primary Page and remove duplicate from sitemap
100.0%,https://www.brahmakumaris.com/soul-sustenance/avoid-showing-off-and-experience-humility/,https://www.brahmakumaris.com/soul-sustenance/29th-mar-2023-ss/,Setup 301 Redirect to Primary Page and remove duplicate from sitemap
100.0%,https://www.brahmakumaris.com/soul-sustenance/avoid-showing-off-and-experience-humility/,https://www.brahmakumaris.com/soul-sustenance/ss-hindi/aapke-upar-bharosa-karne-wale-ki-vishvasniyta-ko-banaye-rakhein/,Setup 301 Redirect to Primary Page and remove duplicate from sitemap
100.0%,https://www.brahmakumaris.com/soul-sustenance/6th-april-soul-sustenance/,https://www.brahmakumaris.com/soul-sustenance/avoid-showing-off-and-experience-humility/,Setup 301 Redirect to Primary Page and remove duplicate from sitemap
100.0%,https://www.brahmakumaris.com/soul-sustenance/avoid-showing-off-and-experience-humility/,https://www.brahmakumaris.com/soul-sustenance/ss-hindi/devi-devtaon-ke-36-divya-gun/,Setup 301 Redirect to Primary Page and remove duplicate from sitemap
100.0%,https://www.brahmakumaris.com/soul-sustenance/slow-down-dont-rush-through-life/,https://www.brahmakumaris.com/soul-sustenance/avoid-showing-off-and-experience-humility/,Setup 301 Redirect to Primary Page and remove duplicate from sitemap
100.0%,https://www.brahmakumaris.com/soul-sustenance/avoid-showing-off-and-experience-humility/,https://www.brahmakumaris.com/soul-sustenance/do-you-have-a-deep-want-to-change-yourself/,Setup 301 Redirect to Primary Page and remove duplicate from sitemap
100.0%,https://www.brahmakumaris.com/soul-sustenance/avoid-showing-off-and-experience-humility/,https://www.brahmakumaris.com/soul-sustenance/ss-hindi/parivartan-ke-samay-sthir-rehne-ke-tarike/,Setup 301 Redirect to Primary Page and remove duplicate from sitemap
100.0%,https://www.brahmakumaris.com/soul-sustenance/avoid-showing-off-and-experience-humility/,https://www.brahmakumaris.com/soul-sustenance/ss-hindi/ham-apna-aatm-niyantran-kyon-khote-jaa-rahen-hein/,Setup 301 Redirect to Primary Page and remove duplicate from sitemap
100.0%,https://www.brahmakumaris.com/soul-sustenance/avoid-showing-off-and-experience-humility/,https://www.brahmakumaris.com/soul-sustenance/ss-hindi/pause-dekar-dahi-tarike-se-respond-karein/,Setup 301 Redirect to Primary Page and remove duplicate from sitemap
100.0%,https://www.brahmakumaris.com/soul-sustenance/avoid-showing-off-and-experience-humility/,https://www.brahmakumaris.com/soul-sustenance/the-celebration-of-raksha-bandhan-and-its-spiritual-beauty/,Setup 301 Redirect to Primary Page and remove duplicate from sitemap
100.0%,https://www.brahmakumaris.com/soul-sustenance/avoid-showing-off-and-experience-humility/,https://www.brahmakumaris.com/soul-sustenance/transforming-negative-reactions-to-positive-responses/,Setup 301 Redirect to Primary Page and remove duplicate from sitemap
100.0%,https://www.brahmakumaris.com/soul-sustenance/your-mind-is-your-inner-child/,https://www.brahmakumaris.com/soul-sustenance/avoid-showing-off-and-experience-humility/,Setup 301 Redirect to Primary Page and remove duplicate from sitemap
100.0%,https://www.brahmakumaris.com/soul-sustenance/avoid-showing-off-and-experience-humility/,https://www.brahmakumaris.com/soul-sustenance/light-the-lamp-of-divinity-this-diwali-part-2/,Setup 301 Redirect to Primary Page and remove duplicate from sitemap
100.0%,https://www.brahmakumaris.com/soul-sustenance/the-hurting-of-the-ego-part-1/,https://www.brahmakumaris.com/soul-sustenance/avoid-showing-off-and-experience-humility/,Setup 301 Redirect to Primary Page and remove duplicate from sitemap
100.0%,https://www.brahmakumaris.com/soul-sustenance/05th-jul-soul-sustenance/,https://www.brahmakumaris.com/soul-sustenance/avoid-showing-off-and-experience-humility/,Setup 301 Redirect to Primary Page and remove duplicate from sitemap
100.0%,https://www.brahmakumaris.com/soul-sustenance/5-benefits-of-making-god-our-best-friend/,https://www.brahmakumaris.com/soul-sustenance/avoid-showing-off-and-experience-humility/,Setup 301 Redirect to Primary Page and remove duplicate from sitemap
100.0%,https://www.brahmakumaris.com/soul-sustenance/avoid-showing-off-and-experience-humility/,https://www.brahmakumaris.com/soul-sustenance/ss-hindi/1st-apr-2023-ssh/,Setup 301 Redirect to Primary Page and remove duplicate from sitemap
100.0%,https://www.brahmakumaris.com/soul-sustenance/meet-people-with-a-clean-slate/,https://www.brahmakumaris.com/soul-sustenance/avoid-showing-off-and-experience-humility/,Setup 301 Redirect to Primary Page and remove duplicate from sitemap
100.0%,https://www.brahmakumaris.com/soul-sustenance/avoid-showing-off-and-experience-humility/,https://www.brahmakumaris.com/soul-sustenance/experiencing-spiritual-success-in-every-sphere-of-life-part-3/,Setup 301 Redirect to Primary Page and remove duplicate from sitemap
100.0%,https://www.brahmakumaris.com/soul-sustenance/23rd-february-soul-sustenance/,https://www.brahmakumaris.com/soul-sustenance/avoid-showing-off-and-experience-humility/,Setup 301 Redirect to Primary Page and remove duplicate from sitemap
100.0%,https://www.brahmakumaris.com/soul-sustenance/19th-oct-soul-sustenance/,https://www.brahmakumaris.com/soul-sustenance/avoid-showing-off-and-experience-humility/,Setup 301 Redirect to Primary Page and remove duplicate from sitemap
100.0%,https://www.brahmakumaris.com/soul-sustenance/avoid-showing-off-and-experience-humility/,https://www.brahmakumaris.com/soul-sustenance/maintaining-soul-consciousness-in-action-part-1/,Setup 301 Redirect to Primary Page and remove duplicate from sitemap
100.0%,https://www.brahmakumaris.com/soul-sustenance/avoid-showing-off-and-experience-humility/,https://www.brahmakumaris.com/soul-sustenance/10-new-beliefs-for-positive-living-part-4/,Setup 301 Redirect to Primary Page and remove duplicate from sitemap
100.0%,https://www.brahmakumaris.com/soul-sustenance/avoid-showing-off-and-experience-humility/,https://www.brahmakumaris.com/soul-sustenance/ss-hindi/negative-situations-ko-teen-steps-mein-resolve-karein-bhag-2/,Setup 301 Redirect to Primary Page and remove duplicate from sitemap
100.0%,https://www.brahmakumaris.com/soul-sustenance/avoid-showing-off-and-experience-humility/,https://www.brahmakumaris.com/soul-sustenance/changing-the-quality-of-your-morning-time/,Setup 301 Redirect to Primary Page and remove duplicate from sitemap
100.0%,https://www.brahmakumaris.com/soul-sustenance/avoid-showing-off-and-experience-humility/,https://www.brahmakumaris.com/soul-sustenance/ss-hindi/4th-mar-2023-ssh/,Setup 301 Redirect to Primary Page and remove duplicate from sitemap
100.0%,https://www.brahmakumaris.com/soul-sustenance/avoid-showing-off-and-experience-humility/,https://www.brahmakumaris.com/soul-sustenance/a-healthy-emotional-diet-for-the-mind-part-3/,Setup 301 Redirect to Primary Page and remove duplicate from sitemap
100.0%,https://www.brahmakumaris.com/soul-sustenance/avoid-showing-off-and-experience-humility/,https://www.brahmakumaris.com/soul-sustenance/7-techniques-to-let-go-off-the-past-part-2/,Setup 301 Redirect to Primary Page and remove duplicate from sitemap
100.0%,https://www.brahmakumaris.com/soul-sustenance/avoid-showing-off-and-experience-humility/,https://www.brahmakumaris.com/soul-sustenance/maintain-confidentiality-when-someone-confides-in-you/,Setup 301 Redirect to Primary Page and remove duplicate from sitemap
100.0%,https://www.brahmakumaris.com/soul-sustenance/release-your-expectations/,https://www.brahmakumaris.com/soul-sustenance/avoid-showing-off-and-experience-humility/,Setup 301 Redirect to Primary Page and remove duplicate from sitemap
100.0%,https://www.brahmakumaris.com/soul-sustenance/ss-hindi/atma-samman-badhane-ke-tarike/,https://www.brahmakumaris.com/soul-sustenance/avoid-showing-off-and-experience-humility/,Setup 301 Redirect to Primary Page and remove duplicate from sitemap
100.0%,https://www.brahmakumaris.com/soul-sustenance/avoid-showing-off-and-experience-humility/,https://www.brahmakumaris.com/soul-sustenance/ss-hindi/parmatma-parampita-teacher-aur-sadguru-ke-role-mei/,Setup 301 Redirect to Primary Page and remove duplicate from sitemap
100.0%,https://www.brahmakumaris.com/soul-sustenance/avoid-showing-off-and-experience-humility/,https://www.brahmakumaris.com/soul-sustenance/meet-people-with-a-clean-slate-2/,Setup 301 Redirect to Primary Page and remove duplicate from sitemap
100.0%,https://www.brahmakumaris.com/soul-sustenance/traffic-jam-on-the-road-or-in-the-mind/,https://www.brahmakumaris.com/soul-sustenance/avoid-showing-off-and-experience-humility/,Setup 301 Redirect to Primary Page and remove duplicate from sitemap
100.0%,https://www.brahmakumaris.com/soul-sustenance/avoid-showing-off-and-experience-humility/,https://www.brahmakumaris.com/soul-sustenance/ss-hindi/19th-feb-2023-ssh/,Setup 301 Redirect to Primary Page and remove duplicate from sitemap
100.0%,https://www.brahmakumaris.com/soul-sustenance/avoid-showing-off-and-experience-humility/,https://www.brahmakumaris.com/soul-sustenance/26th-feb-2023-ss/,Setup 301 Redirect to Primary Page and remove duplicate from sitemap
100.0%,https://www.brahmakumaris.com/soul-sustenance/23rd-april-soul-sustenance/,https://www.brahmakumaris.com/soul-sustenance/avoid-showing-off-and-experience-humility/,Setup 301 Redirect to Primary Page and remove duplicate from sitemap
100.0%,https://www.brahmakumaris.com/soul-sustenance/the-art-of-respecting-your-body/,https://www.brahmakumaris.com/soul-sustenance/avoid-showing-off-and-experience-humility/,Setup 301 Redirect to Primary Page and remove duplicate from sitemap
100.0%,https://www.brahmakumaris.com/soul-sustenance/avoid-showing-off-and-experience-humility/,https://www.brahmakumaris.com/soul-sustenance/ss-hindi/man-ke-liye-healthy-emotional-diet-bhag-4/,Setup 301 Redirect to Primary Page and remove duplicate from sitemap
100.0%,https://www.brahmakumaris.com/soul-sustenance/avoid-showing-off-and-experience-humility/,https://www.brahmakumaris.com/soul-sustenance/5-ways-of-making-our-relationships-beautiful-part-2/,Setup 301 Redirect to Primary Page and remove duplicate from sitemap
100.0%,https://www.brahmakumaris.com/soul-sustenance/27th-june-soul-sustenance/,https://www.brahmakumaris.com/soul-sustenance/avoid-showing-off-and-experience-humility/,Setup 301 Redirect to Primary Page and remove duplicate from sitemap
100.0%,https://www.brahmakumaris.com/soul-sustenance/avoid-showing-off-and-experience-humility/,https://www.brahmakumaris.com/soul-sustenance/ss-hindi/divya-aatma-ke-12-gun-bhag-2/,Setup 301 Redirect to Primary Page and remove duplicate from sitemap
100.0%,https://www.brahmakumaris.com/soul-sustenance/avoid-showing-off-and-experience-humility/,https://www.brahmakumaris.com/soul-sustenance/change-your-belief-systems-and-create-a-positive-destiny/,Setup 301 Redirect to Primary Page and remove duplicate from sitemap
100.0%,https://www.brahmakumaris.com/soul-sustenance/avoid-showing-off-and-experience-humility/,https://www.brahmakumaris.com/soul-sustenance/changing-negative-thoughts-with-spiritual-power-part-2/,Setup 301 Redirect to Primary Page and remove duplicate from sitemap
100.0%,https://www.brahmakumaris.com/soul-sustenance/avoid-showing-off-and-experience-humility/,https://www.brahmakumaris.com/soul-sustenance/12th-jul-2023-ss/,Setup 301 Redirect to Primary Page and remove duplicate from sitemap
100.0%,https://www.brahmakumaris.com/soul-sustenance/avoid-showing-off-and-experience-humility/,https://www.brahmakumaris.com/soul-sustenance/ss-hindi/safalta-ke-khoobsurat-pahlu-bhag-1/,Setup 301 Redirect to Primary Page and remove duplicate from sitemap
100.0%,https://www.brahmakumaris.com/soul-sustenance/freedom-from-guilt/,https://www.brahmakumaris.com/soul-sustenance/avoid-showing-off-and-experience-humility/,Setup 301 Redirect to Primary Page and remove duplicate from sitemap
100.0%,https://www.brahmakumaris.com/soul-sustenance/avoid-showing-off-and-experience-humility/,https://www.brahmakumaris.com/soul-sustenance/withdraw-from-outer-chaos-and-inner-emotions/,Setup 301 Redirect to Primary Page and remove duplicate from sitemap
100.0%,https://www.brahmakumaris.com/soul-sustenance/avoid-showing-off-and-experience-humility/,https://www.brahmakumaris.com/soul-sustenance/ss-hindi/sakaratmak-vartman-aur-bhavishya-ke-liye-3-kadam-bhag-3/,Setup 301 Redirect to Primary Page and remove duplicate from sitemap
100.0%,https://www.brahmakumaris.com/soul-sustenance/avoid-showing-off-and-experience-humility/,https://www.brahmakumaris.com/soul-sustenance/ss-hindi/jab-jaruri-ho-tab-hi-dusro-ke-baare-mein-sochein/,Setup 301 Redirect to Primary Page and remove duplicate from sitemap
100.0%,https://www.brahmakumaris.com/soul-sustenance/avoid-showing-off-and-experience-humility/,https://www.brahmakumaris.com/soul-sustenance/ss-hindi/har-din-swayn-ko-aur-adhik-creative-banaein/,Setup 301 Redirect to Primary Page and remove duplicate from sitemap
100.0%,https://www.brahmakumaris.com/soul-sustenance/avoid-showing-off-and-experience-humility/,https://www.brahmakumaris.com/soul-sustenance/ss-hindi/nakaratmak-paristhitiyon-ke-4-labh-bhag-1/,Setup 301 Redirect to Primary Page and remove duplicate from sitemap
100.0%,https://www.brahmakumaris.com/soul-sustenance/avoid-showing-off-and-experience-humility/,https://www.brahmakumaris.com/soul-sustenance/3rd-aug-2023-ss/,Setup 301 Redirect to Primary Page and remove duplicate from sitemap
100.0%,https://www.brahmakumaris.com/soul-sustenance/avoid-showing-off-and-experience-humility/,https://www.brahmakumaris.com/soul-sustenance/ss-hindi/parmatma-ke-trustee-kaise-banein-bhag-1/,Setup 301 Redirect to Primary Page and remove duplicate from sitemap
100.0%,https://www.brahmakumaris.com/soul-sustenance/avoid-showing-off-and-experience-humility/,https://www.brahmakumaris.com/soul-sustenance/ss-hindi/prabal-vishwas-dwara-badhaon-par-vijay-prapt-karna-bhag-2/,Setup 301 Redirect to Primary Page and remove duplicate from sitemap
100.0%,https://www.brahmakumaris.com/soul-sustenance/avoid-showing-off-and-experience-humility/,https://www.brahmakumaris.com/soul-sustenance/ss-hindi/apne-jeevan-ki-sair-ka-anand-lein-bhag-1/,Setup 301 Redirect to Primary Page and remove duplicate from sitemap
100.0%,https://www.brahmakumaris.com/soul-sustenance/16th-may-soul-sustenance/,https://www.brahmakumaris.com/soul-sustenance/avoid-showing-off-and-experience-humility/,Setup 301 Redirect to Primary Page and remove duplicate from sitemap
100.0%,https://www.brahmakumaris.com/soul-sustenance/avoid-showing-off-and-experience-humility/,https://www.brahmakumaris.com/soul-sustenance/ss-hindi/6th-aug-2023-ssh/,Setup 301 Redirect to Primary Page and remove duplicate from sitemap
100.0%,https://www.brahmakumaris.com/soul-sustenance/5th-april-soul-sustenance/,https://www.brahmakumaris.com/soul-sustenance/avoid-showing-off-and-experience-humility/,Setup 301 Redirect to Primary Page and remove duplicate from sitemap
100.0%,https://www.brahmakumaris.com/soul-sustenance/ss-hindi/hamesha-khush-rahne-ke-5-steps/,https://www.brahmakumaris.com/soul-sustenance/avoid-showing-off-and-experience-humility/,Setup 301 Redirect to Primary Page and remove duplicate from sitemap
100.0%,https://www.brahmakumaris.com/soul-sustenance/22nd-june-soul-sustenance/,https://www.brahmakumaris.com/soul-sustenance/avoid-showing-off-and-experience-humility/,Setup 301 Redirect to Primary Page and remove duplicate from sitemap
100.0%,https://www.brahmakumaris.com/soul-sustenance/being-determined-to-be-who-you-are/,https://www.brahmakumaris.com/soul-sustenance/avoid-showing-off-and-experience-humility/,Setup 301 Redirect to Primary Page and remove duplicate from sitemap
100.0%,https://www.brahmakumaris.com/soul-sustenance/avoid-showing-off-and-experience-humility/,https://www.brahmakumaris.com/soul-sustenance/ss-hindi/dos-and-donts-of-meditation-part-1/,Setup 301 Redirect to Primary Page and remove duplicate from sitemap
100.0%,https://www.brahmakumaris.com/soul-sustenance/avoid-showing-off-and-experience-humility/,https://www.brahmakumaris.com/soul-sustenance/ss-hindi/har-kadam-par-nayapan-bhag-3/,Setup 301 Redirect to Primary Page and remove duplicate from sitemap
100.0%,https://www.brahmakumaris.com/soul-sustenance/avoid-showing-off-and-experience-humility/,https://www.brahmakumaris.com/soul-sustenance/5-spiritual-powers-for-accepting-change-easily-part-2/,Setup 301 Redirect to Primary Page and remove duplicate from sitemap
100.0%,https://www.brahmakumaris.com/soul-sustenance/avoid-showing-off-and-experience-humility/,https://www.brahmakumaris.com/soul-sustenance/the-key-to-beautiful-relationships-unconditional-love-part-1/,Setup 301 Redirect to Primary Page and remove duplicate from sitemap
100.0%,https://www.brahmakumaris.com/soul-sustenance/avoid-showing-off-and-experience-humility/,https://www.brahmakumaris.com/soul-sustenance/ss-hindi/adhyatmik-samuhon-mei-pragati-ka-anubhav-karna-bhag-2/,Setup 301 Redirect to Primary Page and remove duplicate from sitemap
100.0%,https://www.brahmakumaris.com/soul-sustenance/avoid-showing-off-and-experience-humility/,https://www.brahmakumaris.com/soul-sustenance/19th-apr-2023-ss/,Setup 301 Redirect to Primary Page and remove duplicate from sitemap
100.0%,https://www.brahmakumaris.com/soul-sustenance/ss-hindi/niswarth-prem-ki-sundarta/,https://www.brahmakumaris.com/soul-sustenance/avoid-showing-off-and-experience-humility/,Setup 301 Redirect to Primary Page and remove duplicate from sitemap
100.0%,https://www.brahmakumaris.com/soul-sustenance/avoid-showing-off-and-experience-humility/,https://www.brahmakumaris.com/soul-sustenance/ss-hindi/naye-varsh-mein-divyata-ki-aur-ek-kadam-badhaein/,Setup 301 Redirect to Primary Page and remove duplicate from sitemap
100.0%,https://www.brahmakumaris.com/soul-sustenance/avoid-showing-off-and-experience-humility/,https://www.brahmakumaris.com/soul-sustenance/ss-hindi/sambandhon-ko-sundar-banaein-ahankar-ko-tyaagein-bhag-2/,Setup 301 Redirect to Primary Page and remove duplicate from sitemap
100.0%,https://www.brahmakumaris.com/soul-sustenance/avoid-showing-off-and-experience-humility/,https://www.brahmakumaris.com/soul-sustenance/11th-jul-2023-ss/,Setup 301 Redirect to Primary Page and remove duplicate from sitemap
100.0%,https://www.brahmakumaris.com/soul-sustenance/avoid-showing-off-and-experience-humility/,https://www.brahmakumaris.com/soul-sustenance/ss-hindi/jaldi-sone-aur-jaldi-uthane-ke-5-labh/,Setup 301 Redirect to Primary Page and remove duplicate from sitemap
100.0%,https://www.brahmakumaris.com/soul-sustenance/time-cannot-heal/,https://www.brahmakumaris.com/soul-sustenance/avoid-showing-off-and-experience-humility/,Setup 301 Redirect to Primary Page and remove duplicate from sitemap
100.0%,https://www.brahmakumaris.com/soul-sustenance/avoid-showing-off-and-experience-humility/,https://www.brahmakumaris.com/soul-sustenance/the-36-divine-qualities-of-deities-or-devi-devtas/,Setup 301 Redirect to Primary Page and remove duplicate from sitemap
100.0%,https://www.brahmakumaris.com/soul-sustenance/avoid-showing-off-and-experience-humility/,https://www.brahmakumaris.com/soul-sustenance/ss-hindi/kya-hamein-bhavuk-hona-chahiye-ya-nahi/,Setup 301 Redirect to Primary Page and remove duplicate from sitemap
100.0%,https://www.brahmakumaris.com/soul-sustenance/avoid-showing-off-and-experience-humility/,https://www.brahmakumaris.com/soul-sustenance/ss-hindi/sakaratmak-vicharo-ke-sath-jeevan-jeena-bhag-1/,Setup 301 Redirect to Primary Page and remove duplicate from sitemap
100.0%,https://www.brahmakumaris.com/soul-sustenance/03rd-aug-soul-sustenance/,https://www.brahmakumaris.com/soul-sustenance/avoid-showing-off-and-experience-humility/,Setup 301 Redirect to Primary Page and remove duplicate from sitemap
100.0%,https://www.brahmakumaris.com/soul-sustenance/ss-hindi/gyan-ko-vivek-mei-badlein/,https://www.brahmakumaris.com/soul-sustenance/avoid-showing-off-and-experience-humility/,Setup 301 Redirect to Primary Page and remove duplicate from sitemap
100.0%,https://www.brahmakumaris.com/soul-sustenance/ss-hindi/holi-ke-aadhyatmik-rang/,https://www.brahmakumaris.com/soul-sustenance/avoid-showing-off-and-experience-humility/,Setup 301 Redirect to Primary Page and remove duplicate from sitemap
100.0%,https://www.brahmakumaris.com/soul-sustenance/avoid-showing-off-and-experience-humility/,https://www.brahmakumaris.com/soul-sustenance/ss-hindi/25th-feb-2023-ssh/,Setup 301 Redirect to Primary Page and remove duplicate from sitemap
100.0%,https://www.brahmakumaris.com/soul-sustenance/avoid-showing-off-and-experience-humility/,https://www.brahmakumaris.com/soul-sustenance/16th-jul-2023-ss/,Setup 301 Redirect to Primary Page and remove duplicate from sitemap
100.0%,https://www.brahmakumaris.com/soul-sustenance/avoid-showing-off-and-experience-humility/,https://www.brahmakumaris.com/soul-sustenance/ss-hindi/apne-man-ke-canvas-par-kshma-karne-ke-rang-bharein-bhag-3/,Setup 301 Redirect to Primary Page and remove duplicate from sitemap
100.0%,https://www.brahmakumaris.com/soul-sustenance/avoid-showing-off-and-experience-humility/,https://www.brahmakumaris.com/soul-sustenance/the-three-mirrors-for-inner-beauty-part-4/,Setup 301 Redirect to Primary Page and remove duplicate from sitemap
100.0%,https://www.brahmakumaris.com/soul-sustenance/avoid-showing-off-and-experience-humility/,https://www.brahmakumaris.com/soul-sustenance/ss-hindi/sahi-tarike-se-karya-karne-ka-chunav-karien-bhag-3/,Setup 301 Redirect to Primary Page and remove duplicate from sitemap
100.0%,https://www.brahmakumaris.com/soul-sustenance/avoid-showing-off-and-experience-humility/,https://www.brahmakumaris.com/soul-sustenance/improving-the-quality-of-energy-exchanges-with-others-part-1/,Setup 301 Redirect to Primary Page and remove duplicate from sitemap
100.0%,https://www.brahmakumaris.com/soul-sustenance/avoid-showing-off-and-experience-humility/,https://www.brahmakumaris.com/soul-sustenance/ss-hindi/11th-aug-2023-ssh/,Setup 301 Redirect to Primary Page and remove duplicate from sitemap
100.0%,https://www.brahmakumaris.com/soul-sustenance/avoid-showing-off-and-experience-humility/,https://www.brahmakumaris.com/soul-sustenance/the-7-days-course-of-the-brahma-kumaris-part-2/,Setup 301 Redirect to Primary Page and remove duplicate from sitemap
100.0%,https://www.brahmakumaris.com/soul-sustenance/avoid-showing-off-and-experience-humility/,https://www.brahmakumaris.com/soul-sustenance/ss-hindi/nakaratmak-reaction-ko-positive-response-mein-badalna/,Setup 301 Redirect to Primary Page and remove duplicate from sitemap
100.0%,https://www.brahmakumaris.com/soul-sustenance/avoid-showing-off-and-experience-humility/,https://www.brahmakumaris.com/soul-sustenance/dont-get-attached-to-the-branches-of-your-life-tree/,Setup 301 Redirect to Primary Page and remove duplicate from sitemap
100.0%,https://www.brahmakumaris.com/soul-sustenance/avoid-showing-off-and-experience-humility/,https://www.brahmakumaris.com/soul-sustenance/ss-hindi/nav-varsh-ki-karein-shuruaat-in-5-vaadon-ke-sath/,Setup 301 Redirect to Primary Page and remove duplicate from sitemap
100.0%,https://www.brahmakumaris.com/soul-sustenance/avoid-showing-off-and-experience-humility/,https://www.brahmakumaris.com/soul-sustenance/5-ways-of-making-our-relationships-beautiful-part-3/,Setup 301 Redirect to Primary Page and remove duplicate from sitemap
100.0%,https://www.brahmakumaris.com/soul-sustenance/avoid-showing-off-and-experience-humility/,https://www.brahmakumaris.com/soul-sustenance/ss-hindi/pure-bites-shudhdh-bhojan-ke-liye-5-tips/,Setup 301 Redirect to Primary Page and remove duplicate from sitemap
100.0%,https://www.brahmakumaris.com/soul-sustenance/avoid-showing-off-and-experience-humility/,https://www.brahmakumaris.com/soul-sustenance/changing-negative-thoughts-with-spiritual-power-part-3/,Setup 301 Redirect to Primary Page and remove duplicate from sitemap
100.0%,https://www.brahmakumaris.com/soul-sustenance/avoid-showing-off-and-experience-humility/,https://www.brahmakumaris.com/soul-sustenance/18th-apr-2023-ss/,Setup 301 Redirect to Primary Page and remove duplicate from sitemap
100.0%,https://www.brahmakumaris.com/soul-sustenance/india-the-golden-sparrow-of-the-world/,https://www.brahmakumaris.com/soul-sustenance/avoid-showing-off-and-experience-humility/,Setup 301 Redirect to Primary Page and remove duplicate from sitemap
100.0%,https://www.brahmakumaris.com/soul-sustenance/avoid-showing-off-and-experience-humility/,https://www.brahmakumaris.com/soul-sustenance/ss-hindi/matbhed-ke-kaaran-logon-se-dur-na-hon/,Setup 301 Redirect to Primary Page and remove duplicate from sitemap
100.0%,https://www.brahmakumaris.com/soul-sustenance/avoid-showing-off-and-experience-humility/,https://www.brahmakumaris.com/soul-sustenance/before-meeting-someone-remember-that-they-are-a-pure-being/,Setup 301 Redirect to Primary Page and remove duplicate from sitemap
100.0%,https://www.brahmakumaris.com/soul-sustenance/avoid-showing-off-and-experience-humility/,https://www.brahmakumaris.com/soul-sustenance/ss-hindi/law-of-attraction-hum-jo-hein-vahi-paate-hein/,Setup 301 Redirect to Primary Page and remove duplicate from sitemap
100.0%,https://www.brahmakumaris.com/soul-sustenance/19th-sep-soul-sustenance/,https://www.brahmakumaris.com/soul-sustenance/avoid-showing-off-and-experience-humility/,Setup 301 Redirect to Primary Page and remove duplicate from sitemap
100.0%,https://www.brahmakumaris.com/soul-sustenance/avoid-showing-off-and-experience-humility/,https://www.brahmakumaris.com/soul-sustenance/ss-hindi/10-pearls-of-meditation-bhag-2/,Setup 301 Redirect to Primary Page and remove duplicate from sitemap
100.0%,https://www.brahmakumaris.com/soul-sustenance/avoid-showing-off-and-experience-humility/,https://www.brahmakumaris.com/soul-sustenance/breaking-the-cycle-of-negative-energy-exchanges-part-1/,Setup 301 Redirect to Primary Page and remove duplicate from sitemap
100.0%,https://www.brahmakumaris.com/soul-sustenance/avoid-showing-off-and-experience-humility/,https://www.brahmakumaris.com/soul-sustenance/understanding-sri-ganesh-chaturthi-and-its-divinity-part-1/,Setup 301 Redirect to Primary Page and remove duplicate from sitemap
100.0%,https://www.brahmakumaris.com/soul-sustenance/adopting-a-clutter-free-lifestyle/,https://www.brahmakumaris.com/soul-sustenance/avoid-showing-off-and-experience-humility/,Setup 301 Redirect to Primary Page and remove duplicate from sitemap
100.0%,https://www.brahmakumaris.com/soul-sustenance/avoid-showing-off-and-experience-humility/,https://www.brahmakumaris.com/soul-sustenance/12th-jun-2023-ss/,Setup 301 Redirect to Primary Page and remove duplicate from sitemap
100.0%,https://www.brahmakumaris.com/soul-sustenance/avoid-showing-off-and-experience-humility/,https://www.brahmakumaris.com/soul-sustenance/traffic-jam-on-the-road-or-in-the-mind-2/,Setup 301 Redirect to Primary Page and remove duplicate from sitemap
100.0%,https://www.brahmakumaris.com/soul-sustenance/avoid-showing-off-and-experience-humility/,https://www.brahmakumaris.com/soul-sustenance/ss-hindi/mitrta-ko-renew-karein-aur-aadhyatmik-bonding-ko-badhaein/,Setup 301 Redirect to Primary Page and remove duplicate from sitemap
100.0%,https://www.brahmakumaris.com/soul-sustenance/04th-june-soul-sustenance/,https://www.brahmakumaris.com/soul-sustenance/avoid-showing-off-and-experience-humility/,Setup 301 Redirect to Primary Page and remove duplicate from sitemap
100.0%,https://www.brahmakumaris.com/soul-sustenance/avoid-showing-off-and-experience-humility/,https://www.brahmakumaris.com/soul-sustenance/ss-hindi/kshmabhav-ka-sansar-create-karein-bhag-3/,Setup 301 Redirect to Primary Page and remove duplicate from sitemap
100.0%,https://www.brahmakumaris.com/soul-sustenance/avoid-showing-off-and-experience-humility/,https://www.brahmakumaris.com/soul-sustenance/ss-hindi/3rd-jun-2023-ssh/,Setup 301 Redirect to Primary Page and remove duplicate from sitemap
100.0%,https://www.brahmakumaris.com/soul-sustenance/avoid-showing-off-and-experience-humility/,https://www.brahmakumaris.com/soul-sustenance/ss-hindi/kya-aap-parmatma-mei-vishwas-karte-hein-aur-unki-upasthiti-ko-mahsus-karte-hein/,Setup 301 Redirect to Primary Page and remove duplicate from sitemap
100.0%,https://www.brahmakumaris.com/soul-sustenance/avoid-showing-off-and-experience-humility/,https://www.brahmakumaris.com/soul-sustenance/ss-hindi/pyaar-ko-ummedon-ki-paribhasha-na-banaein/,Setup 301 Redirect to Primary Page and remove duplicate from sitemap
100.0%,https://www.brahmakumaris.com/soul-sustenance/avoid-showing-off-and-experience-humility/,https://www.brahmakumaris.com/soul-sustenance/ss-hindi/sharir-ka-aadar-karna-ek-sundar-jeevan-kala-hei-2/,Setup 301 Redirect to Primary Page and remove duplicate from sitemap
100.0%,https://www.brahmakumaris.com/soul-sustenance/avoid-showing-off-and-experience-humility/,https://www.brahmakumaris.com/soul-sustenance/5-tips-for-dealing-with-death-of-a-loved-one/,Setup 301 Redirect to Primary Page and remove duplicate from sitemap
100.0%,https://www.brahmakumaris.com/soul-sustenance/avoid-showing-off-and-experience-humility/,https://www.brahmakumaris.com/soul-sustenance/ss-hindi/visvaas-rakhein-aur-safalta-prapt-karein/,Setup 301 Redirect to Primary Page and remove duplicate from sitemap
100.0%,https://www.brahmakumaris.com/soul-sustenance/avoid-showing-off-and-experience-humility/,https://www.brahmakumaris.com/soul-sustenance/ss-hindi/sakaratmak-vartman-aur-bhavishya-ke-liye-3-kadam-bhag-1/,Setup 301 Redirect to Primary Page and remove duplicate from sitemap
100.0%,https://www.brahmakumaris.com/soul-sustenance/avoid-showing-off-and-experience-humility/,https://www.brahmakumaris.com/soul-sustenance/19th-jan-2023-ss/,Setup 301 Redirect to Primary Page and remove duplicate from sitemap
100.0%,https://www.brahmakumaris.com/soul-sustenance/avoid-showing-off-and-experience-humility/,https://www.brahmakumaris.com/soul-sustenance/ss-hindi/parmatma-ki-khoobsurati-ko-samjhein-aur-anubhav-karein/,Setup 301 Redirect to Primary Page and remove duplicate from sitemap
100.0%,https://www.brahmakumaris.com/soul-sustenance/avoid-showing-off-and-experience-humility/,https://www.brahmakumaris.com/soul-sustenance/28th-aug-2023-ss/,Setup 301 Redirect to Primary Page and remove duplicate from sitemap
100.0%,https://www.brahmakumaris.com/soul-sustenance/avoid-showing-off-and-experience-humility/,https://www.brahmakumaris.com/soul-sustenance/ss-hindi/22nd-apr-2023-ssh/,Setup 301 Redirect to Primary Page and remove duplicate from sitemap
100.0%,https://www.brahmakumaris.com/soul-sustenance/avoid-showing-off-and-experience-humility/,https://www.brahmakumaris.com/soul-sustenance/5-signs-that-we-carry-a-goodness-vibration/,Setup 301 Redirect to Primary Page and remove duplicate from sitemap
100.0%,https://www.brahmakumaris.com/soul-sustenance/avoid-showing-off-and-experience-humility/,https://www.brahmakumaris.com/soul-sustenance/the-key-to-beautiful-relationships-unconditional-love-part-5/,Setup 301 Redirect to Primary Page and remove duplicate from sitemap
100.0%,https://www.brahmakumaris.com/soul-sustenance/avoid-showing-off-and-experience-humility/,https://www.brahmakumaris.com/soul-sustenance/ss-hindi/1st-jun-2023-ssh/,Setup 301 Redirect to Primary Page and remove duplicate from sitemap
100.0%,https://www.brahmakumaris.com/soul-sustenance/is-reincarnation-a-reality/,https://www.brahmakumaris.com/soul-sustenance/avoid-showing-off-and-experience-humility/,Setup 301 Redirect to Primary Page and remove duplicate from sitemap
100.0%,https://www.brahmakumaris.com/soul-sustenance/18th-march-soul-sustenance/,https://www.brahmakumaris.com/soul-sustenance/avoid-showing-off-and-experience-humility/,Setup 301 Redirect to Primary Page and remove duplicate from sitemap
100.0%,https://www.brahmakumaris.com/soul-sustenance/avoid-showing-off-and-experience-humility/,https://www.brahmakumaris.com/soul-sustenance/the-key-to-beautiful-relationships-unconditional-love-part-2/,Setup 301 Redirect to Primary Page and remove duplicate from sitemap
100.0%,https://www.brahmakumaris.com/soul-sustenance/15th-sep-soul-sustenance/,https://www.brahmakumaris.com/soul-sustenance/avoid-showing-off-and-experience-humility/,Setup 301 Redirect to Primary Page and remove duplicate from sitemap
100.0%,https://www.brahmakumaris.com/soul-sustenance/avoid-showing-off-and-experience-humility/,https://www.brahmakumaris.com/soul-sustenance/ss-hindi/kya-hame-bhavuk-emotional-hona-chahiye-ya-nahi-bhag-1/,Setup 301 Redirect to Primary Page and remove duplicate from sitemap
100.0%,https://www.brahmakumaris.com/soul-sustenance/avoid-showing-off-and-experience-humility/,https://www.brahmakumaris.com/soul-sustenance/21st-dec-2022-ss/,Setup 301 Redirect to Primary Page and remove duplicate from sitemap
100.0%,https://www.brahmakumaris.com/soul-sustenance/avoid-showing-off-and-experience-humility/,https://www.brahmakumaris.com/soul-sustenance/ss-hindi/satyata-ke-maulik-gun-ki-aur-lautna/,Setup 301 Redirect to Primary Page and remove duplicate from sitemap
100.0%,https://www.brahmakumaris.com/soul-sustenance/avoid-showing-off-and-experience-humility/,https://www.brahmakumaris.com/soul-sustenance/ss-hindi/kya-mein-ishwar-ka-achcha-bachcha-hun/,Setup 301 Redirect to Primary Page and remove duplicate from sitemap
100.0%,https://www.brahmakumaris.com/soul-sustenance/ss-hindi/karmon-par-dhyan-dein/,https://www.brahmakumaris.com/soul-sustenance/avoid-showing-off-and-experience-humility/,Setup 301 Redirect to Primary Page and remove duplicate from sitemap
100.0%,https://www.brahmakumaris.com/soul-sustenance/avoid-showing-off-and-experience-humility/,https://www.brahmakumaris.com/soul-sustenance/ss-hindi/urja-len-den-behtar-bhag-3/,Setup 301 Redirect to Primary Page and remove duplicate from sitemap
100.0%,https://www.brahmakumaris.com/soul-sustenance/heal-your-mind-to-heal-your-body/,https://www.brahmakumaris.com/soul-sustenance/avoid-showing-off-and-experience-humility/,Setup 301 Redirect to Primary Page and remove duplicate from sitemap
100.0%,https://www.brahmakumaris.com/soul-sustenance/discriminating-right-from-wrong-wisely/,https://www.brahmakumaris.com/soul-sustenance/avoid-showing-off-and-experience-humility/,Setup 301 Redirect to Primary Page and remove duplicate from sitemap
100.0%,https://www.brahmakumaris.com/soul-sustenance/15th-march-soul-sustenance/,https://www.brahmakumaris.com/soul-sustenance/avoid-showing-off-and-experience-humility/,Setup 301 Redirect to Primary Page and remove duplicate from sitemap
100.0%,https://www.brahmakumaris.com/soul-sustenance/avoid-showing-off-and-experience-humility/,https://www.brahmakumaris.com/soul-sustenance/ss-hindi/20th-feb-2023-ssh/,Setup 301 Redirect to Primary Page and remove duplicate from sitemap
100.0%,https://www.brahmakumaris.com/soul-sustenance/23rd-oct-soul-sustenance/,https://www.brahmakumaris.com/soul-sustenance/avoid-showing-off-and-experience-humility/,Setup 301 Redirect to Primary Page and remove duplicate from sitemap
100.0%,https://www.brahmakumaris.com/soul-sustenance/avoid-showing-off-and-experience-humility/,https://www.brahmakumaris.com/soul-sustenance/ss-hindi/harek-pal-ko-savadhani-se-record-karein/,Setup 301 Redirect to Primary Page and remove duplicate from sitemap
100.0%,https://www.brahmakumaris.com/soul-sustenance/avoid-showing-off-and-experience-humility/,https://www.brahmakumaris.com/soul-sustenance/rising-above-limits-and-mental-barriers-part-3/,Setup 301 Redirect to Primary Page and remove duplicate from sitemap
100.0%,https://www.brahmakumaris.com/soul-sustenance/thought-vibrations-and-their-importance/,https://www.brahmakumaris.com/soul-sustenance/avoid-showing-off-and-experience-humility/,Setup 301 Redirect to Primary Page and remove duplicate from sitemap
100.0%,https://www.brahmakumaris.com/soul-sustenance/avoid-showing-off-and-experience-humility/,https://www.brahmakumaris.com/soul-sustenance/include-people-when-making-rules-at-office-or-home/,Setup 301 Redirect to Primary Page and remove duplicate from sitemap
100.0%,https://www.brahmakumaris.com/soul-sustenance/avoid-showing-off-and-experience-humility/,https://www.brahmakumaris.com/soul-sustenance/experiencing-positivity-with-gods-love-and-help-part-2/,Setup 301 Redirect to Primary Page and remove duplicate from sitemap
100.0%,https://www.brahmakumaris.com/soul-sustenance/avoid-showing-off-and-experience-humility/,https://www.brahmakumaris.com/soul-sustenance/ss-hindi/6th-jul-2023-ssh/,Setup 301 Redirect to Primary Page and remove duplicate from sitemap
100.0%,https://www.brahmakumaris.com/soul-sustenance/avoid-showing-off-and-experience-humility/,https://www.brahmakumaris.com/soul-sustenance/colouring-forgiveness-on-the-canvas-of-your-mind-part-3/,Setup 301 Redirect to Primary Page and remove duplicate from sitemap
100.0%,https://www.brahmakumaris.com/soul-sustenance/avoid-showing-off-and-experience-humility/,https://www.brahmakumaris.com/soul-sustenance/ss-hindi/3rd-aug-2023-ssh/,Setup 301 Redirect to Primary Page and remove duplicate from sitemap
100.0%,https://www.brahmakumaris.com/soul-sustenance/avoid-showing-off-and-experience-humility/,https://www.brahmakumaris.com/soul-sustenance/ss-hindi/11th-jun-2023-ssh/,Setup 301 Redirect to Primary Page and remove duplicate from sitemap
100.0%,https://www.brahmakumaris.com/soul-sustenance/avoid-showing-off-and-experience-humility/,https://www.brahmakumaris.com/soul-sustenance/11th-jan-2023-ss/,Setup 301 Redirect to Primary Page and remove duplicate from sitemap
100.0%,https://www.brahmakumaris.com/soul-sustenance/ss-hindi/nirbheek-banne-ke-5-tarike/,https://www.brahmakumaris.com/soul-sustenance/avoid-showing-off-and-experience-humility/,Setup 301 Redirect to Primary Page and remove duplicate from sitemap
100.0%,https://www.brahmakumaris.com/soul-sustenance/ss-hindi/din-ke-har-pal-ko-kimti-banaein/,https://www.brahmakumaris.com/soul-sustenance/avoid-showing-off-and-experience-humility/,Setup 301 Redirect to Primary Page and remove duplicate from sitemap
100.0%,https://www.brahmakumaris.com/soul-sustenance/greet-everyone-you-meet-with-a-smile/,https://www.brahmakumaris.com/soul-sustenance/avoid-showing-off-and-experience-humility/,Setup 301 Redirect to Primary Page and remove duplicate from sitemap
100.0%,https://www.brahmakumaris.com/soul-sustenance/avoid-showing-off-and-experience-humility/,https://www.brahmakumaris.com/soul-sustenance/ss-hindi/pariksha-mein-safalta-prapt-karne-ke-8-tarike-bhag-1/,Setup 301 Redirect to Primary Page and remove duplicate from sitemap
100.0%,https://www.brahmakumaris.com/soul-sustenance/avoid-showing-off-and-experience-humility/,https://www.brahmakumaris.com/soul-sustenance/01st-mar-2023-ss/,Setup 301 Redirect to Primary Page and remove duplicate from sitemap
100.0%,https://www.brahmakumaris.com/soul-sustenance/stable-in-appreciation/,https://www.brahmakumaris.com/soul-sustenance/avoid-showing-off-and-experience-humility/,Setup 301 Redirect to Primary Page and remove duplicate from sitemap
100.0%,https://www.brahmakumaris.com/soul-sustenance/avoid-showing-off-and-experience-humility/,https://www.brahmakumaris.com/soul-sustenance/ruling-the-kingdom-of-the-mind-part-3/,Setup 301 Redirect to Primary Page and remove duplicate from sitemap
100.0%,https://www.brahmakumaris.com/soul-sustenance/avoid-showing-off-and-experience-humility/,https://www.brahmakumaris.com/soul-sustenance/26th-jan-2023-ss/,Setup 301 Redirect to Primary Page and remove duplicate from sitemap
100.0%,https://www.brahmakumaris.com/soul-sustenance/03rd-june-soul-sustenance/,https://www.brahmakumaris.com/soul-sustenance/avoid-showing-off-and-experience-humility/,Setup 301 Redirect to Primary Page and remove duplicate from sitemap
100.0%,https://www.brahmakumaris.com/soul-sustenance/avoid-showing-off-and-experience-humility/,https://www.brahmakumaris.com/soul-sustenance/consciousness-cleansing-part-3/,Setup 301 Redirect to Primary Page and remove duplicate from sitemap
100.0%,https://www.brahmakumaris.com/soul-sustenance/avoid-showing-off-and-experience-humility/,https://www.brahmakumaris.com/soul-sustenance/ss-hindi/mansik-dabav-aur-tanaav-par-kaabu-kaise-paayein-bhag-3-2/,Setup 301 Redirect to Primary Page and remove duplicate from sitemap
100.0%,https://www.brahmakumaris.com/soul-sustenance/avoid-showing-off-and-experience-humility/,https://www.brahmakumaris.com/soul-sustenance/ss-hindi/jeevan-ke-har-kshetra-mei-adhyatmik-safalta-ka-anubhav-karein-bhag-1/,Setup 301 Redirect to Primary Page and remove duplicate from sitemap
100.0%,https://www.brahmakumaris.com/soul-sustenance/make-a-to-be-list-and-check-it-everyday/,https://www.brahmakumaris.com/soul-sustenance/avoid-showing-off-and-experience-humility/,Setup 301 Redirect to Primary Page and remove duplicate from sitemap
100.0%,https://www.brahmakumaris.com/soul-sustenance/avoid-showing-off-and-experience-humility/,https://www.brahmakumaris.com/soul-sustenance/ss-hindi/19th-jun-2023-ssh/,Setup 301 Redirect to Primary Page and remove duplicate from sitemap
100.0%,https://www.brahmakumaris.com/soul-sustenance/avoid-showing-off-and-experience-humility/,https://www.brahmakumaris.com/soul-sustenance/happy-greetings-that-matter-2/,Setup 301 Redirect to Primary Page and remove duplicate from sitemap
100.0%,https://www.brahmakumaris.com/soul-sustenance/avoid-showing-off-and-experience-humility/,https://www.brahmakumaris.com/soul-sustenance/2nd-aug-2023-ss/,Setup 301 Redirect to Primary Page and remove duplicate from sitemap
100.0%,https://www.brahmakumaris.com/soul-sustenance/avoid-showing-off-and-experience-humility/,https://www.brahmakumaris.com/soul-sustenance/ss-hindi/khushi-ko-talashein-nahin-create-karein/,Setup 301 Redirect to Primary Page and remove duplicate from sitemap
100.0%,https://www.brahmakumaris.com/soul-sustenance/role-of-women-in-transforming-the-world/,https://www.brahmakumaris.com/soul-sustenance/avoid-showing-off-and-experience-humility/,Setup 301 Redirect to Primary Page and remove duplicate from sitemap
100.0%,https://www.brahmakumaris.com/soul-sustenance/avoid-showing-off-and-experience-humility/,https://www.brahmakumaris.com/soul-sustenance/14th-dec-2022-ss/,Setup 301 Redirect to Primary Page and remove duplicate from sitemap
100.0%,https://www.brahmakumaris.com/soul-sustenance/16th-aug-soul-sustenance/,https://www.brahmakumaris.com/soul-sustenance/avoid-showing-off-and-experience-humility/,Setup 301 Redirect to Primary Page and remove duplicate from sitemap
100.0%,https://www.brahmakumaris.com/soul-sustenance/avoid-showing-off-and-experience-humility/,https://www.brahmakumaris.com/soul-sustenance/resolve-issues-on-your-mind-before-sleeping/,Setup 301 Redirect to Primary Page and remove duplicate from sitemap
100.0%,https://www.brahmakumaris.com/soul-sustenance/avoid-showing-off-and-experience-humility/,https://www.brahmakumaris.com/soul-sustenance/to-be-happy-always-love-yourself-love-god-and-love-others-part-3/,Setup 301 Redirect to Primary Page and remove duplicate from sitemap
100.0%,https://www.brahmakumaris.com/soul-sustenance/avoid-showing-off-and-experience-humility/,https://www.brahmakumaris.com/soul-sustenance/ss-hindi/5th-jul-2023-ssh/,Setup 301 Redirect to Primary Page and remove duplicate from sitemap
100.0%,https://www.brahmakumaris.com/soul-sustenance/avoid-showing-off-and-experience-humility/,https://www.brahmakumaris.com/soul-sustenance/realizing-and-experiencing-the-i-inside-part-2/,Setup 301 Redirect to Primary Page and remove duplicate from sitemap
100.0%,https://www.brahmakumaris.com/soul-sustenance/20th-oct-soul-sustenance/,https://www.brahmakumaris.com/soul-sustenance/avoid-showing-off-and-experience-humility/,Setup 301 Redirect to Primary Page and remove duplicate from sitemap
100.0%,https://www.brahmakumaris.com/soul-sustenance/avoid-showing-off-and-experience-humility/,https://www.brahmakumaris.com/soul-sustenance/experience-your-divinity-by-connecting-with-god-part-2/,Setup 301 Redirect to Primary Page and remove duplicate from sitemap
100.0%,https://www.brahmakumaris.com/soul-sustenance/avoid-showing-off-and-experience-humility/,https://www.brahmakumaris.com/soul-sustenance/ss-hindi/jeevan-mein-filters-ko-barikiyon-se-check-karna/,Setup 301 Redirect to Primary Page and remove duplicate from sitemap
100.0%,https://www.brahmakumaris.com/soul-sustenance/avoid-showing-off-and-experience-humility/,https://www.brahmakumaris.com/soul-sustenance/ss-hindi/jeevan-mein-safalta-paane-ke-liye-swayein-ko-motivate-karein-bhag-3/,Setup 301 Redirect to Primary Page and remove duplicate from sitemap
100.0%,https://www.brahmakumaris.com/soul-sustenance/avoid-showing-off-and-experience-humility/,https://www.brahmakumaris.com/soul-sustenance/ss-hindi/3rd-may-2023-ssh/,Setup 301 Redirect to Primary Page and remove duplicate from sitemap
100.0%,https://www.brahmakumaris.com/soul-sustenance/avoid-showing-off-and-experience-humility/,https://www.brahmakumaris.com/soul-sustenance/ss-hindi/ateet-ko-bhulne-ki-7-takniken-bhag-2/,Setup 301 Redirect to Primary Page and remove duplicate from sitemap
100.0%,https://www.brahmakumaris.com/soul-sustenance/avoid-showing-off-and-experience-humility/,https://www.brahmakumaris.com/soul-sustenance/10-ways-of-improving-quality-and-wellness-of-relationships-part-2/,Setup 301 Redirect to Primary Page and remove duplicate from sitemap
100.0%,https://www.brahmakumaris.com/soul-sustenance/dont-postpone-your-happiness/,https://www.brahmakumaris.com/soul-sustenance/avoid-showing-off-and-experience-humility/,Setup 301 Redirect to Primary Page and remove duplicate from sitemap
100.0%,https://www.brahmakumaris.com/soul-sustenance/avoid-showing-off-and-experience-humility/,https://www.brahmakumaris.com/soul-sustenance/ss-hindi/28th-may-2023-ssh/,Setup 301 Redirect to Primary Page and remove duplicate from sitemap
100.0%,https://www.brahmakumaris.com/soul-sustenance/avoid-showing-off-and-experience-humility/,https://www.brahmakumaris.com/soul-sustenance/ss-hindi/aatm-sandeh-self-doubt-aur-asuraksha-ki-bhavnao-par-kaabu-pana/,Setup 301 Redirect to Primary Page and remove duplicate from sitemap
100.0%,https://www.brahmakumaris.com/soul-sustenance/avoid-showing-off-and-experience-humility/,https://www.brahmakumaris.com/soul-sustenance/ss-hindi/pressure-ka-samna-karte-huye-achcha-pradarshan-kaise-karein/,Setup 301 Redirect to Primary Page and remove duplicate from sitemap
100.0%,https://www.brahmakumaris.com/soul-sustenance/avoid-showing-off-and-experience-humility/,https://www.brahmakumaris.com/soul-sustenance/ss-hindi/apne-sapno-ko-hakikat-mein-badalna-bhag-1/,Setup 301 Redirect to Primary Page and remove duplicate from sitemap
100.0%,https://www.brahmakumaris.com/soul-sustenance/avoid-showing-off-and-experience-humility/,https://www.brahmakumaris.com/soul-sustenance/ss-hindi/apurnataon-ko-sweekarein-aur-sada-aanandit-va-premmaya-rahein/,Setup 301 Redirect to Primary Page and remove duplicate from sitemap
100.0%,https://www.brahmakumaris.com/soul-sustenance/avoid-showing-off-and-experience-humility/,https://www.brahmakumaris.com/soul-sustenance/ss-hindi/10th-aug-2023-ssh/,Setup 301 Redirect to Primary Page and remove duplicate from sitemap
100.0%,https://www.brahmakumaris.com/soul-sustenance/avoid-showing-off-and-experience-humility/,https://www.brahmakumaris.com/soul-sustenance/ss-hindi/apne-sapno-ko-hakikat-mei-badalna-bhag-2/,Setup 301 Redirect to Primary Page and remove duplicate from sitemap
100.0%,https://www.brahmakumaris.com/soul-sustenance/avoid-showing-off-and-experience-humility/,https://www.brahmakumaris.com/soul-sustenance/20th-aug-2023-ss/,Setup 301 Redirect to Primary Page and remove duplicate from sitemap
100.0%,https://www.brahmakumaris.com/soul-sustenance/avoid-showing-off-and-experience-humility/,https://www.brahmakumaris.com/soul-sustenance/living-happiness-the-right-way-part-3/,Setup 301 Redirect to Primary Page and remove duplicate from sitemap
100.0%,https://www.brahmakumaris.com/soul-sustenance/avoid-showing-off-and-experience-humility/,https://www.brahmakumaris.com/soul-sustenance/keep-giving-to-others-constantly-part-3/,Setup 301 Redirect to Primary Page and remove duplicate from sitemap
100.0%,https://www.brahmakumaris.com/soul-sustenance/avoid-showing-off-and-experience-humility/,https://www.brahmakumaris.com/soul-sustenance/ss-hindi/19th-may-2023-ssh/,Setup 301 Redirect to Primary Page and remove duplicate from sitemap
100.0%,https://www.brahmakumaris.com/soul-sustenance/04th-may-soul-sustenance/,https://www.brahmakumaris.com/soul-sustenance/avoid-showing-off-and-experience-humility/,Setup 301 Redirect to Primary Page and remove duplicate from sitemap
100.0%,https://www.brahmakumaris.com/soul-sustenance/avoid-showing-off-and-experience-humility/,https://www.brahmakumaris.com/soul-sustenance/ss-hindi/29th-aug-2023-ssh/,Setup 301 Redirect to Primary Page and remove duplicate from sitemap
100.0%,https://www.brahmakumaris.com/soul-sustenance/avoid-showing-off-and-experience-humility/,https://www.brahmakumaris.com/soul-sustenance/25th-dec-2022-ss/,Setup 301 Redirect to Primary Page and remove duplicate from sitemap
100.0%,https://www.brahmakumaris.com/soul-sustenance/avoid-showing-off-and-experience-humility/,https://www.brahmakumaris.com/soul-sustenance/overcoming-anger-5-keys-to-success-part-3/,Setup 301 Redirect to Primary Page and remove duplicate from sitemap
100.0%,https://www.brahmakumaris.com/soul-sustenance/avoid-showing-off-and-experience-humility/,https://www.brahmakumaris.com/soul-sustenance/ss-hindi/mushkil-samay-mein-logon-se-baat-karein-unke-baare-mein-baatein-na-karein/,Setup 301 Redirect to Primary Page and remove duplicate from sitemap
100.0%,https://www.brahmakumaris.com/soul-sustenance/avoid-showing-off-and-experience-humility/,https://www.brahmakumaris.com/soul-sustenance/ss-hindi/30th-jul-2023-ssh/,Setup 301 Redirect to Primary Page and remove duplicate from sitemap
100.0%,https://www.brahmakumaris.com/soul-sustenance/avoid-showing-off-and-experience-humility/,https://www.brahmakumaris.com/soul-sustenance/5-ways-to-bring-happiness-in-every-moment-of-your-life/,Setup 301 Redirect to Primary Page and remove duplicate from sitemap
100.0%,https://www.brahmakumaris.com/soul-sustenance/04th-jul-soul-sustenance/,https://www.brahmakumaris.com/soul-sustenance/avoid-showing-off-and-experience-humility/,Setup 301 Redirect to Primary Page and remove duplicate from sitemap
100.0%,https://www.brahmakumaris.com/soul-sustenance/avoid-showing-off-and-experience-humility/,https://www.brahmakumaris.com/soul-sustenance/experiencing-compassion-for-people-who-are-different/,Setup 301 Redirect to Primary Page and remove duplicate from sitemap
100.0%,https://www.brahmakumaris.com/soul-sustenance/21st-february-soul-sustenance/,https://www.brahmakumaris.com/soul-sustenance/avoid-showing-off-and-experience-humility/,Setup 301 Redirect to Primary Page and remove duplicate from sitemap
100.0%,https://www.brahmakumaris.com/soul-sustenance/ss-hindi/trikon-ki-aatmik-shakti/,https://www.brahmakumaris.com/soul-sustenance/avoid-showing-off-and-experience-humility/,Setup 301 Redirect to Primary Page and remove duplicate from sitemap
100.0%,https://www.brahmakumaris.com/soul-sustenance/avoid-showing-off-and-experience-humility/,https://www.brahmakumaris.com/soul-sustenance/ss-hindi/raksha-bandhan-ka-parv-aur-iski-aadhytmik-sundarta/,Setup 301 Redirect to Primary Page and remove duplicate from sitemap
100.0%,https://www.brahmakumaris.com/soul-sustenance/avoid-showing-off-and-experience-humility/,https://www.brahmakumaris.com/soul-sustenance/ss-hindi/kya-hame-bhavuk-hona-chahiye-ya-nahi-bhag-3/,Setup 301 Redirect to Primary Page and remove duplicate from sitemap
100.0%,https://www.brahmakumaris.com/soul-sustenance/avoid-showing-off-and-experience-humility/,https://www.brahmakumaris.com/soul-sustenance/overcoming-complacency-at-work-and-growing-constantly/,Setup 301 Redirect to Primary Page and remove duplicate from sitemap
100.0%,https://www.brahmakumaris.com/soul-sustenance/profitable-karmic-balance/,https://www.brahmakumaris.com/soul-sustenance/avoid-showing-off-and-experience-humility/,Setup 301 Redirect to Primary Page and remove duplicate from sitemap
100.0%,https://www.brahmakumaris.com/soul-sustenance/avoid-showing-off-and-experience-humility/,https://www.brahmakumaris.com/soul-sustenance/improving-the-quality-of-energy-exchanges-with-others-part-3/,Setup 301 Redirect to Primary Page and remove duplicate from sitemap
100.0%,https://www.brahmakumaris.com/soul-sustenance/avoid-showing-off-and-experience-humility/,https://www.brahmakumaris.com/soul-sustenance/ss-hindi/1st-mar-2023-ssh/,Setup 301 Redirect to Primary Page and remove duplicate from sitemap
100.0%,https://www.brahmakumaris.com/soul-sustenance/creating-a-world-of-forgiveness-part-4/,https://www.brahmakumaris.com/soul-sustenance/avoid-showing-off-and-experience-humility/,Setup 301 Redirect to Primary Page and remove duplicate from sitemap
100.0%,https://www.brahmakumaris.com/soul-sustenance/avoid-showing-off-and-experience-humility/,https://www.brahmakumaris.com/soul-sustenance/what-is-the-true-meaning-of-unconditional-love/,Setup 301 Redirect to Primary Page and remove duplicate from sitemap
100.0%,https://www.brahmakumaris.com/soul-sustenance/avoid-showing-off-and-experience-humility/,https://www.brahmakumaris.com/soul-sustenance/the-divine-significance-of-raksha-bandhan/,Setup 301 Redirect to Primary Page and remove duplicate from sitemap
100.0%,https://www.brahmakumaris.com/soul-sustenance/rest-refresh-and-rejuvenate-your-mind/,https://www.brahmakumaris.com/soul-sustenance/avoid-showing-off-and-experience-humility/,Setup 301 Redirect to Primary Page and remove duplicate from sitemap
100.0%,https://www.brahmakumaris.com/soul-sustenance/avoid-showing-off-and-experience-humility/,https://www.brahmakumaris.com/soul-sustenance/ss-hindi/12th-apr-2023-ssh/,Setup 301 Redirect to Primary Page and remove duplicate from sitemap
100.0%,https://www.brahmakumaris.com/soul-sustenance/life-is-always-fair-dont-call-it-unfair/,https://www.brahmakumaris.com/soul-sustenance/avoid-showing-off-and-experience-humility/,Setup 301 Redirect to Primary Page and remove duplicate from sitemap
100.0%,https://www.brahmakumaris.com/soul-sustenance/avoid-showing-off-and-experience-humility/,https://www.brahmakumaris.com/soul-sustenance/ss-hindi/logon-aur-paristhitiyon-ko-duaaon-bhari-energy-radiate-karein/,Setup 301 Redirect to Primary Page and remove duplicate from sitemap
100.0%,https://www.brahmakumaris.com/soul-sustenance/avoid-showing-off-and-experience-humility/,https://www.brahmakumaris.com/soul-sustenance/overcoming-mental-pressures-and-stress-part-2/,Setup 301 Redirect to Primary Page and remove duplicate from sitemap
100.0%,https://www.brahmakumaris.com/soul-sustenance/avoid-showing-off-and-experience-humility/,https://www.brahmakumaris.com/soul-sustenance/17th-jan-2023-ss/,Setup 301 Redirect to Primary Page and remove duplicate from sitemap
100.0%,https://www.brahmakumaris.com/soul-sustenance/avoid-showing-off-and-experience-humility/,https://www.brahmakumaris.com/soul-sustenance/experience-your-inner-powers-this-navratri/,Setup 301 Redirect to Primary Page and remove duplicate from sitemap
100.0%,https://www.brahmakumaris.com/soul-sustenance/avoid-showing-off-and-experience-humility/,https://www.brahmakumaris.com/soul-sustenance/05th-feb-2023-ss/,Setup 301 Redirect to Primary Page and remove duplicate from sitemap
100.0%,https://www.brahmakumaris.com/soul-sustenance/avoid-showing-off-and-experience-humility/,https://www.brahmakumaris.com/soul-sustenance/13th-jun-2023-ss/,Setup 301 Redirect to Primary Page and remove duplicate from sitemap
100.0%,https://www.brahmakumaris.com/soul-sustenance/avoid-showing-off-and-experience-humility/,https://www.brahmakumaris.com/soul-sustenance/8th-aug-2023-ss/,Setup 301 Redirect to Primary Page and remove duplicate from sitemap
100.0%,https://www.brahmakumaris.com/soul-sustenance/avoid-showing-off-and-experience-humility/,https://www.brahmakumaris.com/soul-sustenance/ss-hindi/apshakun-aut-andhvishwas-se-pare-jeevan-jiyein/,Setup 301 Redirect to Primary Page and remove duplicate from sitemap
100.0%,https://www.brahmakumaris.com/soul-sustenance/give-blessings-receive-blessings/,https://www.brahmakumaris.com/soul-sustenance/avoid-showing-off-and-experience-humility/,Setup 301 Redirect to Primary Page and remove duplicate from sitemap
100.0%,https://www.brahmakumaris.com/soul-sustenance/avoid-showing-off-and-experience-humility/,https://www.brahmakumaris.com/soul-sustenance/ss-hindi/25th-mar-2023-ssh/,Setup 301 Redirect to Primary Page and remove duplicate from sitemap
100.0%,https://www.brahmakumaris.com/soul-sustenance/27th-jul-soul-sustenance/,https://www.brahmakumaris.com/soul-sustenance/avoid-showing-off-and-experience-humility/,Setup 301 Redirect to Primary Page and remove duplicate from sitemap
100.0%,https://www.brahmakumaris.com/soul-sustenance/avoid-showing-off-and-experience-humility/,https://www.brahmakumaris.com/soul-sustenance/ss-hindi/sone-se-pahle-kaam-se-sambandhit-baatcheet-aur-taknik-se-disconnect-hon/,Setup 301 Redirect to Primary Page and remove duplicate from sitemap
100.0%,https://www.brahmakumaris.com/soul-sustenance/avoid-showing-off-and-experience-humility/,https://www.brahmakumaris.com/soul-sustenance/12th-jan-2023-ss/,Setup 301 Redirect to Primary Page and remove duplicate from sitemap
100.0%,https://www.brahmakumaris.com/soul-sustenance/avoid-showing-off-and-experience-humility/,https://www.brahmakumaris.com/soul-sustenance/27th-feb-2023-ss/,Setup 301 Redirect to Primary Page and remove duplicate from sitemap
100.0%,https://www.brahmakumaris.com/soul-sustenance/earning-money-along-with-blessings/,https://www.brahmakumaris.com/soul-sustenance/avoid-showing-off-and-experience-humility/,Setup 301 Redirect to Primary Page and remove duplicate from sitemap
100.0%,https://www.brahmakumaris.com/soul-sustenance/avoid-showing-off-and-experience-humility/,https://www.brahmakumaris.com/soul-sustenance/ss-hindi/rishton-mei-thought-energy-ka-mahatav-bhag-3/,Setup 301 Redirect to Primary Page and remove duplicate from sitemap
100.0%,https://www.brahmakumaris.com/soul-sustenance/avoid-showing-off-and-experience-humility/,https://www.brahmakumaris.com/soul-sustenance/ss-hindi/safalta-prapt-karne-ke-liye-soul-aur-role-power-ka-santulan-banaye-rakhein-bhag-3/,Setup 301 Redirect to Primary Page and remove duplicate from sitemap
100.0%,https://www.brahmakumaris.com/soul-sustenance/experiencing-high-self-esteem-constantly/,https://www.brahmakumaris.com/soul-sustenance/avoid-showing-off-and-experience-humility/,Setup 301 Redirect to Primary Page and remove duplicate from sitemap
100.0%,https://www.brahmakumaris.com/soul-sustenance/avoid-showing-off-and-experience-humility/,https://www.brahmakumaris.com/soul-sustenance/3-steps-for-creating-a-positive-present-and-future-part-3/,Setup 301 Redirect to Primary Page and remove duplicate from sitemap
100.0%,https://www.brahmakumaris.com/soul-sustenance/avoid-showing-off-and-experience-humility/,https://www.brahmakumaris.com/soul-sustenance/15th-jun-2023-ss/,Setup 301 Redirect to Primary Page and remove duplicate from sitemap
100.0%,https://www.brahmakumaris.com/soul-sustenance/avoid-showing-off-and-experience-humility/,https://www.brahmakumaris.com/soul-sustenance/ss-hindi/apne-man-ke-raja-banein-aur-shasan-karein-bhag-1/,Setup 301 Redirect to Primary Page and remove duplicate from sitemap
100.0%,https://www.brahmakumaris.com/soul-sustenance/avoid-showing-off-and-experience-humility/,https://www.brahmakumaris.com/soul-sustenance/13th-jan-2023-ss/,Setup 301 Redirect to Primary Page and remove duplicate from sitemap
100.0%,https://www.brahmakumaris.com/soul-sustenance/avoid-showing-off-and-experience-humility/,https://www.brahmakumaris.com/soul-sustenance/11th-feb-2023-ss/,Setup 301 Redirect to Primary Page and remove duplicate from sitemap
100.0%,https://www.brahmakumaris.com/soul-sustenance/avoid-showing-off-and-experience-humility/,https://www.brahmakumaris.com/soul-sustenance/the-key-to-beautiful-relationships-unconditional-love-part-6/,Setup 301 Redirect to Primary Page and remove duplicate from sitemap
100.0%,https://www.brahmakumaris.com/soul-sustenance/overcoming-the-fear-of-public-speaking/,https://www.brahmakumaris.com/soul-sustenance/avoid-showing-off-and-experience-humility/,Setup 301 Redirect to Primary Page and remove duplicate from sitemap
100.0%,https://www.brahmakumaris.com/soul-sustenance/avoid-showing-off-and-experience-humility/,https://www.brahmakumaris.com/soul-sustenance/taking-care-of-our-emotional-and-physical-health-with-spirituality-part-2/,Setup 301 Redirect to Primary Page and remove duplicate from sitemap
100.0%,https://www.brahmakumaris.com/soul-sustenance/avoid-showing-off-and-experience-humility/,https://www.brahmakumaris.com/soul-sustenance/ss-hindi/apne-mul-swabhav-shanti-aur-prem-ka-anubhav-karein-bhag-3/,Setup 301 Redirect to Primary Page and remove duplicate from sitemap
100.0%,https://www.brahmakumaris.com/soul-sustenance/avoid-showing-off-and-experience-humility/,https://www.brahmakumaris.com/soul-sustenance/ss-hindi/apni-limits-simaon-aur-mental-barrier-se-upar-uthein-bhag-3/,Setup 301 Redirect to Primary Page and remove duplicate from sitemap
100.0%,https://www.brahmakumaris.com/soul-sustenance/avoid-showing-off-and-experience-humility/,https://www.brahmakumaris.com/soul-sustenance/5-benefits-of-experiencing-god-with-us-part-2/,Setup 301 Redirect to Primary Page and remove duplicate from sitemap
100.0%,https://www.brahmakumaris.com/soul-sustenance/avoid-showing-off-and-experience-humility/,https://www.brahmakumaris.com/soul-sustenance/experiencing-and-radiating-happiness-to-others-part-1/,Setup 301 Redirect to Primary Page and remove duplicate from sitemap
100.0%,https://www.brahmakumaris.com/soul-sustenance/ss-hindi/duaaein-dein-duaaein-lein/,https://www.brahmakumaris.com/soul-sustenance/avoid-showing-off-and-experience-humility/,Setup 301 Redirect to Primary Page and remove duplicate from sitemap
100.0%,https://www.brahmakumaris.com/soul-sustenance/avoid-showing-off-and-experience-humility/,https://www.brahmakumaris.com/soul-sustenance/does-your-self-esteem-rely-on-winning-and-losing-part-2/,Setup 301 Redirect to Primary Page and remove duplicate from sitemap
100.0%,https://www.brahmakumaris.com/soul-sustenance/27th-february-soul-sustenance/,https://www.brahmakumaris.com/soul-sustenance/avoid-showing-off-and-experience-humility/,Setup 301 Redirect to Primary Page and remove duplicate from sitemap
100.0%,https://www.brahmakumaris.com/soul-sustenance/6th-march-soul-sustenance/,https://www.brahmakumaris.com/soul-sustenance/avoid-showing-off-and-experience-humility/,Setup 301 Redirect to Primary Page and remove duplicate from sitemap
100.0%,https://www.brahmakumaris.com/soul-sustenance/avoid-showing-off-and-experience-humility/,https://www.brahmakumaris.com/soul-sustenance/18th-mar-2023-ss/,Setup 301 Redirect to Primary Page and remove duplicate from sitemap
100.0%,https://www.brahmakumaris.com/soul-sustenance/avoid-showing-off-and-experience-humility/,https://www.brahmakumaris.com/soul-sustenance/going-back-to-your-original-quality-of-truth/,Setup 301 Redirect to Primary Page and remove duplicate from sitemap
100.0%,https://www.brahmakumaris.com/soul-sustenance/avoid-showing-off-and-experience-humility/,https://www.brahmakumaris.com/soul-sustenance/20th-apr-2023-ss/,Setup 301 Redirect to Primary Page and remove duplicate from sitemap
100.0%,https://www.brahmakumaris.com/soul-sustenance/avoid-showing-off-and-experience-humility/,https://www.brahmakumaris.com/soul-sustenance/ss-hindi/parampita-parmatma-hamare-sarvochch-mata-pita/,Setup 301 Redirect to Primary Page and remove duplicate from sitemap
100.0%,https://www.brahmakumaris.com/soul-sustenance/5-positive-affirmations-for-youth/,https://www.brahmakumaris.com/soul-sustenance/avoid-showing-off-and-experience-humility/,Setup 301 Redirect to Primary Page and remove duplicate from sitemap
100.0%,https://www.brahmakumaris.com/soul-sustenance/avoid-showing-off-and-experience-humility/,https://www.brahmakumaris.com/soul-sustenance/the-invisible-support-system-of-life-part-3/,Setup 301 Redirect to Primary Page and remove duplicate from sitemap
100.0%,https://www.brahmakumaris.com/soul-sustenance/avoid-showing-off-and-experience-humility/,https://www.brahmakumaris.com/soul-sustenance/13th-dec-2022-ss/,Setup 301 Redirect to Primary Page and remove duplicate from sitemap
100.0%,https://www.brahmakumaris.com/soul-sustenance/16th-nov-soul-sustenance/,https://www.brahmakumaris.com/soul-sustenance/avoid-showing-off-and-experience-humility/,Setup 301 Redirect to Primary Page and remove duplicate from sitemap
100.0%,https://www.brahmakumaris.com/soul-sustenance/avoid-showing-off-and-experience-humility/,https://www.brahmakumaris.com/soul-sustenance/15th-jan-2023-ss/,Setup 301 Redirect to Primary Page and remove duplicate from sitemap
100.0%,https://www.brahmakumaris.com/soul-sustenance/avoid-showing-off-and-experience-humility/,https://www.brahmakumaris.com/soul-sustenance/ss-hindi/man-ko-control-karna-bhag-3/,Setup 301 Redirect to Primary Page and remove duplicate from sitemap
100.0%,https://www.brahmakumaris.com/soul-sustenance/avoid-showing-off-and-experience-humility/,https://www.brahmakumaris.com/soul-sustenance/ss-hindi/jeevan-mein-jaldbaazi-na-karein-dheere-chalein/,Setup 301 Redirect to Primary Page and remove duplicate from sitemap
100.0%,https://www.brahmakumaris.com/soul-sustenance/avoid-showing-off-and-experience-humility/,https://www.brahmakumaris.com/soul-sustenance/26th-jun-2023-ss/,Setup 301 Redirect to Primary Page and remove duplicate from sitemap
100.0%,https://www.brahmakumaris.com/soul-sustenance/21st-jul-soul-sustenance/,https://www.brahmakumaris.com/soul-sustenance/avoid-showing-off-and-experience-humility/,Setup 301 Redirect to Primary Page and remove duplicate from sitemap
100.0%,https://www.brahmakumaris.com/soul-sustenance/avoid-showing-off-and-experience-humility/,https://www.brahmakumaris.com/soul-sustenance/ss-hindi/28th-aug-2023-ssh/,Setup 301 Redirect to Primary Page and remove duplicate from sitemap
100.0%,https://www.brahmakumaris.com/soul-sustenance/avoid-showing-off-and-experience-humility/,https://www.brahmakumaris.com/soul-sustenance/5-spiritual-powers-for-accepting-change-easily-part-3/,Setup 301 Redirect to Primary Page and remove duplicate from sitemap
100.0%,https://www.brahmakumaris.com/soul-sustenance/avoid-showing-off-and-experience-humility/,https://www.brahmakumaris.com/soul-sustenance/ss-hindi/kya-prem-aur-dard-sath-sath-chalte-hein-bhag-2/,Setup 301 Redirect to Primary Page and remove duplicate from sitemap
100.0%,https://www.brahmakumaris.com/soul-sustenance/avoid-showing-off-and-experience-humility/,https://www.brahmakumaris.com/soul-sustenance/5-new-year-promises-to-make-to-yourself-2/,Setup 301 Redirect to Primary Page and remove duplicate from sitemap
100.0%,https://www.brahmakumaris.com/soul-sustenance/20th-sep-soul-sustenance/,https://www.brahmakumaris.com/soul-sustenance/avoid-showing-off-and-experience-humility/,Setup 301 Redirect to Primary Page and remove duplicate from sitemap
100.0%,https://www.brahmakumaris.com/soul-sustenance/avoid-showing-off-and-experience-humility/,https://www.brahmakumaris.com/soul-sustenance/29th-jun-2023-ss/,Setup 301 Redirect to Primary Page and remove duplicate from sitemap
100.0%,https://www.brahmakumaris.com/soul-sustenance/avoid-showing-off-and-experience-humility/,https://www.brahmakumaris.com/soul-sustenance/ss-hindi/28th-jun-2023-ssh/,Setup 301 Redirect to Primary Page and remove duplicate from sitemap
100.0%,https://www.brahmakumaris.com/soul-sustenance/ss-hindi/navratri-antarik-shaktiyaan/,https://www.brahmakumaris.com/soul-sustenance/avoid-showing-off-and-experience-humility/,Setup 301 Redirect to Primary Page and remove duplicate from sitemap
100.0%,https://www.brahmakumaris.com/soul-sustenance/avoid-showing-off-and-experience-humility/,https://www.brahmakumaris.com/soul-sustenance/30th-apr-2023-ss/,Setup 301 Redirect to Primary Page and remove duplicate from sitemap
100.0%,https://www.brahmakumaris.com/soul-sustenance/avoid-showing-off-and-experience-humility/,https://www.brahmakumaris.com/soul-sustenance/ss-hindi/24th-mar-2023-ssh/,Setup 301 Redirect to Primary Page and remove duplicate from sitemap
100.0%,https://www.brahmakumaris.com/soul-sustenance/avoid-showing-off-and-experience-humility/,https://www.brahmakumaris.com/soul-sustenance/is-worrying-for-others-caring-for-them-part-1/,Setup 301 Redirect to Primary Page and remove duplicate from sitemap
100.0%,https://www.brahmakumaris.com/soul-sustenance/avoid-showing-off-and-experience-humility/,https://www.brahmakumaris.com/soul-sustenance/ss-hindi/parmatam-gyan-ko-pratidin-kaise-study-karein/,Setup 301 Redirect to Primary Page and remove duplicate from sitemap
100.0%,https://www.brahmakumaris.com/soul-sustenance/12th-march-soul-sustenance/,https://www.brahmakumaris.com/soul-sustenance/avoid-showing-off-and-experience-humility/,Setup 301 Redirect to Primary Page and remove duplicate from sitemap
100.0%,https://www.brahmakumaris.com/soul-sustenance/5-ways-to-become-fearless/,https://www.brahmakumaris.com/soul-sustenance/avoid-showing-off-and-experience-humility/,Setup 301 Redirect to Primary Page and remove duplicate from sitemap
100.0%,https://www.brahmakumaris.com/soul-sustenance/avoid-showing-off-and-experience-humility/,https://www.brahmakumaris.com/soul-sustenance/5th-may-2023-ss/,Setup 301 Redirect to Primary Page and remove duplicate from sitemap
100.0%,https://www.brahmakumaris.com/soul-sustenance/avoid-showing-off-and-experience-humility/,https://www.brahmakumaris.com/soul-sustenance/ss-hindi/29th-apr-2023-ssh/,Setup 301 Redirect to Primary Page and remove duplicate from sitemap
100.0%,https://www.brahmakumaris.com/soul-sustenance/avoid-showing-off-and-experience-humility/,https://www.brahmakumaris.com/soul-sustenance/transforming-our-dreams-into-reality-part-2/,Setup 301 Redirect to Primary Page and remove duplicate from sitemap
100.0%,https://www.brahmakumaris.com/soul-sustenance/avoid-showing-off-and-experience-humility/,https://www.brahmakumaris.com/soul-sustenance/ss-hindi/gossip-aur-aalochanaon-se-bachein/,Setup 301 Redirect to Primary Page and remove duplicate from sitemap
100.0%,https://www.brahmakumaris.com/soul-sustenance/increasing-your-inner-beauty/,https://www.brahmakumaris.com/soul-sustenance/avoid-showing-off-and-experience-humility/,Setup 301 Redirect to Primary Page and remove duplicate from sitemap
100.0%,https://www.brahmakumaris.com/soul-sustenance/avoid-showing-off-and-experience-humility/,https://www.brahmakumaris.com/soul-sustenance/ss-hindi/negative-energy-ke-exchange-ko-break-karein-bhag-5/,Setup 301 Redirect to Primary Page and remove duplicate from sitemap
100.0%,https://www.brahmakumaris.com/soul-sustenance/5-new-year-promises-to-make-to-yourself/,https://www.brahmakumaris.com/soul-sustenance/avoid-showing-off-and-experience-humility/,Setup 301 Redirect to Primary Page and remove duplicate from sitemap
100.0%,https://www.brahmakumaris.com/soul-sustenance/avoid-showing-off-and-experience-humility/,https://www.brahmakumaris.com/soul-sustenance/ss-hindi/23rd-feb-2023-ssh/,Setup 301 Redirect to Primary Page and remove duplicate from sitemap
100.0%,https://www.brahmakumaris.com/soul-sustenance/avoid-showing-off-and-experience-humility/,https://www.brahmakumaris.com/soul-sustenance/the-7-days-course-of-the-brahma-kumaris-part-3/,Setup 301 Redirect to Primary Page and remove duplicate from sitemap
100.0%,https://www.brahmakumaris.com/soul-sustenance/love-yourself/,https://www.brahmakumaris.com/soul-sustenance/avoid-showing-off-and-experience-humility/,Setup 301 Redirect to Primary Page and remove duplicate from sitemap
100.0%,https://www.brahmakumaris.com/soul-sustenance/avoid-showing-off-and-experience-humility/,https://www.brahmakumaris.com/soul-sustenance/avoid-making-excuses-in-different-scenes-of-life/,Setup 301 Redirect to Primary Page and remove duplicate from sitemap
100.0%,https://www.brahmakumaris.com/soul-sustenance/avoid-showing-off-and-experience-humility/,https://www.brahmakumaris.com/soul-sustenance/ss-hindi/safalta-ke-5-khoobsurat-pahlu-bhag-1/,Setup 301 Redirect to Primary Page and remove duplicate from sitemap
100.0%,https://www.brahmakumaris.com/soul-sustenance/15th-june-soul-sustenance/,https://www.brahmakumaris.com/soul-sustenance/avoid-showing-off-and-experience-humility/,Setup 301 Redirect to Primary Page and remove duplicate from sitemap
100.0%,https://www.brahmakumaris.com/soul-sustenance/avoid-showing-off-and-experience-humility/,https://www.brahmakumaris.com/soul-sustenance/the-spiritual-meaning-of-holi-part-2/,Setup 301 Redirect to Primary Page and remove duplicate from sitemap
100.0%,https://www.brahmakumaris.com/soul-sustenance/avoid-showing-off-and-experience-humility/,https://www.brahmakumaris.com/soul-sustenance/ss-hindi/4th-jun-2023-ssh/,Setup 301 Redirect to Primary Page and remove duplicate from sitemap
100.0%,https://www.brahmakumaris.com/soul-sustenance/avoid-showing-off-and-experience-humility/,https://www.brahmakumaris.com/soul-sustenance/time-management-in-our-daily-lives-part-3/,Setup 301 Redirect to Primary Page and remove duplicate from sitemap
100.0%,https://www.brahmakumaris.com/soul-sustenance/dont-make-people-dependent-on-you/,https://www.brahmakumaris.com/soul-sustenance/avoid-showing-off-and-experience-humility/,Setup 301 Redirect to Primary Page and remove duplicate from sitemap
100.0%,https://www.brahmakumaris.com/soul-sustenance/avoid-showing-off-and-experience-humility/,https://www.brahmakumaris.com/soul-sustenance/ss-hindi/kya-aap-bhavnatmak-rup-se-vajandaar-hein/,Setup 301 Redirect to Primary Page and remove duplicate from sitemap
100.0%,https://www.brahmakumaris.com/soul-sustenance/honesty-at-the-workplace/,https://www.brahmakumaris.com/soul-sustenance/avoid-showing-off-and-experience-humility/,Setup 301 Redirect to Primary Page and remove duplicate from sitemap
100.0%,https://www.brahmakumaris.com/soul-sustenance/avoid-showing-off-and-experience-humility/,https://www.brahmakumaris.com/soul-sustenance/23rd-may-2023-ss/,Setup 301 Redirect to Primary Page and remove duplicate from sitemap
100.0%,https://www.brahmakumaris.com/soul-sustenance/avoid-showing-off-and-experience-humility/,https://www.brahmakumaris.com/soul-sustenance/radiate-peace-and-love-to-a-loved-one-who-departs/,Setup 301 Redirect to Primary Page and remove duplicate from sitemap
100.0%,https://www.brahmakumaris.com/soul-sustenance/avoid-showing-off-and-experience-humility/,https://www.brahmakumaris.com/soul-sustenance/lets-be-human-beings-not-human-doings-part-1/,Setup 301 Redirect to Primary Page and remove duplicate from sitemap
100.0%,https://www.brahmakumaris.com/soul-sustenance/avoid-showing-off-and-experience-humility/,https://www.brahmakumaris.com/soul-sustenance/ss-hindi/mansik-thakavat-se-bachne-ke-5-sujhav-bhag-3/,Setup 301 Redirect to Primary Page and remove duplicate from sitemap
100.0%,https://www.brahmakumaris.com/soul-sustenance/avoid-showing-off-and-experience-humility/,https://www.brahmakumaris.com/soul-sustenance/ss-hindi/sochne-aur-mahsus-karne-ki-adrushya-shakti/,Setup 301 Redirect to Primary Page and remove duplicate from sitemap
100.0%,https://www.brahmakumaris.com/soul-sustenance/avoid-showing-off-and-experience-humility/,https://www.brahmakumaris.com/soul-sustenance/creating-a-positive-destiny-with-positive-information-part-1/,Setup 301 Redirect to Primary Page and remove duplicate from sitemap
100.0%,https://www.brahmakumaris.com/soul-sustenance/12th-nov-soul-sustenance/,https://www.brahmakumaris.com/soul-sustenance/avoid-showing-off-and-experience-humility/,Setup 301 Redirect to Primary Page and remove duplicate from sitemap
100.0%,https://www.brahmakumaris.com/soul-sustenance/dont-focus-on-people-who-criticize-you/,https://www.brahmakumaris.com/soul-sustenance/avoid-showing-off-and-experience-humility/,Setup 301 Redirect to Primary Page and remove duplicate from sitemap
100.0%,https://www.brahmakumaris.com/soul-sustenance/29th-jul-soul-sustenance/,https://www.brahmakumaris.com/soul-sustenance/avoid-showing-off-and-experience-humility/,Setup 301 Redirect to Primary Page and remove duplicate from sitemap
100.0%,https://www.brahmakumaris.com/soul-sustenance/avoid-showing-off-and-experience-humility/,https://www.brahmakumaris.com/soul-sustenance/ss-hindi/sakaratmak-vicharo-se-sakaratmak-swasthya-banayein/,Setup 301 Redirect to Primary Page and remove duplicate from sitemap
100.0%,https://www.brahmakumaris.com/soul-sustenance/avoid-showing-off-and-experience-humility/,https://www.brahmakumaris.com/soul-sustenance/24th-jul-2023-ss/,Setup 301 Redirect to Primary Page and remove duplicate from sitemap
100.0%,https://www.brahmakumaris.com/soul-sustenance/10-dos-and-donts-of-meditation-part-1/,https://www.brahmakumaris.com/soul-sustenance/avoid-showing-off-and-experience-humility/,Setup 301 Redirect to Primary Page and remove duplicate from sitemap
100.0%,https://www.brahmakumaris.com/soul-sustenance/avoid-showing-off-and-experience-humility/,https://www.brahmakumaris.com/soul-sustenance/12th-apr-2023-ss/,Setup 301 Redirect to Primary Page and remove duplicate from sitemap
100.0%,https://www.brahmakumaris.com/soul-sustenance/achieving-healthy-work-life-balance/,https://www.brahmakumaris.com/soul-sustenance/avoid-showing-off-and-experience-humility/,Setup 301 Redirect to Primary Page and remove duplicate from sitemap
100.0%,https://www.brahmakumaris.com/soul-sustenance/avoid-showing-off-and-experience-humility/,https://www.brahmakumaris.com/soul-sustenance/ss-hindi/krutagyta-diary-likhna-shuru-karein/,Setup 301 Redirect to Primary Page and remove duplicate from sitemap
100.0%,https://www.brahmakumaris.com/soul-sustenance/avoid-showing-off-and-experience-humility/,https://www.brahmakumaris.com/soul-sustenance/ss-hindi/aatma-aur-uske-dwara-kiye-jaane-wale-kam-ka-ahsas-hona-bhag-2/,Setup 301 Redirect to Primary Page and remove duplicate from sitemap
100.0%,https://www.brahmakumaris.com/soul-sustenance/avoid-showing-off-and-experience-humility/,https://www.brahmakumaris.com/soul-sustenance/ss-hindi/logon-ki-negative-energy-se-bachein/,Setup 301 Redirect to Primary Page and remove duplicate from sitemap
100.0%,https://www.brahmakumaris.com/soul-sustenance/avoid-showing-off-and-experience-humility/,https://www.brahmakumaris.com/soul-sustenance/ss-hindi/mahashivratri-par-parmatma-sandesh-part-3/,Setup 301 Redirect to Primary Page and remove duplicate from sitemap
100.0%,https://www.brahmakumaris.com/soul-sustenance/avoid-showing-off-and-experience-humility/,https://www.brahmakumaris.com/soul-sustenance/ss-hindi/aaiye-parmatam-karya-hetu-unite-hokar-apna-yogdaan-dein/,Setup 301 Redirect to Primary Page and remove duplicate from sitemap
100.0%,https://www.brahmakumaris.com/soul-sustenance/5-affirmations-for-experiencing-peace/,https://www.brahmakumaris.com/soul-sustenance/avoid-showing-off-and-experience-humility/,Setup 301 Redirect to Primary Page and remove duplicate from sitemap
100.0%,https://www.brahmakumaris.com/soul-sustenance/avoid-showing-off-and-experience-humility/,https://www.brahmakumaris.com/soul-sustenance/ss-hindi/badlaav-ko-aasani-se-apnane-ki-5-aadhyatmik-saktiyan-bhag-2/,Setup 301 Redirect to Primary Page and remove duplicate from sitemap
100.0%,https://www.brahmakumaris.com/soul-sustenance/suppressing-anger-dont-even-create-it/,https://www.brahmakumaris.com/soul-sustenance/avoid-showing-off-and-experience-humility/,Setup 301 Redirect to Primary Page and remove duplicate from sitemap
100.0%,https://www.brahmakumaris.com/soul-sustenance/avoid-showing-off-and-experience-humility/,https://www.brahmakumaris.com/soul-sustenance/ss-hindi/15th-jun-2023-ssh/,Setup 301 Redirect to Primary Page and remove duplicate from sitemap
100.0%,https://www.brahmakumaris.com/soul-sustenance/avoid-showing-off-and-experience-humility/,https://www.brahmakumaris.com/soul-sustenance/19th-may-2023-ss/,Setup 301 Redirect to Primary Page and remove duplicate from sitemap
100.0%,https://www.brahmakumaris.com/soul-sustenance/avoid-showing-off-and-experience-humility/,https://www.brahmakumaris.com/soul-sustenance/rising-above-limits-and-mental-barriers-part-1/,Setup 301 Redirect to Primary Page and remove duplicate from sitemap
100.0%,https://www.brahmakumaris.com/soul-sustenance/avoid-showing-off-and-experience-humility/,https://www.brahmakumaris.com/soul-sustenance/ss-hindi/aapki-iccha-shakti-aapki-sabse-badi-takat-hei/,Setup 301 Redirect to Primary Page and remove duplicate from sitemap
100.0%,https://www.brahmakumaris.com/soul-sustenance/avoid-showing-off-and-experience-humility/,https://www.brahmakumaris.com/soul-sustenance/ss-hindi/andar-ke-mein-ka-ahsaas-aur-anubhav-bhag-3/,Setup 301 Redirect to Primary Page and remove duplicate from sitemap
100.0%,https://www.brahmakumaris.com/soul-sustenance/avoid-showing-off-and-experience-humility/,https://www.brahmakumaris.com/soul-sustenance/ss-hindi/shaktiyon-ko-andar-bharein-kamjoriyon-ko-bahar-nikalein/,Setup 301 Redirect to Primary Page and remove duplicate from sitemap
100.0%,https://www.brahmakumaris.com/soul-sustenance/avoid-showing-off-and-experience-humility/,https://www.brahmakumaris.com/soul-sustenance/5-benefits-of-experiencing-god-with-us-part-1/,Setup 301 Redirect to Primary Page and remove duplicate from sitemap
100.0%,https://www.brahmakumaris.com/soul-sustenance/avoid-showing-off-and-experience-humility/,https://www.brahmakumaris.com/soul-sustenance/becoming-a-perfect-angel-in-5-easy-steps-part-1/,Setup 301 Redirect to Primary Page and remove duplicate from sitemap
100.0%,https://www.brahmakumaris.com/soul-sustenance/avoid-showing-off-and-experience-humility/,https://www.brahmakumaris.com/soul-sustenance/ss-hindi/parmatma-se-judkar-quality-recharging-karein-bhag-1/,Setup 301 Redirect to Primary Page and remove duplicate from sitemap
100.0%,https://www.brahmakumaris.com/soul-sustenance/23rd-nov-soul-sustenance/,https://www.brahmakumaris.com/soul-sustenance/avoid-showing-off-and-experience-humility/,Setup 301 Redirect to Primary Page and remove duplicate from sitemap
100.0%,https://www.brahmakumaris.com/soul-sustenance/avoid-showing-off-and-experience-humility/,https://www.brahmakumaris.com/soul-sustenance/ss-hindi/12th-aug-2023-ssh/,Setup 301 Redirect to Primary Page and remove duplicate from sitemap
100.0%,https://www.brahmakumaris.com/soul-sustenance/28th-april-soul-sustenance/,https://www.brahmakumaris.com/soul-sustenance/avoid-showing-off-and-experience-humility/,Setup 301 Redirect to Primary Page and remove duplicate from sitemap
100.0%,https://www.brahmakumaris.com/soul-sustenance/13th-may-soul-sustenance/,https://www.brahmakumaris.com/soul-sustenance/avoid-showing-off-and-experience-humility/,Setup 301 Redirect to Primary Page and remove duplicate from sitemap
100.0%,https://www.brahmakumaris.com/soul-sustenance/avoid-showing-off-and-experience-humility/,https://www.brahmakumaris.com/soul-sustenance/understanding-sri-ganesh-chaturthi-and-its-divinity-part-2/,Setup 301 Redirect to Primary Page and remove duplicate from sitemap
100.0%,https://www.brahmakumaris.com/soul-sustenance/avoid-showing-off-and-experience-humility/,https://www.brahmakumaris.com/soul-sustenance/ss-hindi/ahankar-ko-thes-pahunchna-bhag-1/,Setup 301 Redirect to Primary Page and remove duplicate from sitemap
100.0%,https://www.brahmakumaris.com/soul-sustenance/avoid-showing-off-and-experience-humility/,https://www.brahmakumaris.com/soul-sustenance/ss-hindi/swayn-ko-emotional-bhavnatmak-detox-dein/,Setup 301 Redirect to Primary Page and remove duplicate from sitemap
100.0%,https://www.brahmakumaris.com/soul-sustenance/avoid-showing-off-and-experience-humility/,https://www.brahmakumaris.com/soul-sustenance/ss-hindi/10th-jun-2023-ssh/,Setup 301 Redirect to Primary Page and remove duplicate from sitemap
100.0%,https://www.brahmakumaris.com/soul-sustenance/avoid-showing-off-and-experience-humility/,https://www.brahmakumaris.com/soul-sustenance/30th-mar-2023-ss/,Setup 301 Redirect to Primary Page and remove duplicate from sitemap
100.0%,https://www.brahmakumaris.com/soul-sustenance/avoid-showing-off-and-experience-humility/,https://www.brahmakumaris.com/soul-sustenance/ss-hindi/kshmabhav-ka-sansar-create-karein-bhag-2/,Setup 301 Redirect to Primary Page and remove duplicate from sitemap
100.0%,https://www.brahmakumaris.com/soul-sustenance/avoid-showing-off-and-experience-humility/,https://www.brahmakumaris.com/soul-sustenance/20th-jan-2023-ss/,Setup 301 Redirect to Primary Page and remove duplicate from sitemap
100.0%,https://www.brahmakumaris.com/soul-sustenance/avoid-showing-off-and-experience-humility/,https://www.brahmakumaris.com/soul-sustenance/are-we-emotionally-free-in-the-modern-world-part-1/,Setup 301 Redirect to Primary Page and remove duplicate from sitemap
100.0%,https://www.brahmakumaris.com/soul-sustenance/31st-jul-soul-sustenance/,https://www.brahmakumaris.com/soul-sustenance/avoid-showing-off-and-experience-humility/,Setup 301 Redirect to Primary Page and remove duplicate from sitemap
100.0%,https://www.brahmakumaris.com/soul-sustenance/avoid-showing-off-and-experience-humility/,https://www.brahmakumaris.com/soul-sustenance/ss-hindi/rishton-ki-gunvatta-aur-madhurta-badhane-ke-10-prabhavshali-upay-bhag-1/,Setup 301 Redirect to Primary Page and remove duplicate from sitemap
100.0%,https://www.brahmakumaris.com/soul-sustenance/13th-oct-soul-sustenance/,https://www.brahmakumaris.com/soul-sustenance/avoid-showing-off-and-experience-humility/,Setup 301 Redirect to Primary Page and remove duplicate from sitemap
100.0%,https://www.brahmakumaris.com/soul-sustenance/avoid-showing-off-and-experience-humility/,https://www.brahmakumaris.com/soul-sustenance/purifying-food-water-and-air-for-good-health-part-3/,Setup 301 Redirect to Primary Page and remove duplicate from sitemap
100.0%,https://www.brahmakumaris.com/soul-sustenance/avoid-showing-off-and-experience-humility/,https://www.brahmakumaris.com/soul-sustenance/ss-hindi/kya-jeevan-aapke-liye-ek-competition-hei/,Setup 301 Redirect to Primary Page and remove duplicate from sitemap
100.0%,https://www.brahmakumaris.com/soul-sustenance/avoid-showing-off-and-experience-humility/,https://www.brahmakumaris.com/soul-sustenance/ss-hindi/kya-hame-bhavuk-emotional-hona-chahiye-ya-nahi-bhag-2/,Setup 301 Redirect to Primary Page and remove duplicate from sitemap
100.0%,https://www.brahmakumaris.com/soul-sustenance/avoid-showing-off-and-experience-humility/,https://www.brahmakumaris.com/soul-sustenance/ss-hindi/khane-aur-paani-ko-shudhdh-karke-uttam-swasthya-prapt-karna/,Setup 301 Redirect to Primary Page and remove duplicate from sitemap
100.0%,https://www.brahmakumaris.com/soul-sustenance/avoid-showing-off-and-experience-humility/,https://www.brahmakumaris.com/soul-sustenance/returning-to-normal-conversation-after-a-conflict/,Setup 301 Redirect to Primary Page and remove duplicate from sitemap
100.0%,https://www.brahmakumaris.com/soul-sustenance/30th-nov-soul-sustenance/,https://www.brahmakumaris.com/soul-sustenance/avoid-showing-off-and-experience-humility/,Setup 301 Redirect to Primary Page and remove duplicate from sitemap
100.0%,https://www.brahmakumaris.com/soul-sustenance/29th-march-soul-sustenance/,https://www.brahmakumaris.com/soul-sustenance/avoid-showing-off-and-experience-humility/,Setup 301 Redirect to Primary Page and remove duplicate from sitemap
100.0%,https://www.brahmakumaris.com/soul-sustenance/avoid-showing-off-and-experience-humility/,https://www.brahmakumaris.com/soul-sustenance/returning-to-my-original-state-of-goodness-part-1/,Setup 301 Redirect to Primary Page and remove duplicate from sitemap
100.0%,https://www.brahmakumaris.com/soul-sustenance/avoid-showing-off-and-experience-humility/,https://www.brahmakumaris.com/soul-sustenance/recruit-staff-based-on-their-vibrations-not-just-resume/,Setup 301 Redirect to Primary Page and remove duplicate from sitemap
100.0%,https://www.brahmakumaris.com/soul-sustenance/avoid-showing-off-and-experience-humility/,https://www.brahmakumaris.com/soul-sustenance/meditation-an-easy-technique-for-self-transformation-part-1/,Setup 301 Redirect to Primary Page and remove duplicate from sitemap
100.0%,https://www.brahmakumaris.com/soul-sustenance/22nd-nov-soul-sustenance/,https://www.brahmakumaris.com/soul-sustenance/avoid-showing-off-and-experience-humility/,Setup 301 Redirect to Primary Page and remove duplicate from sitemap
100.0%,https://www.brahmakumaris.com/soul-sustenance/avoid-showing-off-and-experience-humility/,https://www.brahmakumaris.com/soul-sustenance/19th-mar-2023-ss/,Setup 301 Redirect to Primary Page and remove duplicate from sitemap
100.0%,https://www.brahmakumaris.com/soul-sustenance/29th-aug-soul-sustenance/,https://www.brahmakumaris.com/soul-sustenance/avoid-showing-off-and-experience-humility/,Setup 301 Redirect to Primary Page and remove duplicate from sitemap
100.0%,https://www.brahmakumaris.com/soul-sustenance/avoid-showing-off-and-experience-humility/,https://www.brahmakumaris.com/soul-sustenance/positive-spiritual-tips-for-beautiful-parenting-part-3/,Setup 301 Redirect to Primary Page and remove duplicate from sitemap
100.0%,https://www.brahmakumaris.com/soul-sustenance/18th-sep-soul-sustenance/,https://www.brahmakumaris.com/soul-sustenance/avoid-showing-off-and-experience-humility/,Setup 301 Redirect to Primary Page and remove duplicate from sitemap
100.0%,https://www.brahmakumaris.com/soul-sustenance/avoid-showing-off-and-experience-humility/,https://www.brahmakumaris.com/soul-sustenance/quality-recharging-by-connecting-with-god-part-2/,Setup 301 Redirect to Primary Page and remove duplicate from sitemap
100.0%,https://www.brahmakumaris.com/soul-sustenance/avoid-showing-off-and-experience-humility/,https://www.brahmakumaris.com/soul-sustenance/a-healthy-emotional-diet-for-the-mind-part-1/,Setup 301 Redirect to Primary Page and remove duplicate from sitemap
100.0%,https://www.brahmakumaris.com/soul-sustenance/avoid-showing-off-and-experience-humility/,https://www.brahmakumaris.com/soul-sustenance/ss-hindi/vishva-ko-swarg-jaisa-banane-ke-liye-5-steps/,Setup 301 Redirect to Primary Page and remove duplicate from sitemap
100.0%,https://www.brahmakumaris.com/soul-sustenance/avoid-showing-off-and-experience-humility/,https://www.brahmakumaris.com/soul-sustenance/ss-hindi/apni-asfaltaaon-ko-sakaratmak-aur-shaktishali-dhang-se-accept-karein/,Setup 301 Redirect to Primary Page and remove duplicate from sitemap
100.0%,https://www.brahmakumaris.com/soul-sustenance/avoid-showing-off-and-experience-humility/,https://www.brahmakumaris.com/soul-sustenance/ss-hindi/1st-aug-2023-ssh/,Setup 301 Redirect to Primary Page and remove duplicate from sitemap
100.0%,https://www.brahmakumaris.com/soul-sustenance/avoid-showing-off-and-experience-humility/,https://www.brahmakumaris.com/soul-sustenance/dont-label-yourself-negatively-2/,Setup 301 Redirect to Primary Page and remove duplicate from sitemap
100.0%,https://www.brahmakumaris.com/soul-sustenance/avoid-showing-off-and-experience-humility/,https://www.brahmakumaris.com/soul-sustenance/ss-hindi/8th-jul-2023-ssh/,Setup 301 Redirect to Primary Page and remove duplicate from sitemap
100.0%,https://www.brahmakumaris.com/soul-sustenance/tolerate-with-pleasure-not-with-pressure/,https://www.brahmakumaris.com/soul-sustenance/avoid-showing-off-and-experience-humility/,Setup 301 Redirect to Primary Page and remove duplicate from sitemap
100.0%,https://www.brahmakumaris.com/soul-sustenance/avoid-showing-off-and-experience-humility/,https://www.brahmakumaris.com/soul-sustenance/ss-hindi/khushiyon-ko-sahi-tarike-se-jiyen-bhag-1/,Setup 301 Redirect to Primary Page and remove duplicate from sitemap
100.0%,https://www.brahmakumaris.com/soul-sustenance/avoid-showing-off-and-experience-humility/,https://www.brahmakumaris.com/soul-sustenance/positive-spiritual-tips-for-beautiful-parenting-part-2/,Setup 301 Redirect to Primary Page and remove duplicate from sitemap
100.0%,https://www.brahmakumaris.com/soul-sustenance/avoid-showing-off-and-experience-humility/,https://www.brahmakumaris.com/soul-sustenance/ss-hindi/apni-aantarik-sundarta-ko-bhadhayein/,Setup 301 Redirect to Primary Page and remove duplicate from sitemap
100.0%,https://www.brahmakumaris.com/soul-sustenance/18th-may-soul-sustenance/,https://www.brahmakumaris.com/soul-sustenance/avoid-showing-off-and-experience-humility/,Setup 301 Redirect to Primary Page and remove duplicate from sitemap
100.0%,https://www.brahmakumaris.com/soul-sustenance/avoid-showing-off-and-experience-humility/,https://www.brahmakumaris.com/soul-sustenance/ss-hindi/21st-may-2023-ssh/,Setup 301 Redirect to Primary Page and remove duplicate from sitemap
100.0%,https://www.brahmakumaris.com/soul-sustenance/avoid-showing-off-and-experience-humility/,https://www.brahmakumaris.com/soul-sustenance/when-we-change-others-change-part-2/,Setup 301 Redirect to Primary Page and remove duplicate from sitemap
100.0%,https://www.brahmakumaris.com/soul-sustenance/29th-june-soul-sustenance/,https://www.brahmakumaris.com/soul-sustenance/avoid-showing-off-and-experience-humility/,Setup 301 Redirect to Primary Page and remove duplicate from sitemap
100.0%,https://www.brahmakumaris.com/soul-sustenance/avoid-showing-off-and-experience-humility/,https://www.brahmakumaris.com/soul-sustenance/ss-hindi/kya-hamein-duniya-mei-badlav-ki-aavshaykta-mahsus-hoti-hai/,Setup 301 Redirect to Primary Page and remove duplicate from sitemap
100.0%,https://www.brahmakumaris.com/soul-sustenance/avoid-showing-off-and-experience-humility/,https://www.brahmakumaris.com/soul-sustenance/ss-hindi/aap-jo-hein-uske-liye-drudh-sankalpit-rahein/,Setup 301 Redirect to Primary Page and remove duplicate from sitemap
100.0%,https://www.brahmakumaris.com/soul-sustenance/avoid-showing-off-and-experience-humility/,https://www.brahmakumaris.com/soul-sustenance/ss-hindi/30th-aug-2023-ssh/,Setup 301 Redirect to Primary Page and remove duplicate from sitemap
100.0%,https://www.brahmakumaris.com/soul-sustenance/avoid-showing-off-and-experience-humility/,https://www.brahmakumaris.com/soul-sustenance/10th-jan-2023-ss/,Setup 301 Redirect to Primary Page and remove duplicate from sitemap
100.0%,https://www.brahmakumaris.com/soul-sustenance/01st-nov-soul-sustenance/,https://www.brahmakumaris.com/soul-sustenance/avoid-showing-off-and-experience-humility/,Setup 301 Redirect to Primary Page and remove duplicate from sitemap
100.0%,https://www.brahmakumaris.com/soul-sustenance/avoid-showing-off-and-experience-humility/,https://www.brahmakumaris.com/soul-sustenance/ss-hindi/holi-ka-aadhyatmik-arth-bhag-2/,Setup 301 Redirect to Primary Page and remove duplicate from sitemap
100.0%,https://www.brahmakumaris.com/soul-sustenance/avoid-showing-off-and-experience-humility/,https://www.brahmakumaris.com/soul-sustenance/28th-mar-2023-ss/,Setup 301 Redirect to Primary Page and remove duplicate from sitemap
100.0%,https://www.brahmakumaris.com/soul-sustenance/letting-go-with-lightness/,https://www.brahmakumaris.com/soul-sustenance/avoid-showing-off-and-experience-humility/,Setup 301 Redirect to Primary Page and remove duplicate from sitemap
100.0%,https://www.brahmakumaris.com/soul-sustenance/avoid-showing-off-and-experience-humility/,https://www.brahmakumaris.com/soul-sustenance/ss-hindi/logon-ke-saamne-bolne-ke-dar-par-kaabu-paayein/,Setup 301 Redirect to Primary Page and remove duplicate from sitemap
100.0%,https://www.brahmakumaris.com/soul-sustenance/avoid-showing-off-and-experience-humility/,https://www.brahmakumaris.com/soul-sustenance/purifying-food-and-water-for-perfect-health/,Setup 301 Redirect to Primary Page and remove duplicate from sitemap
100.0%,https://www.brahmakumaris.com/soul-sustenance/avoid-showing-off-and-experience-humility/,https://www.brahmakumaris.com/soul-sustenance/ss-hindi/parmatma-kaise-is-vishva-ko-pure-banate-hain-bhag-2/,Setup 301 Redirect to Primary Page and remove duplicate from sitemap
100.0%,https://www.brahmakumaris.com/soul-sustenance/ss-hindi/rishton-mein-peeda-se-mukt-hona/,https://www.brahmakumaris.com/soul-sustenance/avoid-showing-off-and-experience-humility/,Setup 301 Redirect to Primary Page and remove duplicate from sitemap
100.0%,https://www.brahmakumaris.com/soul-sustenance/avoid-showing-off-and-experience-humility/,https://www.brahmakumaris.com/soul-sustenance/ss-hindi/sakaratmak-vartman-aur-bhavishya-ke-liye-3-kadam-bhag-2/,Setup 301 Redirect to Primary Page and remove duplicate from sitemap
100.0%,https://www.brahmakumaris.com/soul-sustenance/14th-june-soul-sustenance/,https://www.brahmakumaris.com/soul-sustenance/avoid-showing-off-and-experience-humility/,Setup 301 Redirect to Primary Page and remove duplicate from sitemap
100.0%,https://www.brahmakumaris.com/soul-sustenance/avoid-showing-off-and-experience-humility/,https://www.brahmakumaris.com/soul-sustenance/ss-hindi/traffic-jam-sadak-par-hai-ya-man-mein/,Setup 301 Redirect to Primary Page and remove duplicate from sitemap
100.0%,https://www.brahmakumaris.com/soul-sustenance/avoid-showing-off-and-experience-humility/,https://www.brahmakumaris.com/soul-sustenance/ss-hindi/28th-apr-2023-ssh/,Setup 301 Redirect to Primary Page and remove duplicate from sitemap
100.0%,https://www.brahmakumaris.com/soul-sustenance/12th-oct-soul-sustenance/,https://www.brahmakumaris.com/soul-sustenance/avoid-showing-off-and-experience-humility/,Setup 301 Redirect to Primary Page and remove duplicate from sitemap
100.0%,https://www.brahmakumaris.com/soul-sustenance/avoid-showing-off-and-experience-humility/,https://www.brahmakumaris.com/soul-sustenance/ss-hindi/swasth-rahne-ke-liye-khush-rahein/,Setup 301 Redirect to Primary Page and remove duplicate from sitemap
100.0%,https://www.brahmakumaris.com/soul-sustenance/avoid-showing-off-and-experience-humility/,https://www.brahmakumaris.com/soul-sustenance/ss-hindi/shri-ganesh-chaturthi-ka-mahatav-aur-divyata-bhag-1/,Setup 301 Redirect to Primary Page and remove duplicate from sitemap
100.0%,https://www.brahmakumaris.com/soul-sustenance/avoid-showing-off-and-experience-humility/,https://www.brahmakumaris.com/soul-sustenance/ss-hindi/dusron-ki-parwah-karna-mana-unki-chinta-karna-bhag-1/,Setup 301 Redirect to Primary Page and remove duplicate from sitemap
100.0%,https://www.brahmakumaris.com/soul-sustenance/03rd-sep-soul-sustenance/,https://www.brahmakumaris.com/soul-sustenance/avoid-showing-off-and-experience-humility/,Setup 301 Redirect to Primary Page and remove duplicate from sitemap
100.0%,https://www.brahmakumaris.com/soul-sustenance/avoid-showing-off-and-experience-humility/,https://www.brahmakumaris.com/soul-sustenance/ss-hindi/jo-aap-mante-hein-vahi-paate-hein/,Setup 301 Redirect to Primary Page and remove duplicate from sitemap
100.0%,https://www.brahmakumaris.com/soul-sustenance/avoid-showing-off-and-experience-humility/,https://www.brahmakumaris.com/soul-sustenance/ss-hindi/7th-aug-2023-ssh/,Setup 301 Redirect to Primary Page and remove duplicate from sitemap
100.0%,https://www.brahmakumaris.com/soul-sustenance/avoid-showing-off-and-experience-humility/,https://www.brahmakumaris.com/soul-sustenance/ss-hindi/apne-rishton-ko-khoobsurat-banane-ke-5-tarike-bhag-1/,Setup 301 Redirect to Primary Page and remove duplicate from sitemap
100.0%,https://www.brahmakumaris.com/soul-sustenance/avoid-showing-off-and-experience-humility/,https://www.brahmakumaris.com/soul-sustenance/forgiving-and-forgetting-in-relationships/,Setup 301 Redirect to Primary Page and remove duplicate from sitemap
100.0%,https://www.brahmakumaris.com/soul-sustenance/avoid-showing-off-and-experience-humility/,https://www.brahmakumaris.com/soul-sustenance/ss-hindi/positive-information-se-positive-bhagya-banaein-bhag-1/,Setup 301 Redirect to Primary Page and remove duplicate from sitemap
100.0%,https://www.brahmakumaris.com/soul-sustenance/18th-april-soul-sustenance/,https://www.brahmakumaris.com/soul-sustenance/avoid-showing-off-and-experience-humility/,Setup 301 Redirect to Primary Page and remove duplicate from sitemap
100.0%,https://www.brahmakumaris.com/soul-sustenance/avoid-showing-off-and-experience-humility/,https://www.brahmakumaris.com/soul-sustenance/5-ways-to-experience-peace-in-a-busy-world/,Setup 301 Redirect to Primary Page and remove duplicate from sitemap
100.0%,https://www.brahmakumaris.com/soul-sustenance/making-every-moment-of-the-day-precious/,https://www.brahmakumaris.com/soul-sustenance/avoid-showing-off-and-experience-humility/,Setup 301 Redirect to Primary Page and remove duplicate from sitemap
100.0%,https://www.brahmakumaris.com/soul-sustenance/avoid-showing-off-and-experience-humility/,https://www.brahmakumaris.com/soul-sustenance/during-conflicts-talk-to-people-dont-talk-about-them/,Setup 301 Redirect to Primary Page and remove duplicate from sitemap
100.0%,https://www.brahmakumaris.com/soul-sustenance/overcoming-the-habit-of-worry-part-1/,https://www.brahmakumaris.com/soul-sustenance/avoid-showing-off-and-experience-humility/,Setup 301 Redirect to Primary Page and remove duplicate from sitemap
100.0%,https://www.brahmakumaris.com/soul-sustenance/avoid-showing-off-and-experience-humility/,https://www.brahmakumaris.com/soul-sustenance/creating-a-personality-of-truth-part-3/,Setup 301 Redirect to Primary Page and remove duplicate from sitemap
100.0%,https://www.brahmakumaris.com/soul-sustenance/attention-to-every-karma/,https://www.brahmakumaris.com/soul-sustenance/avoid-showing-off-and-experience-humility/,Setup 301 Redirect to Primary Page and remove duplicate from sitemap
100.0%,https://www.brahmakumaris.com/soul-sustenance/avoid-showing-off-and-experience-humility/,https://www.brahmakumaris.com/soul-sustenance/ss-hindi/brahmakumaris-ka-7-divasiya-course-bhag-2/,Setup 301 Redirect to Primary Page and remove duplicate from sitemap
100.0%,https://www.brahmakumaris.com/soul-sustenance/avoid-showing-off-and-experience-humility/,https://www.brahmakumaris.com/soul-sustenance/creating-a-world-free-from-stress-and-worry-part-1/,Setup 301 Redirect to Primary Page and remove duplicate from sitemap
100.0%,https://www.brahmakumaris.com/soul-sustenance/5-tips-for-overcoming-work-stress/,https://www.brahmakumaris.com/soul-sustenance/avoid-showing-off-and-experience-humility/,Setup 301 Redirect to Primary Page and remove duplicate from sitemap
100.0%,https://www.brahmakumaris.com/soul-sustenance/avoid-showing-off-and-experience-humility/,https://www.brahmakumaris.com/soul-sustenance/ss-hindi/16th-jun-2023-ssh/,Setup 301 Redirect to Primary Page and remove duplicate from sitemap
100.0%,https://www.brahmakumaris.com/soul-sustenance/31st-aug-soul-sustenance/,https://www.brahmakumaris.com/soul-sustenance/avoid-showing-off-and-experience-humility/,Setup 301 Redirect to Primary Page and remove duplicate from sitemap
100.0%,https://www.brahmakumaris.com/soul-sustenance/avoid-showing-off-and-experience-humility/,https://www.brahmakumaris.com/soul-sustenance/5th-aug-2023-ss/,Setup 301 Redirect to Primary Page and remove duplicate from sitemap
100.0%,https://www.brahmakumaris.com/soul-sustenance/avoid-showing-off-and-experience-humility/,https://www.brahmakumaris.com/soul-sustenance/creating-a-world-free-from-stress-and-worry-part-3/,Setup 301 Redirect to Primary Page and remove duplicate from sitemap
100.0%,https://www.brahmakumaris.com/soul-sustenance/avoid-showing-off-and-experience-humility/,https://www.brahmakumaris.com/soul-sustenance/ss-hindi/17th-may-2023-ssh/,Setup 301 Redirect to Primary Page and remove duplicate from sitemap
100.0%,https://www.brahmakumaris.com/soul-sustenance/avoid-showing-off-and-experience-humility/,https://www.brahmakumaris.com/soul-sustenance/ss-hindi/chunautiyon-ke-prati-aabhari-rahein/,Setup 301 Redirect to Primary Page and remove duplicate from sitemap
100.0%,https://www.brahmakumaris.com/soul-sustenance/abstain-from-gossip-and-criticism/,https://www.brahmakumaris.com/soul-sustenance/avoid-showing-off-and-experience-humility/,Setup 301 Redirect to Primary Page and remove duplicate from sitemap
100.0%,https://www.brahmakumaris.com/soul-sustenance/avoid-showing-off-and-experience-humility/,https://www.brahmakumaris.com/soul-sustenance/understanding-gods-beauty-and-experiencing-it/,Setup 301 Redirect to Primary Page and remove duplicate from sitemap
100.0%,https://www.brahmakumaris.com/soul-sustenance/avoid-showing-off-and-experience-humility/,https://www.brahmakumaris.com/soul-sustenance/27th-jul-2023-ss/,Setup 301 Redirect to Primary Page and remove duplicate from sitemap
100.0%,https://www.brahmakumaris.com/soul-sustenance/avoid-showing-off-and-experience-humility/,https://www.brahmakumaris.com/soul-sustenance/newness-at-every-step-part-2/,Setup 301 Redirect to Primary Page and remove duplicate from sitemap
100.0%,https://www.brahmakumaris.com/soul-sustenance/avoid-showing-off-and-experience-humility/,https://www.brahmakumaris.com/soul-sustenance/ss-hindi/dusron-ke-dard-ko-aatmsaat-na-karein-khushiyan-feilayein/,Setup 301 Redirect to Primary Page and remove duplicate from sitemap
100.0%,https://www.brahmakumaris.com/soul-sustenance/avoid-showing-off-and-experience-humility/,https://www.brahmakumaris.com/soul-sustenance/11th-may-2023-ss/,Setup 301 Redirect to Primary Page and remove duplicate from sitemap
100.0%,https://www.brahmakumaris.com/soul-sustenance/avoid-showing-off-and-experience-humility/,https://www.brahmakumaris.com/soul-sustenance/balancing-soul-power-and-role-power-for-success-part-1/,Setup 301 Redirect to Primary Page and remove duplicate from sitemap
100.0%,https://www.brahmakumaris.com/soul-sustenance/avoid-showing-off-and-experience-humility/,https://www.brahmakumaris.com/soul-sustenance/ss-hindi/14th-mar-2023-ssh/,Setup 301 Redirect to Primary Page and remove duplicate from sitemap
100.0%,https://www.brahmakumaris.com/soul-sustenance/03rd-oct-soul-sustenance/,https://www.brahmakumaris.com/soul-sustenance/avoid-showing-off-and-experience-humility/,Setup 301 Redirect to Primary Page and remove duplicate from sitemap
100.0%,https://www.brahmakumaris.com/soul-sustenance/17th-march-soul-sustenance/,https://www.brahmakumaris.com/soul-sustenance/avoid-showing-off-and-experience-humility/,Setup 301 Redirect to Primary Page and remove duplicate from sitemap
100.0%,https://www.brahmakumaris.com/soul-sustenance/avoid-showing-off-and-experience-humility/,https://www.brahmakumaris.com/soul-sustenance/checking-the-different-filters-in-your-life/,Setup 301 Redirect to Primary Page and remove duplicate from sitemap
100.0%,https://www.brahmakumaris.com/soul-sustenance/ss-hindi/nirnay-lene-ki-kshamata/,https://www.brahmakumaris.com/soul-sustenance/avoid-showing-off-and-experience-humility/,Setup 301 Redirect to Primary Page and remove duplicate from sitemap
100.0%,https://www.brahmakumaris.com/soul-sustenance/avoid-showing-off-and-experience-humility/,https://www.brahmakumaris.com/soul-sustenance/burning-the-inner-ravan-and-experiencing-freedom-part-1/,Setup 301 Redirect to Primary Page and remove duplicate from sitemap
100.0%,https://www.brahmakumaris.com/soul-sustenance/avoid-showing-off-and-experience-humility/,https://www.brahmakumaris.com/soul-sustenance/ss-hindi/14th-may-2023-ssh/,Setup 301 Redirect to Primary Page and remove duplicate from sitemap
100.0%,https://www.brahmakumaris.com/soul-sustenance/avoid-showing-off-and-experience-humility/,https://www.brahmakumaris.com/soul-sustenance/ss-hindi/ganesh-chaturthi-ka-aadhyatamik-mahatav-bhag-2/,Setup 301 Redirect to Primary Page and remove duplicate from sitemap
100.0%,https://www.brahmakumaris.com/soul-sustenance/avoid-showing-off-and-experience-humility/,https://www.brahmakumaris.com/soul-sustenance/ss-hindi/iss-diwali-divyata-ka-deep-jalaein-bhag-2/,Setup 301 Redirect to Primary Page and remove duplicate from sitemap
100.0%,https://www.brahmakumaris.com/soul-sustenance/dont-label-yourself-negatively/,https://www.brahmakumaris.com/soul-sustenance/avoid-showing-off-and-experience-humility/,Setup 301 Redirect to Primary Page and remove duplicate from sitemap
100.0%,https://www.brahmakumaris.com/soul-sustenance/dont-label-people-give-respect/,https://www.brahmakumaris.com/soul-sustenance/avoid-showing-off-and-experience-humility/,Setup 301 Redirect to Primary Page and remove duplicate from sitemap
100.0%,https://www.brahmakumaris.com/soul-sustenance/28th-nov-soul-sustenance/,https://www.brahmakumaris.com/soul-sustenance/avoid-showing-off-and-experience-humility/,Setup 301 Redirect to Primary Page and remove duplicate from sitemap
100.0%,https://www.brahmakumaris.com/soul-sustenance/10-steps-to-a-positive-lifestyle-part-1/,https://www.brahmakumaris.com/soul-sustenance/avoid-showing-off-and-experience-humility/,Setup 301 Redirect to Primary Page and remove duplicate from sitemap
100.0%,https://www.brahmakumaris.com/soul-sustenance/avoid-showing-off-and-experience-humility/,https://www.brahmakumaris.com/soul-sustenance/ss-hindi/apne-jeevan-ke-pratyek-pal-mein-khushiyan-laane-ke-5-tarike/,Setup 301 Redirect to Primary Page and remove duplicate from sitemap
100.0%,https://www.brahmakumaris.com/soul-sustenance/avoid-showing-off-and-experience-humility/,https://www.brahmakumaris.com/soul-sustenance/positive-thought-based-living-part-2/,Setup 301 Redirect to Primary Page and remove duplicate from sitemap
100.0%,https://www.brahmakumaris.com/soul-sustenance/avoid-showing-off-and-experience-humility/,https://www.brahmakumaris.com/soul-sustenance/ss-hindi/28th-jul-2023-ssh/,Setup 301 Redirect to Primary Page and remove duplicate from sitemap
100.0%,https://www.brahmakumaris.com/soul-sustenance/avoid-showing-off-and-experience-humility/,https://www.brahmakumaris.com/soul-sustenance/overcoming-worry-about-what-others-think-of-you-part-1/,Setup 301 Redirect to Primary Page and remove duplicate from sitemap
100.0%,https://www.brahmakumaris.com/soul-sustenance/avoid-showing-off-and-experience-humility/,https://www.brahmakumaris.com/soul-sustenance/30th-aug-2023-ss/,Setup 301 Redirect to Primary Page and remove duplicate from sitemap
100.0%,https://www.brahmakumaris.com/soul-sustenance/1st-march-soul-sustenance/,https://www.brahmakumaris.com/soul-sustenance/avoid-showing-off-and-experience-humility/,Setup 301 Redirect to Primary Page and remove duplicate from sitemap
100.0%,https://www.brahmakumaris.com/soul-sustenance/avoid-showing-off-and-experience-humility/,https://www.brahmakumaris.com/soul-sustenance/21st-jan-2023-ss/,Setup 301 Redirect to Primary Page and remove duplicate from sitemap
100.0%,https://www.brahmakumaris.com/soul-sustenance/make-yourself-more-creative-everyday/,https://www.brahmakumaris.com/soul-sustenance/avoid-showing-off-and-experience-humility/,Setup 301 Redirect to Primary Page and remove duplicate from sitemap
100.0%,https://www.brahmakumaris.com/soul-sustenance/avoid-showing-off-and-experience-humility/,https://www.brahmakumaris.com/soul-sustenance/ss-hindi/17th-jun-2023-ssh/,Setup 301 Redirect to Primary Page and remove duplicate from sitemap
100.0%,https://www.brahmakumaris.com/soul-sustenance/avoid-showing-off-and-experience-humility/,https://www.brahmakumaris.com/soul-sustenance/ss-hindi/23rd-apr-2023-ssh/,Setup 301 Redirect to Primary Page and remove duplicate from sitemap
100.0%,https://www.brahmakumaris.com/soul-sustenance/19th-march-soul-sustenance/,https://www.brahmakumaris.com/soul-sustenance/avoid-showing-off-and-experience-humility/,Setup 301 Redirect to Primary Page and remove duplicate from sitemap
100.0%,https://www.brahmakumaris.com/soul-sustenance/avoid-showing-off-and-experience-humility/,https://www.brahmakumaris.com/soul-sustenance/05th-jan-2023-ss/,Setup 301 Redirect to Primary Page and remove duplicate from sitemap
100.0%,https://www.brahmakumaris.com/soul-sustenance/avoid-showing-off-and-experience-humility/,https://www.brahmakumaris.com/soul-sustenance/experiencing-and-radiating-happiness-to-others-part-3/,Setup 301 Redirect to Primary Page and remove duplicate from sitemap
100.0%,https://www.brahmakumaris.com/soul-sustenance/avoid-showing-off-and-experience-humility/,https://www.brahmakumaris.com/soul-sustenance/ss-hindi/4th-jul-2023-ssh/,Setup 301 Redirect to Primary Page and remove duplicate from sitemap
100.0%,https://www.brahmakumaris.com/soul-sustenance/avoid-showing-off-and-experience-humility/,https://www.brahmakumaris.com/soul-sustenance/ss-hindi/kya-prem-aur-dard-sath-sath-chalte-hein-bhag-3/,Setup 301 Redirect to Primary Page and remove duplicate from sitemap
100.0%,https://www.brahmakumaris.com/soul-sustenance/avoid-showing-off-and-experience-humility/,https://www.brahmakumaris.com/soul-sustenance/ss-hindi/parmatma-ke-trustee-kaise-banein-bhag-2/,Setup 301 Redirect to Primary Page and remove duplicate from sitemap
100.0%,https://www.brahmakumaris.com/soul-sustenance/avoid-showing-off-and-experience-humility/,https://www.brahmakumaris.com/soul-sustenance/ss-hindi/karm-karte-hue-aatmik-sthiti-mei-rahne-ka-abhyas-part-3/,Setup 301 Redirect to Primary Page and remove duplicate from sitemap
100.0%,https://www.brahmakumaris.com/soul-sustenance/avoid-showing-off-and-experience-humility/,https://www.brahmakumaris.com/soul-sustenance/becoming-a-perfect-angel-in-5-easy-steps-part-2/,Setup 301 Redirect to Primary Page and remove duplicate from sitemap
100.0%,https://www.brahmakumaris.com/soul-sustenance/avoid-showing-off-and-experience-humility/,https://www.brahmakumaris.com/soul-sustenance/ss-hindi/jaldbazi-se-mukt-rahne-ke-5-tips/,Setup 301 Redirect to Primary Page and remove duplicate from sitemap
100.0%,https://www.brahmakumaris.com/soul-sustenance/20th-march-soul-sustenance/,https://www.brahmakumaris.com/soul-sustenance/avoid-showing-off-and-experience-humility/,Setup 301 Redirect to Primary Page and remove duplicate from sitemap
100.0%,https://www.brahmakumaris.com/soul-sustenance/avoid-showing-off-and-experience-humility/,https://www.brahmakumaris.com/soul-sustenance/ss-hindi/sahi-tarike-se-karya-karne-ka-chunav-karien-bhag-2/,Setup 301 Redirect to Primary Page and remove duplicate from sitemap
100.0%,https://www.brahmakumaris.com/soul-sustenance/avoid-showing-off-and-experience-humility/,https://www.brahmakumaris.com/soul-sustenance/ss-hindi/4th-aug-2023-ssh/,Setup 301 Redirect to Primary Page and remove duplicate from sitemap
100.0%,https://www.brahmakumaris.com/soul-sustenance/avoid-showing-off-and-experience-humility/,https://www.brahmakumaris.com/soul-sustenance/the-cycle-of-karmic-connections-part-2/,Setup 301 Redirect to Primary Page and remove duplicate from sitemap
100.0%,https://www.brahmakumaris.com/soul-sustenance/avoid-showing-off-and-experience-humility/,https://www.brahmakumaris.com/soul-sustenance/purifying-food-water-and-air-for-good-health-part-1/,Setup 301 Redirect to Primary Page and remove duplicate from sitemap
100.0%,https://www.brahmakumaris.com/soul-sustenance/avoid-showing-off-and-experience-humility/,https://www.brahmakumaris.com/soul-sustenance/ss-hindi/5th-jun-2023-ssh/,Setup 301 Redirect to Primary Page and remove duplicate from sitemap
100.0%,https://www.brahmakumaris.com/soul-sustenance/avoid-showing-off-and-experience-humility/,https://www.brahmakumaris.com/soul-sustenance/ss-hindi/khushi-se-sambandhit-3-galat-manytaayein-aur-sachchai-bhag-2-2/,Setup 301 Redirect to Primary Page and remove duplicate from sitemap
100.0%,https://www.brahmakumaris.com/soul-sustenance/avoid-showing-off-and-experience-humility/,https://www.brahmakumaris.com/soul-sustenance/ss-hindi/khush-rehkar-hi-khushiyan-baantien-ja-sakti-hein/,Setup 301 Redirect to Primary Page and remove duplicate from sitemap
100.0%,https://www.brahmakumaris.com/soul-sustenance/avoid-showing-off-and-experience-humility/,https://www.brahmakumaris.com/soul-sustenance/ss-hindi/parmatma-ko-soul-world-mei-experience-aur-visuvalise-karna/,Setup 301 Redirect to Primary Page and remove duplicate from sitemap
100.0%,https://www.brahmakumaris.com/soul-sustenance/celebrating-in-dependence/,https://www.brahmakumaris.com/soul-sustenance/avoid-showing-off-and-experience-humility/,Setup 301 Redirect to Primary Page and remove duplicate from sitemap
100.0%,https://www.brahmakumaris.com/soul-sustenance/avoid-showing-off-and-experience-humility/,https://www.brahmakumaris.com/soul-sustenance/11th-apr-2023-ss/,Setup 301 Redirect to Primary Page and remove duplicate from sitemap
100.0%,https://www.brahmakumaris.com/soul-sustenance/avoid-showing-off-and-experience-humility/,https://www.brahmakumaris.com/soul-sustenance/ss-hindi/27th-feb-2023-ssh/,Setup 301 Redirect to Primary Page and remove duplicate from sitemap
100.0%,https://www.brahmakumaris.com/soul-sustenance/avoid-showing-off-and-experience-humility/,https://www.brahmakumaris.com/soul-sustenance/ss-hindi/14th-jul-2023-ssh/,Setup 301 Redirect to Primary Page and remove duplicate from sitemap
100.0%,https://www.brahmakumaris.com/soul-sustenance/05th-may-soul-sustenance/,https://www.brahmakumaris.com/soul-sustenance/avoid-showing-off-and-experience-humility/,Setup 301 Redirect to Primary Page and remove duplicate from sitemap
100.0%,https://www.brahmakumaris.com/soul-sustenance/its-the-final-moments-of-the-world-drama/,https://www.brahmakumaris.com/soul-sustenance/avoid-showing-off-and-experience-humility/,Setup 301 Redirect to Primary Page and remove duplicate from sitemap
100.0%,https://www.brahmakumaris.com/soul-sustenance/avoid-showing-off-and-experience-humility/,https://www.brahmakumaris.com/soul-sustenance/ss-hindi/swayam-par-nakaratmak-label-na-lagayen/,Setup 301 Redirect to Primary Page and remove duplicate from sitemap
100.0%,https://www.brahmakumaris.com/soul-sustenance/avoid-showing-off-and-experience-humility/,https://www.brahmakumaris.com/soul-sustenance/ss-hindi/8th-mar-2023-ssh/,Setup 301 Redirect to Primary Page and remove duplicate from sitemap
100.0%,https://www.brahmakumaris.com/soul-sustenance/11th-may-soul-sustenance/,https://www.brahmakumaris.com/soul-sustenance/avoid-showing-off-and-experience-humility/,Setup 301 Redirect to Primary Page and remove duplicate from sitemap
100.0%,https://www.brahmakumaris.com/soul-sustenance/avoid-showing-off-and-experience-humility/,https://www.brahmakumaris.com/soul-sustenance/ss-hindi/dos-and-donts-of-meditation-part-2/,Setup 301 Redirect to Primary Page and remove duplicate from sitemap
100.0%,https://www.brahmakumaris.com/soul-sustenance/avoid-showing-off-and-experience-humility/,https://www.brahmakumaris.com/soul-sustenance/realizing-and-experiencing-the-i-inside-part-3/,Setup 301 Redirect to Primary Page and remove duplicate from sitemap
100.0%,https://www.brahmakumaris.com/soul-sustenance/25th-aug-soul-sustenance/,https://www.brahmakumaris.com/soul-sustenance/avoid-showing-off-and-experience-humility/,Setup 301 Redirect to Primary Page and remove duplicate from sitemap
100.0%,https://www.brahmakumaris.com/soul-sustenance/creating-a-good-work-life-balance/,https://www.brahmakumaris.com/soul-sustenance/avoid-showing-off-and-experience-humility/,Setup 301 Redirect to Primary Page and remove duplicate from sitemap
100.0%,https://www.brahmakumaris.com/soul-sustenance/avoid-showing-off-and-experience-humility/,https://www.brahmakumaris.com/soul-sustenance/8-keys-to-success-for-facing-exams-part-2/,Setup 301 Redirect to Primary Page and remove duplicate from sitemap
100.0%,https://www.brahmakumaris.com/soul-sustenance/dealing-with-impatience/,https://www.brahmakumaris.com/soul-sustenance/avoid-showing-off-and-experience-humility/,Setup 301 Redirect to Primary Page and remove duplicate from sitemap
100.0%,https://www.brahmakumaris.com/soul-sustenance/avoid-showing-off-and-experience-humility/,https://www.brahmakumaris.com/soul-sustenance/ss-hindi/jab-hum-badlenge-tab-dusre-log-bhi-badlenge-bhag-1/,Setup 301 Redirect to Primary Page and remove duplicate from sitemap
100.0%,https://www.brahmakumaris.com/soul-sustenance/avoid-showing-off-and-experience-humility/,https://www.brahmakumaris.com/soul-sustenance/ss-hindi/29th-mar-2023-ssh/,Setup 301 Redirect to Primary Page and remove duplicate from sitemap
100.0%,https://www.brahmakumaris.com/soul-sustenance/avoid-showing-off-and-experience-humility/,https://www.brahmakumaris.com/soul-sustenance/02nd-jan-2023-ss/,Setup 301 Redirect to Primary Page and remove duplicate from sitemap
100.0%,https://www.brahmakumaris.com/soul-sustenance/eating-less-and-eating-slowly/,https://www.brahmakumaris.com/soul-sustenance/avoid-showing-off-and-experience-humility/,Setup 301 Redirect to Primary Page and remove duplicate from sitemap
100.0%,https://www.brahmakumaris.com/soul-sustenance/avoid-showing-off-and-experience-humility/,https://www.brahmakumaris.com/soul-sustenance/10-pearls-of-meditation-part-2/,Setup 301 Redirect to Primary Page and remove duplicate from sitemap
100.0%,https://www.brahmakumaris.com/soul-sustenance/avoid-showing-off-and-experience-humility/,https://www.brahmakumaris.com/soul-sustenance/ss-hindi/sada-khush-rahne-ke-liye-swayam-se-ishwar-se-aur-dusron-se-prem-%e0%a4%95%e0%a4%b0-bhag-1/,Setup 301 Redirect to Primary Page and remove duplicate from sitemap
100.0%,https://www.brahmakumaris.com/soul-sustenance/avoid-showing-off-and-experience-humility/,https://www.brahmakumaris.com/soul-sustenance/ss-hindi/3rd-mar-2023-ssh/,Setup 301 Redirect to Primary Page and remove duplicate from sitemap
100.0%,https://www.brahmakumaris.com/soul-sustenance/avoid-showing-off-and-experience-humility/,https://www.brahmakumaris.com/soul-sustenance/stop-running-the-race-enjoy-the-present-moment-part-2/,Setup 301 Redirect to Primary Page and remove duplicate from sitemap
100.0%,https://www.brahmakumaris.com/soul-sustenance/avoid-showing-off-and-experience-humility/,https://www.brahmakumaris.com/soul-sustenance/8th-apr-2023-ss/,Setup 301 Redirect to Primary Page and remove duplicate from sitemap
100.0%,https://www.brahmakumaris.com/soul-sustenance/avoid-showing-off-and-experience-humility/,https://www.brahmakumaris.com/soul-sustenance/ss-hindi/kya-aap-sach-mein-swayn-ko-badalna-chahte-hein/,Setup 301 Redirect to Primary Page and remove duplicate from sitemap
100.0%,https://www.brahmakumaris.com/soul-sustenance/avoid-showing-off-and-experience-humility/,https://www.brahmakumaris.com/soul-sustenance/ss-hindi/5-points-se-jeevan-ko-atma-samman-se-bharein-bhag-3/,Setup 301 Redirect to Primary Page and remove duplicate from sitemap
100.0%,https://www.brahmakumaris.com/soul-sustenance/avoid-showing-off-and-experience-humility/,https://www.brahmakumaris.com/soul-sustenance/ss-hindi/%e0%a4%9a%e0%a4%bf%e0%a4%82%e0%a4%a4%e0%a4%be-%e0%a4%95%e0%a4%b0%e0%a4%a8%e0%a5%87-%e0%a4%95%e0%a5%80-%e0%a4%86%e0%a4%a6%e0%a4%a4-%e0%a4%95%e0%a5%8b-%e0%a4%93%e0%a4%b5%e0%a4%b0%e0%a4%95%e0%a4%ae/,Setup 301 Redirect to Primary Page and remove duplicate from sitemap
100.0%,https://www.brahmakumaris.com/soul-sustenance/stop-doubting-people-start-trusting-them/,https://www.brahmakumaris.com/soul-sustenance/avoid-showing-off-and-experience-humility/,Setup 301 Redirect to Primary Page and remove duplicate from sitemap
100.0%,https://www.brahmakumaris.com/soul-sustenance/avoid-showing-off-and-experience-humility/,https://www.brahmakumaris.com/soul-sustenance/ss-hindi/aantarik-sundarta-inner-beauty-ke-teen-darpan-bhag-1/,Setup 301 Redirect to Primary Page and remove duplicate from sitemap
100.0%,https://www.brahmakumaris.com/soul-sustenance/avoid-showing-off-and-experience-humility/,https://www.brahmakumaris.com/soul-sustenance/ss-hindi/logon-se-aamane-samane-milein-naki-online/,Setup 301 Redirect to Primary Page and remove duplicate from sitemap
100.0%,https://www.brahmakumaris.com/soul-sustenance/avoid-showing-off-and-experience-humility/,https://www.brahmakumaris.com/soul-sustenance/ss-hindi/santushtata-ka-gun-radiate-karein/,Setup 301 Redirect to Primary Page and remove duplicate from sitemap
100.0%,https://www.brahmakumaris.com/soul-sustenance/break-free-of-approval-addiction/,https://www.brahmakumaris.com/soul-sustenance/avoid-showing-off-and-experience-humility/,Setup 301 Redirect to Primary Page and remove duplicate from sitemap
100.0%,https://www.brahmakumaris.com/soul-sustenance/14th-nov-soul-sustenance/,https://www.brahmakumaris.com/soul-sustenance/avoid-showing-off-and-experience-humility/,Setup 301 Redirect to Primary Page and remove duplicate from sitemap
100.0%,https://www.brahmakumaris.com/soul-sustenance/basic-principles-of-true-success/,https://www.brahmakumaris.com/soul-sustenance/avoid-showing-off-and-experience-humility/,Setup 301 Redirect to Primary Page and remove duplicate from sitemap
100.0%,https://www.brahmakumaris.com/soul-sustenance/avoid-showing-off-and-experience-humility/,https://www.brahmakumaris.com/soul-sustenance/ss-hindi/18th-mar-2023-ssh/,Setup 301 Redirect to Primary Page and remove duplicate from sitemap
100.0%,https://www.brahmakumaris.com/soul-sustenance/avoid-showing-off-and-experience-humility/,https://www.brahmakumaris.com/soul-sustenance/ss-hindi/niswarth-prem-sundar-sambandhon-ki-chabhi-hei-bhag-1/,Setup 301 Redirect to Primary Page and remove duplicate from sitemap
100.0%,https://www.brahmakumaris.com/soul-sustenance/avoid-showing-off-and-experience-humility/,https://www.brahmakumaris.com/soul-sustenance/5-beautiful-aspects-of-success-part-2/,Setup 301 Redirect to Primary Page and remove duplicate from sitemap
100.0%,https://www.brahmakumaris.com/soul-sustenance/avoid-showing-off-and-experience-humility/,https://www.brahmakumaris.com/soul-sustenance/the-divinity-and-spirituality-of-ganesh-chaturthi-part-1/,Setup 301 Redirect to Primary Page and remove duplicate from sitemap
100.0%,https://www.brahmakumaris.com/soul-sustenance/avoid-showing-off-and-experience-humility/,https://www.brahmakumaris.com/soul-sustenance/create-a-sacred-space-at-home-for-inner-peace-and-bliss/,Setup 301 Redirect to Primary Page and remove duplicate from sitemap
100.0%,https://www.brahmakumaris.com/soul-sustenance/avoid-showing-off-and-experience-humility/,https://www.brahmakumaris.com/soul-sustenance/4th-jun-2023-ss/,Setup 301 Redirect to Primary Page and remove duplicate from sitemap
100.0%,https://www.brahmakumaris.com/soul-sustenance/01st-dec-soul-sustenance/,https://www.brahmakumaris.com/soul-sustenance/avoid-showing-off-and-experience-humility/,Setup 301 Redirect to Primary Page and remove duplicate from sitemap
100.0%,https://www.brahmakumaris.com/soul-sustenance/respect-and-regard-are-they-different/,https://www.brahmakumaris.com/soul-sustenance/avoid-showing-off-and-experience-humility/,Setup 301 Redirect to Primary Page and remove duplicate from sitemap
100.0%,https://www.brahmakumaris.com/soul-sustenance/avoid-showing-off-and-experience-humility/,https://www.brahmakumaris.com/soul-sustenance/how-to-resolve-conflicts-in-relationships-part-2/,Setup 301 Redirect to Primary Page and remove duplicate from sitemap
100.0%,https://www.brahmakumaris.com/soul-sustenance/ss-hindi/log-kya-kahenge/,https://www.brahmakumaris.com/soul-sustenance/avoid-showing-off-and-experience-humility/,Setup 301 Redirect to Primary Page and remove duplicate from sitemap
100.0%,https://www.brahmakumaris.com/soul-sustenance/avoid-showing-off-and-experience-humility/,https://www.brahmakumaris.com/soul-sustenance/ss-hindi/aadhytmikta-dwara-apne-man-aur-tan-ko-sanwarien-bhag-1/,Setup 301 Redirect to Primary Page and remove duplicate from sitemap
100.0%,https://www.brahmakumaris.com/soul-sustenance/avoid-showing-off-and-experience-humility/,https://www.brahmakumaris.com/soul-sustenance/accept-with-ease-and-remain-free-from-expectations/,Setup 301 Redirect to Primary Page and remove duplicate from sitemap
100.0%,https://www.brahmakumaris.com/soul-sustenance/avoid-showing-off-and-experience-humility/,https://www.brahmakumaris.com/soul-sustenance/ss-hindi/31st-may-2023-ssh/,Setup 301 Redirect to Primary Page and remove duplicate from sitemap
100.0%,https://www.brahmakumaris.com/soul-sustenance/avoid-showing-off-and-experience-humility/,https://www.brahmakumaris.com/soul-sustenance/how-do-our-thoughts-create-our-destiny-part-2/,Setup 301 Redirect to Primary Page and remove duplicate from sitemap
100.0%,https://www.brahmakumaris.com/soul-sustenance/how-does-god-purify-the-world-part-1/,https://www.brahmakumaris.com/soul-sustenance/avoid-showing-off-and-experience-humility/,Setup 301 Redirect to Primary Page and remove duplicate from sitemap
100.0%,https://www.brahmakumaris.com/soul-sustenance/avoid-showing-off-and-experience-humility/,https://www.brahmakumaris.com/soul-sustenance/ss-hindi/24th-apr-2023-ssh/,Setup 301 Redirect to Primary Page and remove duplicate from sitemap
100.0%,https://www.brahmakumaris.com/soul-sustenance/avoid-showing-off-and-experience-humility/,https://www.brahmakumaris.com/soul-sustenance/ss-hindi/jeevan-mein-safalta-paane-ke-liye-swayein-ko-motivate-karein-bhag-1/,Setup 301 Redirect to Primary Page and remove duplicate from sitemap
100.0%,https://www.brahmakumaris.com/soul-sustenance/avoid-showing-off-and-experience-humility/,https://www.brahmakumaris.com/soul-sustenance/ss-hindi/niswarth-prem-sundar-sambandhon-ki-chabhi-hei-bhag-5/,Setup 301 Redirect to Primary Page and remove duplicate from sitemap
100.0%,https://www.brahmakumaris.com/soul-sustenance/avoid-showing-off-and-experience-humility/,https://www.brahmakumaris.com/soul-sustenance/the-three-mirrors-for-inner-beauty-part-2/,Setup 301 Redirect to Primary Page and remove duplicate from sitemap
100.0%,https://www.brahmakumaris.com/soul-sustenance/11th-june-soul-sustenance/,https://www.brahmakumaris.com/soul-sustenance/avoid-showing-off-and-experience-humility/,Setup 301 Redirect to Primary Page and remove duplicate from sitemap
100.0%,https://www.brahmakumaris.com/soul-sustenance/avoid-showing-off-and-experience-humility/,https://www.brahmakumaris.com/soul-sustenance/learning-to-be-at-peace-with-time-part-3/,Setup 301 Redirect to Primary Page and remove duplicate from sitemap
100.0%,https://www.brahmakumaris.com/soul-sustenance/ss-hindi/parmatma-saath-ke-labh-4/,https://www.brahmakumaris.com/soul-sustenance/avoid-showing-off-and-experience-humility/,Setup 301 Redirect to Primary Page and remove duplicate from sitemap
100.0%,https://www.brahmakumaris.com/soul-sustenance/avoid-showing-off-and-experience-humility/,https://www.brahmakumaris.com/soul-sustenance/the-key-to-beautiful-relationships-unconditional-love-part-4-2/,Setup 301 Redirect to Primary Page and remove duplicate from sitemap
100.0%,https://www.brahmakumaris.com/soul-sustenance/avoid-showing-off-and-experience-humility/,https://www.brahmakumaris.com/soul-sustenance/a-healthy-emotional-diet-for-the-mind-part-2/,Setup 301 Redirect to Primary Page and remove duplicate from sitemap
100.0%,https://www.brahmakumaris.com/soul-sustenance/avoid-showing-off-and-experience-humility/,https://www.brahmakumaris.com/soul-sustenance/ss-hindi/shaanti-ke-gun-ko-pahchanna-aur-anubhav-karna-bhag-2/,Setup 301 Redirect to Primary Page and remove duplicate from sitemap
100.0%,https://www.brahmakumaris.com/soul-sustenance/avoid-showing-off-and-experience-humility/,https://www.brahmakumaris.com/soul-sustenance/ss-hindi/sampurna-farishta-banne-ke-paanch-saral-kadam-part-2/,Setup 301 Redirect to Primary Page and remove duplicate from sitemap
100.0%,https://www.brahmakumaris.com/soul-sustenance/avoid-showing-off-and-experience-humility/,https://www.brahmakumaris.com/soul-sustenance/ss-hindi/krodh-par-kabu-paane-ke-5-safal-steps-bhag-1/,Setup 301 Redirect to Primary Page and remove duplicate from sitemap
100.0%,https://www.brahmakumaris.com/soul-sustenance/avoid-showing-off-and-experience-humility/,https://www.brahmakumaris.com/soul-sustenance/29th-jan-2023-ss/,Setup 301 Redirect to Primary Page and remove duplicate from sitemap
100.0%,https://www.brahmakumaris.com/soul-sustenance/06th-june-soul-sustenance/,https://www.brahmakumaris.com/soul-sustenance/avoid-showing-off-and-experience-humility/,Setup 301 Redirect to Primary Page and remove duplicate from sitemap
100.0%,https://www.brahmakumaris.com/soul-sustenance/avoid-showing-off-and-experience-humility/,https://www.brahmakumaris.com/soul-sustenance/realizing-the-soul-and-how-it-works-part-1/,Setup 301 Redirect to Primary Page and remove duplicate from sitemap
100.0%,https://www.brahmakumaris.com/soul-sustenance/avoid-showing-off-and-experience-humility/,https://www.brahmakumaris.com/soul-sustenance/ss-hindi/logon-par-shak-na-karein-balki-bharosha-karein/,Setup 301 Redirect to Primary Page and remove duplicate from sitemap
100.0%,https://www.brahmakumaris.com/soul-sustenance/24th-march-soul-sustenance/,https://www.brahmakumaris.com/soul-sustenance/avoid-showing-off-and-experience-humility/,Setup 301 Redirect to Primary Page and remove duplicate from sitemap
100.0%,https://www.brahmakumaris.com/soul-sustenance/avoid-showing-off-and-experience-humility/,https://www.brahmakumaris.com/soul-sustenance/ss-hindi/rishton-mei-thought-energy-ka-mahatav-bhag-2/,Setup 301 Redirect to Primary Page and remove duplicate from sitemap
100.0%,https://www.brahmakumaris.com/soul-sustenance/avoid-showing-off-and-experience-humility/,https://www.brahmakumaris.com/soul-sustenance/ss-hindi/achche-swasthya-ke-liye-jaruri-shudhdh-khan-paan-aur-hawa-bhag-1/,Setup 301 Redirect to Primary Page and remove duplicate from sitemap
100.0%,https://www.brahmakumaris.com/soul-sustenance/avoid-showing-off-and-experience-humility/,https://www.brahmakumaris.com/soul-sustenance/30th-dec-2022-ss/,Setup 301 Redirect to Primary Page and remove duplicate from sitemap
100.0%,https://www.brahmakumaris.com/soul-sustenance/avoid-showing-off-and-experience-humility/,https://www.brahmakumaris.com/soul-sustenance/29th-aug-2023-ss/,Setup 301 Redirect to Primary Page and remove duplicate from sitemap
100.0%,https://www.brahmakumaris.com/soul-sustenance/avoid-showing-off-and-experience-humility/,https://www.brahmakumaris.com/soul-sustenance/ss-hindi/pyaar-ko-ummedon-ki-paribhasha-na-banaein-2/,Setup 301 Redirect to Primary Page and remove duplicate from sitemap
100.0%,https://www.brahmakumaris.com/soul-sustenance/avoid-showing-off-and-experience-humility/,https://www.brahmakumaris.com/soul-sustenance/ss-hindi/logon-se-har-din-ek-nayi-soch-ke-sath-milein/,Setup 301 Redirect to Primary Page and remove duplicate from sitemap
100.0%,https://www.brahmakumaris.com/soul-sustenance/avoid-showing-off-and-experience-humility/,https://www.brahmakumaris.com/soul-sustenance/5-benefits-of-experiencing-god-with-us-part-3/,Setup 301 Redirect to Primary Page and remove duplicate from sitemap
100.0%,https://www.brahmakumaris.com/soul-sustenance/stand-back-observe-and-steer/,https://www.brahmakumaris.com/soul-sustenance/avoid-showing-off-and-experience-humility/,Setup 301 Redirect to Primary Page and remove duplicate from sitemap
100.0%,https://www.brahmakumaris.com/soul-sustenance/avoid-showing-off-and-experience-humility/,https://www.brahmakumaris.com/soul-sustenance/ss-hindi/khushi-se-galati-manyataayein-part1/,Setup 301 Redirect to Primary Page and remove duplicate from sitemap
100.0%,https://www.brahmakumaris.com/soul-sustenance/avoid-showing-off-and-experience-humility/,https://www.brahmakumaris.com/soul-sustenance/ss-hindi/achche-swasthya-ke-liye-jaruri-shudhdh-khan-paan-aur-hawa-bhag-3/,Setup 301 Redirect to Primary Page and remove duplicate from sitemap
100.0%,https://www.brahmakumaris.com/soul-sustenance/avoid-showing-off-and-experience-humility/,https://www.brahmakumaris.com/soul-sustenance/the-importance-of-thought-energy-in-relationships-part-3/,Setup 301 Redirect to Primary Page and remove duplicate from sitemap
100.0%,https://www.brahmakumaris.com/soul-sustenance/avoid-showing-off-and-experience-humility/,https://www.brahmakumaris.com/soul-sustenance/ss-hindi/mansik-thakavat-se-bachne-ke-5-sujhav-bhag-1/,Setup 301 Redirect to Primary Page and remove duplicate from sitemap
100.0%,https://www.brahmakumaris.com/soul-sustenance/avoid-showing-off-and-experience-humility/,https://www.brahmakumaris.com/soul-sustenance/ss-hindi/aadhyatmikta-se-jeevan-ke-har-keshtra-mein-safalta-payein/,Setup 301 Redirect to Primary Page and remove duplicate from sitemap
100.0%,https://www.brahmakumaris.com/soul-sustenance/avoid-showing-off-and-experience-humility/,https://www.brahmakumaris.com/soul-sustenance/god-as-the-supreme-father-teacher-and-guru/,Setup 301 Redirect to Primary Page and remove duplicate from sitemap
100.0%,https://www.brahmakumaris.com/soul-sustenance/avoid-showing-off-and-experience-humility/,https://www.brahmakumaris.com/soul-sustenance/replacing-negative-labels-given-to-the-self/,Setup 301 Redirect to Primary Page and remove duplicate from sitemap
100.0%,https://www.brahmakumaris.com/soul-sustenance/avoid-showing-off-and-experience-humility/,https://www.brahmakumaris.com/soul-sustenance/11th-aug-2023-ss/,Setup 301 Redirect to Primary Page and remove duplicate from sitemap
100.0%,https://www.brahmakumaris.com/soul-sustenance/06th-aug-soul-sustenance/,https://www.brahmakumaris.com/soul-sustenance/avoid-showing-off-and-experience-humility/,Setup 301 Redirect to Primary Page and remove duplicate from sitemap
100.0%,https://www.brahmakumaris.com/soul-sustenance/avoid-showing-off-and-experience-humility/,https://www.brahmakumaris.com/soul-sustenance/purifying-food-water-and-air-for-good-health-part-2/,Setup 301 Redirect to Primary Page and remove duplicate from sitemap
100.0%,https://www.brahmakumaris.com/soul-sustenance/avoid-showing-off-and-experience-humility/,https://www.brahmakumaris.com/soul-sustenance/06th-feb-2023-ss/,Setup 301 Redirect to Primary Page and remove duplicate from sitemap
100.0%,https://www.brahmakumaris.com/soul-sustenance/rising-above-physical-illnesses/,https://www.brahmakumaris.com/soul-sustenance/avoid-showing-off-and-experience-humility/,Setup 301 Redirect to Primary Page and remove duplicate from sitemap
100.0%,https://www.brahmakumaris.com/soul-sustenance/23rd-may-soul-sustenance/,https://www.brahmakumaris.com/soul-sustenance/avoid-showing-off-and-experience-humility/,Setup 301 Redirect to Primary Page and remove duplicate from sitemap
100.0%,https://www.brahmakumaris.com/soul-sustenance/avoid-showing-off-and-experience-humility/,https://www.brahmakumaris.com/soul-sustenance/15th-feb-2023-ss/,Setup 301 Redirect to Primary Page and remove duplicate from sitemap
100.0%,https://www.brahmakumaris.com/soul-sustenance/avoid-showing-off-and-experience-humility/,https://www.brahmakumaris.com/soul-sustenance/ss-hindi/7th-mar-2023-ssh/,Setup 301 Redirect to Primary Page and remove duplicate from sitemap
100.0%,https://www.brahmakumaris.com/soul-sustenance/avoid-showing-off-and-experience-humility/,https://www.brahmakumaris.com/soul-sustenance/how-do-our-thoughts-create-our-destiny-part-1/,Setup 301 Redirect to Primary Page and remove duplicate from sitemap
100.0%,https://www.brahmakumaris.com/soul-sustenance/avoid-showing-off-and-experience-humility/,https://www.brahmakumaris.com/soul-sustenance/beauty-in-character-part-2/,Setup 301 Redirect to Primary Page and remove duplicate from sitemap
100.0%,https://www.brahmakumaris.com/soul-sustenance/avoid-showing-off-and-experience-humility/,https://www.brahmakumaris.com/soul-sustenance/time-management-in-our-daily-lives-part-2/,Setup 301 Redirect to Primary Page and remove duplicate from sitemap
100.0%,https://www.brahmakumaris.com/soul-sustenance/avoid-showing-off-and-experience-humility/,https://www.brahmakumaris.com/soul-sustenance/ss-hindi/apne-aapko-social-media-par-gossip-se-bachayein/,Setup 301 Redirect to Primary Page and remove duplicate from sitemap
100.0%,https://www.brahmakumaris.com/soul-sustenance/avoid-showing-off-and-experience-humility/,https://www.brahmakumaris.com/soul-sustenance/ss-hindi/13th-jun-2023-ssh/,Setup 301 Redirect to Primary Page and remove duplicate from sitemap
100.0%,https://www.brahmakumaris.com/soul-sustenance/avoid-showing-off-and-experience-humility/,https://www.brahmakumaris.com/soul-sustenance/05th-mar-2023-ss/,Setup 301 Redirect to Primary Page and remove duplicate from sitemap
100.0%,https://www.brahmakumaris.com/soul-sustenance/avoid-showing-off-and-experience-humility/,https://www.brahmakumaris.com/soul-sustenance/protect-yourself-from-gossip-on-social-media/,Setup 301 Redirect to Primary Page and remove duplicate from sitemap
100.0%,https://www.brahmakumaris.com/soul-sustenance/make-everyday-a-no-complaint-day/,https://www.brahmakumaris.com/soul-sustenance/avoid-showing-off-and-experience-humility/,Setup 301 Redirect to Primary Page and remove duplicate from sitemap
100.0%,https://www.brahmakumaris.com/soul-sustenance/avoid-showing-off-and-experience-humility/,https://www.brahmakumaris.com/soul-sustenance/ss-hindi/vishva-ko-cancer-se-bachane-ki-adhyatmik-pahal/,Setup 301 Redirect to Primary Page and remove duplicate from sitemap
100.0%,https://www.brahmakumaris.com/soul-sustenance/avoid-showing-off-and-experience-humility/,https://www.brahmakumaris.com/soul-sustenance/ss-hindi/13th-feb-2023-sse/,Setup 301 Redirect to Primary Page and remove duplicate from sitemap
100.0%,https://www.brahmakumaris.com/soul-sustenance/avoid-showing-off-and-experience-humility/,https://www.brahmakumaris.com/soul-sustenance/ss-hindi/2nd-may-2023-ssh/,Setup 301 Redirect to Primary Page and remove duplicate from sitemap
100.0%,https://www.brahmakumaris.com/soul-sustenance/affirmations-5-tips-for-success/,https://www.brahmakumaris.com/soul-sustenance/avoid-showing-off-and-experience-humility/,Setup 301 Redirect to Primary Page and remove duplicate from sitemap
100.0%,https://www.brahmakumaris.com/soul-sustenance/visualizing-god-in-the-soul-world/,https://www.brahmakumaris.com/soul-sustenance/avoid-showing-off-and-experience-humility/,Setup 301 Redirect to Primary Page and remove duplicate from sitemap
100.0%,https://www.brahmakumaris.com/soul-sustenance/avoid-showing-off-and-experience-humility/,https://www.brahmakumaris.com/soul-sustenance/ss-hindi/dusron-ko-samjhane-se-pahle-swayn-ko-samjhein/,Setup 301 Redirect to Primary Page and remove duplicate from sitemap
100.0%,https://www.brahmakumaris.com/soul-sustenance/avoid-showing-off-and-experience-humility/,https://www.brahmakumaris.com/soul-sustenance/ss-hindi/13th-apr-2023-ssh/,Setup 301 Redirect to Primary Page and remove duplicate from sitemap
100.0%,https://www.brahmakumaris.com/soul-sustenance/avoid-showing-off-and-experience-humility/,https://www.brahmakumaris.com/soul-sustenance/ss-hindi/bhavnatmak-swatantrata-aadhunik-duniya/,Setup 301 Redirect to Primary Page and remove duplicate from sitemap
100.0%,https://www.brahmakumaris.com/soul-sustenance/17th-nov-soul-sustenance/,https://www.brahmakumaris.com/soul-sustenance/avoid-showing-off-and-experience-humility/,Setup 301 Redirect to Primary Page and remove duplicate from sitemap
100.0%,https://www.brahmakumaris.com/soul-sustenance/avoid-showing-off-and-experience-humility/,https://www.brahmakumaris.com/soul-sustenance/ss-hindi/vicharon-par-nakaratmak-prabhav-se-upar-uthna-bhag-1/,Setup 301 Redirect to Primary Page and remove duplicate from sitemap
100.0%,https://www.brahmakumaris.com/soul-sustenance/avoid-showing-off-and-experience-humility/,https://www.brahmakumaris.com/soul-sustenance/realizing-and-experiencing-the-virtue-of-peace-part-1/,Setup 301 Redirect to Primary Page and remove duplicate from sitemap
100.0%,https://www.brahmakumaris.com/soul-sustenance/avoid-showing-off-and-experience-humility/,https://www.brahmakumaris.com/soul-sustenance/how-do-our-thoughts-create-our-destiny-part-1-2/,Setup 301 Redirect to Primary Page and remove duplicate from sitemap
100.0%,https://www.brahmakumaris.com/soul-sustenance/avoid-showing-off-and-experience-humility/,https://www.brahmakumaris.com/soul-sustenance/how-to-keep-a-daily-chart-for-spiritual-progress/,Setup 301 Redirect to Primary Page and remove duplicate from sitemap
100.0%,https://www.brahmakumaris.com/soul-sustenance/avoid-showing-off-and-experience-humility/,https://www.brahmakumaris.com/soul-sustenance/15th-mar-2023-ss/,Setup 301 Redirect to Primary Page and remove duplicate from sitemap
100.0%,https://www.brahmakumaris.com/soul-sustenance/16th-june-soul-sustenance/,https://www.brahmakumaris.com/soul-sustenance/avoid-showing-off-and-experience-humility/,Setup 301 Redirect to Primary Page and remove duplicate from sitemap
100.0%,https://www.brahmakumaris.com/soul-sustenance/avoid-showing-off-and-experience-humility/,https://www.brahmakumaris.com/soul-sustenance/your-vibrations-influence-deeper-than-your-words/,Setup 301 Redirect to Primary Page and remove duplicate from sitemap
100.0%,https://www.brahmakumaris.com/soul-sustenance/10-pearls-of-meditation-part-1/,https://www.brahmakumaris.com/soul-sustenance/avoid-showing-off-and-experience-humility/,Setup 301 Redirect to Primary Page and remove duplicate from sitemap
100.0%,https://www.brahmakumaris.com/soul-sustenance/03rd-dec-soul-sustenance/,https://www.brahmakumaris.com/soul-sustenance/avoid-showing-off-and-experience-humility/,Setup 301 Redirect to Primary Page and remove duplicate from sitemap
100.0%,https://www.brahmakumaris.com/soul-sustenance/11th-nov-soul-sustenance/,https://www.brahmakumaris.com/soul-sustenance/avoid-showing-off-and-experience-humility/,Setup 301 Redirect to Primary Page and remove duplicate from sitemap
100.0%,https://www.brahmakumaris.com/soul-sustenance/7-vitamins-for-the-soul/,https://www.brahmakumaris.com/soul-sustenance/avoid-showing-off-and-experience-humility/,Setup 301 Redirect to Primary Page and remove duplicate from sitemap
100.0%,https://www.brahmakumaris.com/soul-sustenance/avoid-showing-off-and-experience-humility/,https://www.brahmakumaris.com/soul-sustenance/ss-hindi/hamare-jeevan-mein-aadhymiktaa-kyon-jaruri-hei/,Setup 301 Redirect to Primary Page and remove duplicate from sitemap
100.0%,https://www.brahmakumaris.com/soul-sustenance/avoid-showing-off-and-experience-humility/,https://www.brahmakumaris.com/soul-sustenance/experiencing-peace-and-love-our-original-nature-part-1/,Setup 301 Redirect to Primary Page and remove duplicate from sitemap
100.0%,https://www.brahmakumaris.com/soul-sustenance/avoid-showing-off-and-experience-humility/,https://www.brahmakumaris.com/soul-sustenance/ss-hindi/hamare-vibrations-ki-quality-aur-dusron-par-unka-prabhav/,Setup 301 Redirect to Primary Page and remove duplicate from sitemap
100.0%,https://www.brahmakumaris.com/soul-sustenance/avoid-showing-off-and-experience-humility/,https://www.brahmakumaris.com/soul-sustenance/the-lost-paradise-regaining-it-with-the-help-of-god-part-1-2/,Setup 301 Redirect to Primary Page and remove duplicate from sitemap
100.0%,https://www.brahmakumaris.com/soul-sustenance/avoid-showing-off-and-experience-humility/,https://www.brahmakumaris.com/soul-sustenance/ss-hindi/kaary-aur-jeevan-ke-beech-santulan-banaye-rakhein-2/,Setup 301 Redirect to Primary Page and remove duplicate from sitemap
100.0%,https://www.brahmakumaris.com/soul-sustenance/avoid-showing-off-and-experience-humility/,https://www.brahmakumaris.com/soul-sustenance/1st-jul-2023-ss/,Setup 301 Redirect to Primary Page and remove duplicate from sitemap
100.0%,https://www.brahmakumaris.com/soul-sustenance/avoid-showing-off-and-experience-humility/,https://www.brahmakumaris.com/soul-sustenance/ss-hindi/kisi-bhi-kaarya-ki-shuruaat-se-pahle-silence-power-ka-upyog-karein/,Setup 301 Redirect to Primary Page and remove duplicate from sitemap
100.0%,https://www.brahmakumaris.com/soul-sustenance/avoid-showing-off-and-experience-humility/,https://www.brahmakumaris.com/soul-sustenance/ss-hindi/dusron-ko-dene-wale-banein-bhag-3/,Setup 301 Redirect to Primary Page and remove duplicate from sitemap
100.0%,https://www.brahmakumaris.com/soul-sustenance/avoid-showing-off-and-experience-humility/,https://www.brahmakumaris.com/soul-sustenance/ss-hindi/sakaratmak-vicharo-ke-sath-jeevan-jeena-bhag-2/,Setup 301 Redirect to Primary Page and remove duplicate from sitemap
100.0%,https://www.brahmakumaris.com/soul-sustenance/avoid-showing-off-and-experience-humility/,https://www.brahmakumaris.com/soul-sustenance/3rd-jul-2023-ss/,Setup 301 Redirect to Primary Page and remove duplicate from sitemap
100.0%,https://www.brahmakumaris.com/soul-sustenance/avoid-showing-off-and-experience-humility/,https://www.brahmakumaris.com/soul-sustenance/motivating-yourself-to-succeed-in-life-part-3/,Setup 301 Redirect to Primary Page and remove duplicate from sitemap
100.0%,https://www.brahmakumaris.com/soul-sustenance/dont-impose-your-will-on-other-people/,https://www.brahmakumaris.com/soul-sustenance/avoid-showing-off-and-experience-humility/,Setup 301 Redirect to Primary Page and remove duplicate from sitemap
100.0%,https://www.brahmakumaris.com/soul-sustenance/avoid-showing-off-and-experience-humility/,https://www.brahmakumaris.com/soul-sustenance/ss-hindi/jeevan-ke-har-kshetra-mei-adhyatmik-safalta-ka-anubhav-karein-bhag-3/,Setup 301 Redirect to Primary Page and remove duplicate from sitemap
100.0%,https://www.brahmakumaris.com/soul-sustenance/avoid-showing-off-and-experience-humility/,https://www.brahmakumaris.com/soul-sustenance/ss-hindi/pratidin-ek-to-be-list-banaein-aur-check-karein/,Setup 301 Redirect to Primary Page and remove duplicate from sitemap
100.0%,https://www.brahmakumaris.com/soul-sustenance/ss-hindi/emotional-detox-ke-fayde/,https://www.brahmakumaris.com/soul-sustenance/avoid-showing-off-and-experience-humility/,Setup 301 Redirect to Primary Page and remove duplicate from sitemap
100.0%,https://www.brahmakumaris.com/soul-sustenance/avoid-showing-off-and-experience-humility/,https://www.brahmakumaris.com/soul-sustenance/becoming-a-perfect-angel-in-5-easy-steps-part-3/,Setup 301 Redirect to Primary Page and remove duplicate from sitemap
100.0%,https://www.brahmakumaris.com/soul-sustenance/avoid-showing-off-and-experience-humility/,https://www.brahmakumaris.com/soul-sustenance/do-you-believe-in-god-do-you-feel-his-presence/,Setup 301 Redirect to Primary Page and remove duplicate from sitemap
100.0%,https://www.brahmakumaris.com/soul-sustenance/26th-may-soul-sustenance/,https://www.brahmakumaris.com/soul-sustenance/avoid-showing-off-and-experience-humility/,Setup 301 Redirect to Primary Page and remove duplicate from sitemap
100.0%,https://www.brahmakumaris.com/soul-sustenance/happy-greetings-that-matter/,https://www.brahmakumaris.com/soul-sustenance/avoid-showing-off-and-experience-humility/,Setup 301 Redirect to Primary Page and remove duplicate from sitemap
100.0%,https://www.brahmakumaris.com/soul-sustenance/god-the-alpha-point-of-the-universe/,https://www.brahmakumaris.com/soul-sustenance/avoid-showing-off-and-experience-humility/,Setup 301 Redirect to Primary Page and remove duplicate from sitemap
100.0%,https://www.brahmakumaris.com/soul-sustenance/avoid-showing-off-and-experience-humility/,https://www.brahmakumaris.com/soul-sustenance/ss-hindi/apne-values-mulyon-par-kayam-rahein/,Setup 301 Redirect to Primary Page and remove duplicate from sitemap
100.0%,https://www.brahmakumaris.com/soul-sustenance/4th-april-soul-sustenance/,https://www.brahmakumaris.com/soul-sustenance/avoid-showing-off-and-experience-humility/,Setup 301 Redirect to Primary Page and remove duplicate from sitemap
100.0%,https://www.brahmakumaris.com/soul-sustenance/avoid-showing-off-and-experience-humility/,https://www.brahmakumaris.com/soul-sustenance/to-be-happy-always-love-yourself-love-god-and-love-others-part-1/,Setup 301 Redirect to Primary Page and remove duplicate from sitemap
100.0%,https://www.brahmakumaris.com/soul-sustenance/24th-nov-soul-sustenance/,https://www.brahmakumaris.com/soul-sustenance/avoid-showing-off-and-experience-humility/,Setup 301 Redirect to Primary Page and remove duplicate from sitemap
100.0%,https://www.brahmakumaris.com/soul-sustenance/avoid-showing-off-and-experience-humility/,https://www.brahmakumaris.com/soul-sustenance/ss-hindi/christmas-ki-aadhytmaik-sundarta-ka-anubhav-karein-bhag-2/,Setup 301 Redirect to Primary Page and remove duplicate from sitemap
100.0%,https://www.brahmakumaris.com/soul-sustenance/avoid-showing-off-and-experience-humility/,https://www.brahmakumaris.com/soul-sustenance/ss-hindi/apne-jeevan-mei-6-prakar-ki-santushta-laayein-2/,Setup 301 Redirect to Primary Page and remove duplicate from sitemap
100.0%,https://www.brahmakumaris.com/soul-sustenance/avoid-showing-off-and-experience-humility/,https://www.brahmakumaris.com/soul-sustenance/9th-jul-2023-ss/,Setup 301 Redirect to Primary Page and remove duplicate from sitemap
100.0%,https://www.brahmakumaris.com/soul-sustenance/be-happy-when-others-do-well/,https://www.brahmakumaris.com/soul-sustenance/avoid-showing-off-and-experience-humility/,Setup 301 Redirect to Primary Page and remove duplicate from sitemap
100.0%,https://www.brahmakumaris.com/soul-sustenance/avoid-showing-off-and-experience-humility/,https://www.brahmakumaris.com/soul-sustenance/ss-hindi/dusron-ko-dene-wale-banein-bhag-2/,Setup 301 Redirect to Primary Page and remove duplicate from sitemap
100.0%,https://www.brahmakumaris.com/soul-sustenance/avoid-showing-off-and-experience-humility/,https://www.brahmakumaris.com/soul-sustenance/experiencing-positivity-with-gods-love-and-help-part-1/,Setup 301 Redirect to Primary Page and remove duplicate from sitemap
100.0%,https://www.brahmakumaris.com/soul-sustenance/27th-nov-soul-sustenance/,https://www.brahmakumaris.com/soul-sustenance/avoid-showing-off-and-experience-humility/,Setup 301 Redirect to Primary Page and remove duplicate from sitemap
100.0%,https://www.brahmakumaris.com/soul-sustenance/dealing-with-peer-pressure/,https://www.brahmakumaris.com/soul-sustenance/avoid-showing-off-and-experience-humility/,Setup 301 Redirect to Primary Page and remove duplicate from sitemap
100.0%,https://www.brahmakumaris.com/soul-sustenance/avoid-showing-off-and-experience-humility/,https://www.brahmakumaris.com/soul-sustenance/lets-heal-the-world-with-our-blessings-part-3/,Setup 301 Redirect to Primary Page and remove duplicate from sitemap
100.0%,https://www.brahmakumaris.com/soul-sustenance/10th-oct-soul-sustenance/,https://www.brahmakumaris.com/soul-sustenance/avoid-showing-off-and-experience-humility/,Setup 301 Redirect to Primary Page and remove duplicate from sitemap
100.0%,https://www.brahmakumaris.com/soul-sustenance/avoid-showing-off-and-experience-humility/,https://www.brahmakumaris.com/soul-sustenance/ss-hindi/rishton-mei-assertive-hone-ke-5-tarike/,Setup 301 Redirect to Primary Page and remove duplicate from sitemap
100.0%,https://www.brahmakumaris.com/soul-sustenance/avoid-showing-off-and-experience-humility/,https://www.brahmakumaris.com/soul-sustenance/ss-hindi/pariksha-mein-safalta-prapt-karne-ke-8-tarike-bhag-3/,Setup 301 Redirect to Primary Page and remove duplicate from sitemap
100.0%,https://www.brahmakumaris.com/soul-sustenance/avoid-showing-off-and-experience-humility/,https://www.brahmakumaris.com/soul-sustenance/ss-hindi/dainik-jeevan-mein-vyavharik-aadhyatmikta/,Setup 301 Redirect to Primary Page and remove duplicate from sitemap
100.0%,https://www.brahmakumaris.com/soul-sustenance/have-we-won-gods-heart/,https://www.brahmakumaris.com/soul-sustenance/avoid-showing-off-and-experience-humility/,Setup 301 Redirect to Primary Page and remove duplicate from sitemap
100.0%,https://www.brahmakumaris.com/soul-sustenance/avoid-showing-off-and-experience-humility/,https://www.brahmakumaris.com/soul-sustenance/giving-the-message-of-love-and-joy-to-everyone-part-1/,Setup 301 Redirect to Primary Page and remove duplicate from sitemap
100.0%,https://www.brahmakumaris.com/soul-sustenance/avoid-showing-off-and-experience-humility/,https://www.brahmakumaris.com/soul-sustenance/connect-more-with-people-face-to-face-not-online/,Setup 301 Redirect to Primary Page and remove duplicate from sitemap
100.0%,https://www.brahmakumaris.com/soul-sustenance/5-steps-to-make-the-world-paradise-again/,https://www.brahmakumaris.com/soul-sustenance/avoid-showing-off-and-experience-humility/,Setup 301 Redirect to Primary Page and remove duplicate from sitemap
100.0%,https://www.brahmakumaris.com/soul-sustenance/avoid-showing-off-and-experience-humility/,https://www.brahmakumaris.com/soul-sustenance/ss-hindi/thought-power-se-kisi-bhi-lat-vysan-par-kaabu-paayein/,Setup 301 Redirect to Primary Page and remove duplicate from sitemap
100.0%,https://www.brahmakumaris.com/soul-sustenance/avoid-showing-off-and-experience-humility/,https://www.brahmakumaris.com/soul-sustenance/15th-dec-2022-ss/,Setup 301 Redirect to Primary Page and remove duplicate from sitemap
100.0%,https://www.brahmakumaris.com/soul-sustenance/avoid-showing-off-and-experience-humility/,https://www.brahmakumaris.com/soul-sustenance/change-your-life-with-rajyoga-taught-by-god/,Setup 301 Redirect to Primary Page and remove duplicate from sitemap
100.0%,https://www.brahmakumaris.com/soul-sustenance/avoid-showing-off-and-experience-humility/,https://www.brahmakumaris.com/soul-sustenance/ss-hindi/apne-sharir-ko-heal-karne-se-pahle-man-ko-heal-karein/,Setup 301 Redirect to Primary Page and remove duplicate from sitemap
100.0%,https://www.brahmakumaris.com/soul-sustenance/avoid-showing-off-and-experience-humility/,https://www.brahmakumaris.com/soul-sustenance/ss-hindi/sampurna-farishta-banne-ke-paanch-saral-kadam-part-3/,Setup 301 Redirect to Primary Page and remove duplicate from sitemap
100.0%,https://www.brahmakumaris.com/soul-sustenance/avoid-showing-off-and-experience-humility/,https://www.brahmakumaris.com/soul-sustenance/18th-jan-2023-ss/,Setup 301 Redirect to Primary Page and remove duplicate from sitemap
100.0%,https://www.brahmakumaris.com/soul-sustenance/avoid-showing-off-and-experience-humility/,https://www.brahmakumaris.com/soul-sustenance/24th-jan-2023-ss/,Setup 301 Redirect to Primary Page and remove duplicate from sitemap
100.0%,https://www.brahmakumaris.com/soul-sustenance/avoid-showing-off-and-experience-humility/,https://www.brahmakumaris.com/soul-sustenance/ss-hindi/22nd-may-2023-ssh/,Setup 301 Redirect to Primary Page and remove duplicate from sitemap
100.0%,https://www.brahmakumaris.com/soul-sustenance/14th-march-soul-sustenance/,https://www.brahmakumaris.com/soul-sustenance/avoid-showing-off-and-experience-humility/,Setup 301 Redirect to Primary Page and remove duplicate from sitemap
100.0%,https://www.brahmakumaris.com/soul-sustenance/avoid-showing-off-and-experience-humility/,https://www.brahmakumaris.com/soul-sustenance/ss-hindi/mahashivratri-par-parmatma-sandesh-part-4/,Setup 301 Redirect to Primary Page and remove duplicate from sitemap
100.0%,https://www.brahmakumaris.com/soul-sustenance/avoid-showing-off-and-experience-humility/,https://www.brahmakumaris.com/soul-sustenance/ss-hindi/logon-se-milte-hue-yaad-rakhein-ki-ve-pavitra-hein/,Setup 301 Redirect to Primary Page and remove duplicate from sitemap
100.0%,https://www.brahmakumaris.com/soul-sustenance/avoid-showing-off-and-experience-humility/,https://www.brahmakumaris.com/soul-sustenance/ss-hindi/krodh-ke-rup-hatasha-nirasha-ko-kaise-karein-parajit/,Setup 301 Redirect to Primary Page and remove duplicate from sitemap
100.0%,https://www.brahmakumaris.com/soul-sustenance/05th-sep-soul-sustenance/,https://www.brahmakumaris.com/soul-sustenance/avoid-showing-off-and-experience-humility/,Setup 301 Redirect to Primary Page and remove duplicate from sitemap
100.0%,https://www.brahmakumaris.com/soul-sustenance/avoid-showing-off-and-experience-humility/,https://www.brahmakumaris.com/soul-sustenance/a-journey-to-happiness-or-a-journey-of-happiness-part-2/,Setup 301 Redirect to Primary Page and remove duplicate from sitemap
100.0%,https://www.brahmakumaris.com/soul-sustenance/avoid-showing-off-and-experience-humility/,https://www.brahmakumaris.com/soul-sustenance/ss-hindi/negative-energy-ko-absorb-ya-reflect-na-karein-balki-transform-karein/,Setup 301 Redirect to Primary Page and remove duplicate from sitemap
100.0%,https://www.brahmakumaris.com/soul-sustenance/avoid-showing-off-and-experience-humility/,https://www.brahmakumaris.com/soul-sustenance/ss-hindi/24th-jul-2023-ssh/,Setup 301 Redirect to Primary Page and remove duplicate from sitemap
100.0%,https://www.brahmakumaris.com/soul-sustenance/avoid-showing-off-and-experience-humility/,https://www.brahmakumaris.com/soul-sustenance/ss-hindi/aaiye-vishv-ko-apni-duaaon-blessing-se-heal-karein-bhag-1/,Setup 301 Redirect to Primary Page and remove duplicate from sitemap
100.0%,https://www.brahmakumaris.com/soul-sustenance/avoid-showing-off-and-experience-humility/,https://www.brahmakumaris.com/soul-sustenance/ss-hindi/1st-may-2023-ssh/,Setup 301 Redirect to Primary Page and remove duplicate from sitemap
100.0%,https://www.brahmakumaris.com/soul-sustenance/avoid-showing-off-and-experience-humility/,https://www.brahmakumaris.com/soul-sustenance/stability-in-appreciation-and-criticism-2/,Setup 301 Redirect to Primary Page and remove duplicate from sitemap
100.0%,https://www.brahmakumaris.com/soul-sustenance/avoid-showing-off-and-experience-humility/,https://www.brahmakumaris.com/soul-sustenance/7th-apr-2023-ss/,Setup 301 Redirect to Primary Page and remove duplicate from sitemap
100.0%,https://www.brahmakumaris.com/soul-sustenance/17th-jul-soul-sustenance/,https://www.brahmakumaris.com/soul-sustenance/avoid-showing-off-and-experience-humility/,Setup 301 Redirect to Primary Page and remove duplicate from sitemap
100.0%,https://www.brahmakumaris.com/soul-sustenance/18th-jul-soul-sustenance/,https://www.brahmakumaris.com/soul-sustenance/avoid-showing-off-and-experience-humility/,Setup 301 Redirect to Primary Page and remove duplicate from sitemap
100.0%,https://www.brahmakumaris.com/soul-sustenance/avoid-showing-off-and-experience-humility/,https://www.brahmakumaris.com/soul-sustenance/ss-hindi/sakaratamak-jeevan-shaily-ke-liye-10-steps-bhag-3/,Setup 301 Redirect to Primary Page and remove duplicate from sitemap
100.0%,https://www.brahmakumaris.com/soul-sustenance/avoid-showing-off-and-experience-humility/,https://www.brahmakumaris.com/soul-sustenance/the-spiritual-significance-of-ganesh-chaturthi-part-1/,Setup 301 Redirect to Primary Page and remove duplicate from sitemap
100.0%,https://www.brahmakumaris.com/soul-sustenance/avoid-showing-off-and-experience-humility/,https://www.brahmakumaris.com/soul-sustenance/lets-experience-the-different-spiritual-shades-of-holi/,Setup 301 Redirect to Primary Page and remove duplicate from sitemap
100.0%,https://www.brahmakumaris.com/soul-sustenance/avoid-showing-off-and-experience-humility/,https://www.brahmakumaris.com/soul-sustenance/ss-hindi/man-ko-control-karna-bhag-2/,Setup 301 Redirect to Primary Page and remove duplicate from sitemap
100.0%,https://www.brahmakumaris.com/soul-sustenance/09th-jul-soul-sustenance/,https://www.brahmakumaris.com/soul-sustenance/avoid-showing-off-and-experience-humility/,Setup 301 Redirect to Primary Page and remove duplicate from sitemap
100.0%,https://www.brahmakumaris.com/soul-sustenance/avoid-showing-off-and-experience-humility/,https://www.brahmakumaris.com/soul-sustenance/ss-hindi/samadhan-par-focus-karein-naaki-samasya-par/,Setup 301 Redirect to Primary Page and remove duplicate from sitemap
100.0%,https://www.brahmakumaris.com/soul-sustenance/avoid-showing-off-and-experience-humility/,https://www.brahmakumaris.com/soul-sustenance/ss-hindi/logon-se-kaise-emotionally-independent-rahein/,Setup 301 Redirect to Primary Page and remove duplicate from sitemap
100.0%,https://www.brahmakumaris.com/soul-sustenance/avoid-showing-off-and-experience-humility/,https://www.brahmakumaris.com/soul-sustenance/experiencing-freedom-from-hurt-in-relationships-part-1/,Setup 301 Redirect to Primary Page and remove duplicate from sitemap
100.0%,https://www.brahmakumaris.com/soul-sustenance/avoid-showing-off-and-experience-humility/,https://www.brahmakumaris.com/soul-sustenance/breaking-the-cycle-of-negative-energy-exchanges-part-3/,Setup 301 Redirect to Primary Page and remove duplicate from sitemap
100.0%,https://www.brahmakumaris.com/soul-sustenance/03rd-jul-soul-sustenance/,https://www.brahmakumaris.com/soul-sustenance/avoid-showing-off-and-experience-humility/,Setup 301 Redirect to Primary Page and remove duplicate from sitemap
100.0%,https://www.brahmakumaris.com/soul-sustenance/avoid-showing-off-and-experience-humility/,https://www.brahmakumaris.com/soul-sustenance/ss-hindi/sachchi-safalta-ke-rahasya-bhag-3/,Setup 301 Redirect to Primary Page and remove duplicate from sitemap
100.0%,https://www.brahmakumaris.com/soul-sustenance/20th-may-soul-sustenance/,https://www.brahmakumaris.com/soul-sustenance/avoid-showing-off-and-experience-humility/,Setup 301 Redirect to Primary Page and remove duplicate from sitemap
100.0%,https://www.brahmakumaris.com/soul-sustenance/avoid-showing-off-and-experience-humility/,https://www.brahmakumaris.com/soul-sustenance/ss-hindi/har-kadam-par-apne-values-ko-thame-rahein/,Setup 301 Redirect to Primary Page and remove duplicate from sitemap
100.0%,https://www.brahmakumaris.com/soul-sustenance/leading-a-stress-free-life/,https://www.brahmakumaris.com/soul-sustenance/avoid-showing-off-and-experience-humility/,Setup 301 Redirect to Primary Page and remove duplicate from sitemap
100.0%,https://www.brahmakumaris.com/soul-sustenance/avoid-showing-off-and-experience-humility/,https://www.brahmakumaris.com/soul-sustenance/cooking-and-eating-with-a-spiritual-vibration-part-2/,Setup 301 Redirect to Primary Page and remove duplicate from sitemap
100.0%,https://www.brahmakumaris.com/soul-sustenance/avoid-showing-off-and-experience-humility/,https://www.brahmakumaris.com/soul-sustenance/churning-wisdom-and-experiencing-its-benefits-part-2/,Setup 301 Redirect to Primary Page and remove duplicate from sitemap
100.0%,https://www.brahmakumaris.com/soul-sustenance/you-have-more-time-than-you-need/,https://www.brahmakumaris.com/soul-sustenance/avoid-showing-off-and-experience-humility/,Setup 301 Redirect to Primary Page and remove duplicate from sitemap
100.0%,https://www.brahmakumaris.com/soul-sustenance/avoid-showing-off-and-experience-humility/,https://www.brahmakumaris.com/soul-sustenance/ss-hindi/sahi-aur-spasht-tarike-se-parakhana/,Setup 301 Redirect to Primary Page and remove duplicate from sitemap
100.0%,https://www.brahmakumaris.com/soul-sustenance/avoid-showing-off-and-experience-humility/,https://www.brahmakumaris.com/soul-sustenance/ss-hindi/2nd-july-2023-ssh/,Setup 301 Redirect to Primary Page and remove duplicate from sitemap
100.0%,https://www.brahmakumaris.com/soul-sustenance/avoid-showing-off-and-experience-humility/,https://www.brahmakumaris.com/soul-sustenance/ss-hindi/dusron-ke-baare-mein-sochne-ki-chinta-se-bahar-kaise-niklein-bhag-1/,Setup 301 Redirect to Primary Page and remove duplicate from sitemap
100.0%,https://www.brahmakumaris.com/soul-sustenance/avoid-showing-off-and-experience-humility/,https://www.brahmakumaris.com/soul-sustenance/ss-hindi/26th-apr-2023-ssh/,Setup 301 Redirect to Primary Page and remove duplicate from sitemap
100.0%,https://www.brahmakumaris.com/soul-sustenance/avoid-showing-off-and-experience-humility/,https://www.brahmakumaris.com/soul-sustenance/ss-hindi/aatm-samman-aur-adhyatmik-drishtikon/,Setup 301 Redirect to Primary Page and remove duplicate from sitemap
100.0%,https://www.brahmakumaris.com/soul-sustenance/avoid-showing-off-and-experience-humility/,https://www.brahmakumaris.com/soul-sustenance/10-steps-to-a-positive-lifestyle-part-2/,Setup 301 Redirect to Primary Page and remove duplicate from sitemap
100.0%,https://www.brahmakumaris.com/soul-sustenance/avoid-showing-off-and-experience-humility/,https://www.brahmakumaris.com/soul-sustenance/let-us-make-the-shift-to-divinity-this-new-year/,Setup 301 Redirect to Primary Page and remove duplicate from sitemap
100.0%,https://www.brahmakumaris.com/soul-sustenance/avoid-showing-off-and-experience-humility/,https://www.brahmakumaris.com/soul-sustenance/24th-feb-2023-ss/,Setup 301 Redirect to Primary Page and remove duplicate from sitemap
100.0%,https://www.brahmakumaris.com/soul-sustenance/overcome-artificialness-and-manipulation/,https://www.brahmakumaris.com/soul-sustenance/avoid-showing-off-and-experience-humility/,Setup 301 Redirect to Primary Page and remove duplicate from sitemap
100.0%,https://www.brahmakumaris.com/soul-sustenance/avoid-showing-off-and-experience-humility/,https://www.brahmakumaris.com/soul-sustenance/how-to-become-a-trustee-of-god-part-2/,Setup 301 Redirect to Primary Page and remove duplicate from sitemap
100.0%,https://www.brahmakumaris.com/soul-sustenance/avoid-showing-off-and-experience-humility/,https://www.brahmakumaris.com/soul-sustenance/ss-hindi/aaiye-insaan-banein-insani-machine-nahin-bhag-1/,Setup 301 Redirect to Primary Page and remove duplicate from sitemap
100.0%,https://www.brahmakumaris.com/soul-sustenance/26th-march-soul-sustenance/,https://www.brahmakumaris.com/soul-sustenance/avoid-showing-off-and-experience-humility/,Setup 301 Redirect to Primary Page and remove duplicate from sitemap
100.0%,https://www.brahmakumaris.com/soul-sustenance/ss-hindi/rishte-thoughts-se-bante-hein/,https://www.brahmakumaris.com/soul-sustenance/avoid-showing-off-and-experience-humility/,Setup 301 Redirect to Primary Page and remove duplicate from sitemap
100.0%,https://www.brahmakumaris.com/soul-sustenance/24th-june-soul-sustenance/,https://www.brahmakumaris.com/soul-sustenance/avoid-showing-off-and-experience-humility/,Setup 301 Redirect to Primary Page and remove duplicate from sitemap
100.0%,https://www.brahmakumaris.com/soul-sustenance/08th-oct-soul-sustenance/,https://www.brahmakumaris.com/soul-sustenance/avoid-showing-off-and-experience-humility/,Setup 301 Redirect to Primary Page and remove duplicate from sitemap
100.0%,https://www.brahmakumaris.com/soul-sustenance/avoid-showing-off-and-experience-humility/,https://www.brahmakumaris.com/soul-sustenance/23rd-mar-2023-ss/,Setup 301 Redirect to Primary Page and remove duplicate from sitemap
100.0%,https://www.brahmakumaris.com/soul-sustenance/avoid-showing-off-and-experience-humility/,https://www.brahmakumaris.com/soul-sustenance/ss-hindi/control-ko-concern-mei-shift-karein/,Setup 301 Redirect to Primary Page and remove duplicate from sitemap
100.0%,https://www.brahmakumaris.com/soul-sustenance/avoid-showing-off-and-experience-humility/,https://www.brahmakumaris.com/soul-sustenance/creating-a-world-of-forgiveness-part-2/,Setup 301 Redirect to Primary Page and remove duplicate from sitemap
100.0%,https://www.brahmakumaris.com/soul-sustenance/avoid-showing-off-and-experience-humility/,https://www.brahmakumaris.com/soul-sustenance/30th-jul-2023-ss/,Setup 301 Redirect to Primary Page and remove duplicate from sitemap
100.0%,https://www.brahmakumaris.com/soul-sustenance/newness-at-every-step-part-1/,https://www.brahmakumaris.com/soul-sustenance/avoid-showing-off-and-experience-humility/,Setup 301 Redirect to Primary Page and remove duplicate from sitemap
100.0%,https://www.brahmakumaris.com/soul-sustenance/avoid-showing-off-and-experience-humility/,https://www.brahmakumaris.com/soul-sustenance/28th-jan-2023-ss/,Setup 301 Redirect to Primary Page and remove duplicate from sitemap
100.0%,https://www.brahmakumaris.com/soul-sustenance/avoid-showing-off-and-experience-humility/,https://www.brahmakumaris.com/soul-sustenance/a-journey-to-happiness-or-a-journey-of-happiness-part-3/,Setup 301 Redirect to Primary Page and remove duplicate from sitemap
100.0%,https://www.brahmakumaris.com/soul-sustenance/avoid-showing-off-and-experience-humility/,https://www.brahmakumaris.com/soul-sustenance/the-beauty-of-christmas-a-festival-of-love-and-joy-part-1/,Setup 301 Redirect to Primary Page and remove duplicate from sitemap
100.0%,https://www.brahmakumaris.com/soul-sustenance/27th-aug-soul-sustenance/,https://www.brahmakumaris.com/soul-sustenance/avoid-showing-off-and-experience-humility/,Setup 301 Redirect to Primary Page and remove duplicate from sitemap
100.0%,https://www.brahmakumaris.com/soul-sustenance/avoid-showing-off-and-experience-humility/,https://www.brahmakumaris.com/soul-sustenance/ss-hindi/vicharon-par-nakaratmak-prabhav-se-upar-uthna-bhag-3/,Setup 301 Redirect to Primary Page and remove duplicate from sitemap
100.0%,https://www.brahmakumaris.com/soul-sustenance/avoid-showing-off-and-experience-humility/,https://www.brahmakumaris.com/soul-sustenance/30th-jan-2023-ss/,Setup 301 Redirect to Primary Page and remove duplicate from sitemap
100.0%,https://www.brahmakumaris.com/soul-sustenance/23rd-june-soul-sustenance/,https://www.brahmakumaris.com/soul-sustenance/avoid-showing-off-and-experience-humility/,Setup 301 Redirect to Primary Page and remove duplicate from sitemap
100.0%,https://www.brahmakumaris.com/soul-sustenance/distractions-cannot-heal/,https://www.brahmakumaris.com/soul-sustenance/avoid-showing-off-and-experience-humility/,Setup 301 Redirect to Primary Page and remove duplicate from sitemap
100.0%,https://www.brahmakumaris.com/soul-sustenance/21st-may-soul-sustenance/,https://www.brahmakumaris.com/soul-sustenance/avoid-showing-off-and-experience-humility/,Setup 301 Redirect to Primary Page and remove duplicate from sitemap
100.0%,https://www.brahmakumaris.com/soul-sustenance/avoid-showing-off-and-experience-humility/,https://www.brahmakumaris.com/soul-sustenance/going-beyond-negative-influences-on-thoughts-part-2/,Setup 301 Redirect to Primary Page and remove duplicate from sitemap
100.0%,https://www.brahmakumaris.com/soul-sustenance/avoid-showing-off-and-experience-humility/,https://www.brahmakumaris.com/soul-sustenance/ss-hindi/aatma-aur-uske-dwara-kiye-jaane-wale-karya-ka-ahsas-hona-bhag-1/,Setup 301 Redirect to Primary Page and remove duplicate from sitemap
100.0%,https://www.brahmakumaris.com/soul-sustenance/avoid-showing-off-and-experience-humility/,https://www.brahmakumaris.com/soul-sustenance/creating-a-personality-of-truth-part-2/,Setup 301 Redirect to Primary Page and remove duplicate from sitemap
100.0%,https://www.brahmakumaris.com/soul-sustenance/avoid-showing-off-and-experience-humility/,https://www.brahmakumaris.com/soul-sustenance/ss-hindi/ganesh-chaturthi-ka-aadhyatamik-mahatav-bhag-3/,Setup 301 Redirect to Primary Page and remove duplicate from sitemap
100.0%,https://www.brahmakumaris.com/soul-sustenance/avoid-showing-off-and-experience-humility/,https://www.brahmakumaris.com/soul-sustenance/ss-hindi/19th-mar-2023-ssh/,Setup 301 Redirect to Primary Page and remove duplicate from sitemap
100.0%,https://www.brahmakumaris.com/soul-sustenance/avoid-showing-off-and-experience-humility/,https://www.brahmakumaris.com/soul-sustenance/connecting-to-god-with-the-umbilical-cord-of-meditation-part-2/,Setup 301 Redirect to Primary Page and remove duplicate from sitemap
100.0%,https://www.brahmakumaris.com/soul-sustenance/avoid-showing-off-and-experience-humility/,https://www.brahmakumaris.com/soul-sustenance/ss-hindi/prabal-vishwas-dwara-badhaon-par-vijay-prapt-karna-bhag-3/,Setup 301 Redirect to Primary Page and remove duplicate from sitemap
100.0%,https://www.brahmakumaris.com/soul-sustenance/avoid-showing-off-and-experience-humility/,https://www.brahmakumaris.com/soul-sustenance/ss-hindi/bina-shart-pyaar-ke-sahi-arth-ko-mahsus-karke-anubhav-karien/,Setup 301 Redirect to Primary Page and remove duplicate from sitemap
100.0%,https://www.brahmakumaris.com/soul-sustenance/know-your-strengths-and-weaknesses/,https://www.brahmakumaris.com/soul-sustenance/avoid-showing-off-and-experience-humility/,Setup 301 Redirect to Primary Page and remove duplicate from sitemap
100.0%,https://www.brahmakumaris.com/soul-sustenance/avoid-showing-off-and-experience-humility/,https://www.brahmakumaris.com/soul-sustenance/ss-hindi/jeevan-ke-adrushya-support-system-bhag-2/,Setup 301 Redirect to Primary Page and remove duplicate from sitemap
100.0%,https://www.brahmakumaris.com/soul-sustenance/avoid-showing-off-and-experience-humility/,https://www.brahmakumaris.com/soul-sustenance/23rd-feb-2023-ss/,Setup 301 Redirect to Primary Page and remove duplicate from sitemap
100.0%,https://www.brahmakumaris.com/soul-sustenance/avoid-showing-off-and-experience-humility/,https://www.brahmakumaris.com/soul-sustenance/ss-hindi/aadar-aur-samjh-se-logon-ka-sudhar-karein-aalochana-se-nahin/,Setup 301 Redirect to Primary Page and remove duplicate from sitemap
100.0%,https://www.brahmakumaris.com/soul-sustenance/avoid-showing-off-and-experience-humility/,https://www.brahmakumaris.com/soul-sustenance/ss-hindi/prashansha-aur-aalochana-mein-stable-kaise-rahein/,Setup 301 Redirect to Primary Page and remove duplicate from sitemap
100.0%,https://www.brahmakumaris.com/soul-sustenance/avoid-showing-off-and-experience-humility/,https://www.brahmakumaris.com/soul-sustenance/breaking-the-cycle-of-negative-energy-exchanges-part-4/,Setup 301 Redirect to Primary Page and remove duplicate from sitemap
100.0%,https://www.brahmakumaris.com/soul-sustenance/04th-sep-soul-sustenance/,https://www.brahmakumaris.com/soul-sustenance/avoid-showing-off-and-experience-humility/,Setup 301 Redirect to Primary Page and remove duplicate from sitemap
100.0%,https://www.brahmakumaris.com/soul-sustenance/13th-jul-soul-sustenance/,https://www.brahmakumaris.com/soul-sustenance/avoid-showing-off-and-experience-humility/,Setup 301 Redirect to Primary Page and remove duplicate from sitemap
100.0%,https://www.brahmakumaris.com/soul-sustenance/avoid-showing-off-and-experience-humility/,https://www.brahmakumaris.com/soul-sustenance/ss-hindi/apne-role-se-hone-wale-tanav-se-bachein-yah-kewal-ek-role-hei/,Setup 301 Redirect to Primary Page and remove duplicate from sitemap
100.0%,https://www.brahmakumaris.com/soul-sustenance/avoid-showing-off-and-experience-humility/,https://www.brahmakumaris.com/soul-sustenance/ss-hindi/10th-apr-2023-ssh/,Setup 301 Redirect to Primary Page and remove duplicate from sitemap
100.0%,https://www.brahmakumaris.com/soul-sustenance/08th-nov-soul-sustenance/,https://www.brahmakumaris.com/soul-sustenance/avoid-showing-off-and-experience-humility/,Setup 301 Redirect to Primary Page and remove duplicate from sitemap
100.0%,https://www.brahmakumaris.com/soul-sustenance/avoid-showing-off-and-experience-humility/,https://www.brahmakumaris.com/soul-sustenance/ss-hindi/aadhyatmikta-ki-shakti-se-nakaratmak-parishthitiyon-ko-kaise-paar-karein-bhag-3/,Setup 301 Redirect to Primary Page and remove duplicate from sitemap
100.0%,https://www.brahmakumaris.com/soul-sustenance/avoid-showing-off-and-experience-humility/,https://www.brahmakumaris.com/soul-sustenance/think-of-other-people-only-when-necessary/,Setup 301 Redirect to Primary Page and remove duplicate from sitemap
100.0%,https://www.brahmakumaris.com/soul-sustenance/ss-hindi/kya-punarjanam-ek-vastvikta-hei/,https://www.brahmakumaris.com/soul-sustenance/avoid-showing-off-and-experience-humility/,Setup 301 Redirect to Primary Page and remove duplicate from sitemap
100.0%,https://www.brahmakumaris.com/soul-sustenance/avoid-showing-off-and-experience-humility/,https://www.brahmakumaris.com/soul-sustenance/5-benefits-of-experiencing-god-with-us-part-5/,Setup 301 Redirect to Primary Page and remove duplicate from sitemap
100.0%,https://www.brahmakumaris.com/soul-sustenance/avoid-showing-off-and-experience-humility/,https://www.brahmakumaris.com/soul-sustenance/24th-dec-2022-ss/,Setup 301 Redirect to Primary Page and remove duplicate from sitemap
100.0%,https://www.brahmakumaris.com/soul-sustenance/avoid-showing-off-and-experience-humility/,https://www.brahmakumaris.com/soul-sustenance/ss-hindi/kya-social-media-par-like-karna-mayne-rakhta-hei-2/,Setup 301 Redirect to Primary Page and remove duplicate from sitemap
100.0%,https://www.brahmakumaris.com/soul-sustenance/avoid-showing-off-and-experience-humility/,https://www.brahmakumaris.com/soul-sustenance/ss-hindi/krodh-par-kabu-paane-ke-5-safal-steps-bhag-3/,Setup 301 Redirect to Primary Page and remove duplicate from sitemap
100.0%,https://www.brahmakumaris.com/soul-sustenance/avoid-showing-off-and-experience-humility/,https://www.brahmakumaris.com/soul-sustenance/ss-hindi/8th-may-2023-ssh/,Setup 301 Redirect to Primary Page and remove duplicate from sitemap
100.0%,https://www.brahmakumaris.com/soul-sustenance/avoid-showing-off-and-experience-humility/,https://www.brahmakumaris.com/soul-sustenance/taking-care-of-our-emotional-and-physical-health-with-spirituality-part-1/,Setup 301 Redirect to Primary Page and remove duplicate from sitemap
100.0%,https://www.brahmakumaris.com/soul-sustenance/avoid-showing-off-and-experience-humility/,https://www.brahmakumaris.com/soul-sustenance/accepting-failures-with-positivity-and-strength/,Setup 301 Redirect to Primary Page and remove duplicate from sitemap
100.0%,https://www.brahmakumaris.com/soul-sustenance/avoid-showing-off-and-experience-humility/,https://www.brahmakumaris.com/soul-sustenance/ss-hindi/mahashivratri-par-parmatma-sandesh-part-1/,Setup 301 Redirect to Primary Page and remove duplicate from sitemap
100.0%,https://www.brahmakumaris.com/soul-sustenance/keeping-the-watchman-of-attention-alert/,https://www.brahmakumaris.com/soul-sustenance/avoid-showing-off-and-experience-humility/,Setup 301 Redirect to Primary Page and remove duplicate from sitemap
100.0%,https://www.brahmakumaris.com/soul-sustenance/16th-march-soul-sustenance/,https://www.brahmakumaris.com/soul-sustenance/avoid-showing-off-and-experience-humility/,Setup 301 Redirect to Primary Page and remove duplicate from sitemap
100.0%,https://www.brahmakumaris.com/soul-sustenance/seeds-of-a-relationship/,https://www.brahmakumaris.com/soul-sustenance/avoid-showing-off-and-experience-humility/,Setup 301 Redirect to Primary Page and remove duplicate from sitemap
100.0%,https://www.brahmakumaris.com/soul-sustenance/avoid-showing-off-and-experience-humility/,https://www.brahmakumaris.com/soul-sustenance/realizing-and-experiencing-the-i-inside-part-1/,Setup 301 Redirect to Primary Page and remove duplicate from sitemap
100.0%,https://www.brahmakumaris.com/soul-sustenance/avoid-showing-off-and-experience-humility/,https://www.brahmakumaris.com/soul-sustenance/25th-mar-2023-ss/,Setup 301 Redirect to Primary Page and remove duplicate from sitemap
100.0%,https://www.brahmakumaris.com/soul-sustenance/avoid-showing-off-and-experience-humility/,https://www.brahmakumaris.com/soul-sustenance/overcoming-worry-by-changing-your-beliefs-part-2/,Setup 301 Redirect to Primary Page and remove duplicate from sitemap
100.0%,https://www.brahmakumaris.com/soul-sustenance/12th-jul-soul-sustenance/,https://www.brahmakumaris.com/soul-sustenance/avoid-showing-off-and-experience-humility/,Setup 301 Redirect to Primary Page and remove duplicate from sitemap
100.0%,https://www.brahmakumaris.com/soul-sustenance/avoid-showing-off-and-experience-humility/,https://www.brahmakumaris.com/soul-sustenance/the-5-qualifications-of-deities-or-devi-devtas/,Setup 301 Redirect to Primary Page and remove duplicate from sitemap
100.0%,https://www.brahmakumaris.com/soul-sustenance/avoid-showing-off-and-experience-humility/,https://www.brahmakumaris.com/soul-sustenance/encourage-and-appreciate-children-for-using-values/,Setup 301 Redirect to Primary Page and remove duplicate from sitemap
100.0%,https://www.brahmakumaris.com/soul-sustenance/02nd-aug-soul-sustenance/,https://www.brahmakumaris.com/soul-sustenance/avoid-showing-off-and-experience-humility/,Setup 301 Redirect to Primary Page and remove duplicate from sitemap
100.0%,https://www.brahmakumaris.com/soul-sustenance/being-patient-in-every-scene-of-life/,https://www.brahmakumaris.com/soul-sustenance/avoid-showing-off-and-experience-humility/,Setup 301 Redirect to Primary Page and remove duplicate from sitemap
100.0%,https://www.brahmakumaris.com/soul-sustenance/avoid-showing-off-and-experience-humility/,https://www.brahmakumaris.com/soul-sustenance/13th-mar-2023-ss/,Setup 301 Redirect to Primary Page and remove duplicate from sitemap
100.0%,https://www.brahmakumaris.com/soul-sustenance/avoid-showing-off-and-experience-humility/,https://www.brahmakumaris.com/soul-sustenance/the-spiritual-significance-of-ganesh-chaturthi-part-2/,Setup 301 Redirect to Primary Page and remove duplicate from sitemap
100.0%,https://www.brahmakumaris.com/soul-sustenance/avoid-showing-off-and-experience-humility/,https://www.brahmakumaris.com/soul-sustenance/ss-hindi/apne-antargyan-andar-ki-awaaz-ko-sunne-ka-abhyas-karein/,Setup 301 Redirect to Primary Page and remove duplicate from sitemap
100.0%,https://www.brahmakumaris.com/soul-sustenance/avoid-showing-off-and-experience-humility/,https://www.brahmakumaris.com/soul-sustenance/ss-hindi/vicharon-par-nakaratmak-prabhav-se-upar-uthna-bhag-2/,Setup 301 Redirect to Primary Page and remove duplicate from sitemap
100.0%,https://www.brahmakumaris.com/soul-sustenance/avoid-showing-off-and-experience-humility/,https://www.brahmakumaris.com/soul-sustenance/24th-may-2023-ss/,Setup 301 Redirect to Primary Page and remove duplicate from sitemap
100.0%,https://www.brahmakumaris.com/soul-sustenance/avoid-showing-off-and-experience-humility/,https://www.brahmakumaris.com/soul-sustenance/ss-hindi/10th-mar-2023-ssh/,Setup 301 Redirect to Primary Page and remove duplicate from sitemap
100.0%,https://www.brahmakumaris.com/soul-sustenance/the-mind-in-control-part-1/,https://www.brahmakumaris.com/soul-sustenance/avoid-showing-off-and-experience-humility/,Setup 301 Redirect to Primary Page and remove duplicate from sitemap
100.0%,https://www.brahmakumaris.com/soul-sustenance/avoid-showing-off-and-experience-humility/,https://www.brahmakumaris.com/soul-sustenance/success-in-every-sphere-of-life-with-spirituality/,Setup 301 Redirect to Primary Page and remove duplicate from sitemap
100.0%,https://www.brahmakumaris.com/soul-sustenance/avoid-showing-off-and-experience-humility/,https://www.brahmakumaris.com/soul-sustenance/ss-hindi/7th-may-2023-ssh/,Setup 301 Redirect to Primary Page and remove duplicate from sitemap
100.0%,https://www.brahmakumaris.com/soul-sustenance/30th-may-soul-sustenance/,https://www.brahmakumaris.com/soul-sustenance/avoid-showing-off-and-experience-humility/,Setup 301 Redirect to Primary Page and remove duplicate from sitemap
100.0%,https://www.brahmakumaris.com/soul-sustenance/avoid-showing-off-and-experience-humility/,https://www.brahmakumaris.com/soul-sustenance/27th-dec-2022-ss/,Setup 301 Redirect to Primary Page and remove duplicate from sitemap
100.0%,https://www.brahmakumaris.com/soul-sustenance/avoid-showing-off-and-experience-humility/,https://www.brahmakumaris.com/soul-sustenance/burning-the-inner-ravan-and-experiencing-freedom-part-2/,Setup 301 Redirect to Primary Page and remove duplicate from sitemap
100.0%,https://www.brahmakumaris.com/soul-sustenance/avoid-showing-off-and-experience-humility/,https://www.brahmakumaris.com/soul-sustenance/8-steps-on-the-road-to-success-part-3/,Setup 301 Redirect to Primary Page and remove duplicate from sitemap
100.0%,https://www.brahmakumaris.com/soul-sustenance/avoid-showing-off-and-experience-humility/,https://www.brahmakumaris.com/soul-sustenance/ss-hindi/sahi-tarike-se-karya-karne-ka-chunav-karien-bhag-1/,Setup 301 Redirect to Primary Page and remove duplicate from sitemap
100.0%,https://www.brahmakumaris.com/soul-sustenance/4th-march-soul-sustenance/,https://www.brahmakumaris.com/soul-sustenance/avoid-showing-off-and-experience-humility/,Setup 301 Redirect to Primary Page and remove duplicate from sitemap
100.0%,https://www.brahmakumaris.com/soul-sustenance/stop-entangling-with-peoples-energies/,https://www.brahmakumaris.com/soul-sustenance/avoid-showing-off-and-experience-humility/,Setup 301 Redirect to Primary Page and remove duplicate from sitemap
100.0%,https://www.brahmakumaris.com/soul-sustenance/being-non-judgmental-in-relationships/,https://www.brahmakumaris.com/soul-sustenance/avoid-showing-off-and-experience-humility/,Setup 301 Redirect to Primary Page and remove duplicate from sitemap
100.0%,https://www.brahmakumaris.com/soul-sustenance/avoid-showing-off-and-experience-humility/,https://www.brahmakumaris.com/soul-sustenance/ss-hindi/mansik-dabav-aur-tanaav-par-kaabu-kaise-paayein-bhag-2-2/,Setup 301 Redirect to Primary Page and remove duplicate from sitemap
100.0%,https://www.brahmakumaris.com/soul-sustenance/avoid-showing-off-and-experience-humility/,https://www.brahmakumaris.com/soul-sustenance/ss-hindi/rishton-mein-sangharsh-ko-kaise-suljhayein-bhag-1/,Setup 301 Redirect to Primary Page and remove duplicate from sitemap
100.0%,https://www.brahmakumaris.com/soul-sustenance/avoid-showing-off-and-experience-humility/,https://www.brahmakumaris.com/soul-sustenance/ss-hindi/25th-jun-2023-ssh/,Setup 301 Redirect to Primary Page and remove duplicate from sitemap
100.0%,https://www.brahmakumaris.com/soul-sustenance/lets-create-a-beautiful-and-free-world/,https://www.brahmakumaris.com/soul-sustenance/avoid-showing-off-and-experience-humility/,Setup 301 Redirect to Primary Page and remove duplicate from sitemap
100.0%,https://www.brahmakumaris.com/soul-sustenance/when-to-tolerate-and-when-to-face/,https://www.brahmakumaris.com/soul-sustenance/avoid-showing-off-and-experience-humility/,Setup 301 Redirect to Primary Page and remove duplicate from sitemap
100.0%,https://www.brahmakumaris.com/soul-sustenance/avoid-showing-off-and-experience-humility/,https://www.brahmakumaris.com/soul-sustenance/5-ways-to-take-blessings-from-god-the-supreme-guru/,Setup 301 Redirect to Primary Page and remove duplicate from sitemap
100.0%,https://www.brahmakumaris.com/soul-sustenance/19th-nov-soul-sustenance/,https://www.brahmakumaris.com/soul-sustenance/avoid-showing-off-and-experience-humility/,Setup 301 Redirect to Primary Page and remove duplicate from sitemap
100.0%,https://www.brahmakumaris.com/soul-sustenance/am-i-a-good-gods-child/,https://www.brahmakumaris.com/soul-sustenance/avoid-showing-off-and-experience-humility/,Setup 301 Redirect to Primary Page and remove duplicate from sitemap
100.0%,https://www.brahmakumaris.com/soul-sustenance/avoid-showing-off-and-experience-humility/,https://www.brahmakumaris.com/soul-sustenance/ss-hindi/apne-mul-swabhav-shanti-aur-prem-ka-anubhav-karein-bhag-1/,Setup 301 Redirect to Primary Page and remove duplicate from sitemap
100.0%,https://www.brahmakumaris.com/soul-sustenance/avoid-showing-off-and-experience-humility/,https://www.brahmakumaris.com/soul-sustenance/ss-hindi/iswar-ke-prem-aur-madad-dwara-sakaratmakta-ka-anubhav-karein-bhag-3/,Setup 301 Redirect to Primary Page and remove duplicate from sitemap
100.0%,https://www.brahmakumaris.com/soul-sustenance/avoid-showing-off-and-experience-humility/,https://www.brahmakumaris.com/soul-sustenance/2nd-apr-2023-ss/,Setup 301 Redirect to Primary Page and remove duplicate from sitemap
100.0%,https://www.brahmakumaris.com/soul-sustenance/avoid-showing-off-and-experience-humility/,https://www.brahmakumaris.com/soul-sustenance/ss-hindi/sanskari-bachche-ki-maa-ke-5-gun/,Setup 301 Redirect to Primary Page and remove duplicate from sitemap
100.0%,https://www.brahmakumaris.com/soul-sustenance/avoid-showing-off-and-experience-humility/,https://www.brahmakumaris.com/soul-sustenance/creating-right-thoughts-when-taking-medicines/,Setup 301 Redirect to Primary Page and remove duplicate from sitemap
100.0%,https://www.brahmakumaris.com/soul-sustenance/avoid-showing-off-and-experience-humility/,https://www.brahmakumaris.com/soul-sustenance/ss-hindi/rishton-mei-non-judgemental-banein/,Setup 301 Redirect to Primary Page and remove duplicate from sitemap
100.0%,https://www.brahmakumaris.com/soul-sustenance/how-to-bless-yourself/,https://www.brahmakumaris.com/soul-sustenance/avoid-showing-off-and-experience-humility/,Setup 301 Redirect to Primary Page and remove duplicate from sitemap
100.0%,https://www.brahmakumaris.com/soul-sustenance/let-go-of-ego/,https://www.brahmakumaris.com/soul-sustenance/avoid-showing-off-and-experience-humility/,Setup 301 Redirect to Primary Page and remove duplicate from sitemap
100.0%,https://www.brahmakumaris.com/soul-sustenance/avoid-showing-off-and-experience-humility/,https://www.brahmakumaris.com/soul-sustenance/12th-feb-2023-ss/,Setup 301 Redirect to Primary Page and remove duplicate from sitemap
100.0%,https://www.brahmakumaris.com/soul-sustenance/dont-justify-impulsive-reactions/,https://www.brahmakumaris.com/soul-sustenance/avoid-showing-off-and-experience-humility/,Setup 301 Redirect to Primary Page and remove duplicate from sitemap
100.0%,https://www.brahmakumaris.com/soul-sustenance/avoid-showing-off-and-experience-humility/,https://www.brahmakumaris.com/soul-sustenance/ss-hindi/parmatma-ke-sapno-ka-bharat-banein-bhag-1-swatantrata-divas-15-august-par-aadhytmik-sandesh/,Setup 301 Redirect to Primary Page and remove duplicate from sitemap
100.0%,https://www.brahmakumaris.com/soul-sustenance/11th-jun-soul-sustenance/,https://www.brahmakumaris.com/soul-sustenance/avoid-showing-off-and-experience-humility/,Setup 301 Redirect to Primary Page and remove duplicate from sitemap
100.0%,https://www.brahmakumaris.com/soul-sustenance/avoid-showing-off-and-experience-humility/,https://www.brahmakumaris.com/soul-sustenance/experiencing-the-spiritual-beauty-of-christmas-part-2/,Setup 301 Redirect to Primary Page and remove duplicate from sitemap
100.0%,https://www.brahmakumaris.com/soul-sustenance/avoid-showing-off-and-experience-humility/,https://www.brahmakumaris.com/soul-sustenance/ss-hindi/jeevan-ke-adrushya-support-system-bhag-1/,Setup 301 Redirect to Primary Page and remove duplicate from sitemap
100.0%,https://www.brahmakumaris.com/soul-sustenance/avoid-showing-off-and-experience-humility/,https://www.brahmakumaris.com/soul-sustenance/14th-apr-2023-ss/,Setup 301 Redirect to Primary Page and remove duplicate from sitemap
100.0%,https://www.brahmakumaris.com/soul-sustenance/avoid-showing-off-and-experience-humility/,https://www.brahmakumaris.com/soul-sustenance/ss-hindi/kya-prem-aur-dard-sath-sath-chalte-hein-bhag-1/,Setup 301 Redirect to Primary Page and remove duplicate from sitemap
100.0%,https://www.brahmakumaris.com/soul-sustenance/avoid-showing-off-and-experience-humility/,https://www.brahmakumaris.com/soul-sustenance/ss-hindi/nirantar-high-self-esteem-ka-anubhav-kaise-karein/,Setup 301 Redirect to Primary Page and remove duplicate from sitemap
100.0%,https://www.brahmakumaris.com/soul-sustenance/avoid-showing-off-and-experience-humility/,https://www.brahmakumaris.com/soul-sustenance/a-message-from-god-on-maha-shivratri-part-4/,Setup 301 Redirect to Primary Page and remove duplicate from sitemap
100.0%,https://www.brahmakumaris.com/soul-sustenance/avoid-showing-off-and-experience-humility/,https://www.brahmakumaris.com/soul-sustenance/5-benefits-of-sleeping-early-and-waking-up-early/,Setup 301 Redirect to Primary Page and remove duplicate from sitemap
100.0%,https://www.brahmakumaris.com/soul-sustenance/02nd-jul-soul-sustenance/,https://www.brahmakumaris.com/soul-sustenance/avoid-showing-off-and-experience-humility/,Setup 301 Redirect to Primary Page and remove duplicate from sitemap
100.0%,https://www.brahmakumaris.com/soul-sustenance/avoid-showing-off-and-experience-humility/,https://www.brahmakumaris.com/soul-sustenance/love-others-without-any-expectations-and-conditions/,Setup 301 Redirect to Primary Page and remove duplicate from sitemap
100.0%,https://www.brahmakumaris.com/soul-sustenance/avoid-showing-off-and-experience-humility/,https://www.brahmakumaris.com/soul-sustenance/overcoming-anger-5-keys-to-success-part-2/,Setup 301 Redirect to Primary Page and remove duplicate from sitemap
100.0%,https://www.brahmakumaris.com/soul-sustenance/avoid-showing-off-and-experience-humility/,https://www.brahmakumaris.com/soul-sustenance/ss-hindi/15th-mar-2023-ssh/,Setup 301 Redirect to Primary Page and remove duplicate from sitemap
100.0%,https://www.brahmakumaris.com/soul-sustenance/the-triangle-of-spiritual-energy/,https://www.brahmakumaris.com/soul-sustenance/avoid-showing-off-and-experience-humility/,Setup 301 Redirect to Primary Page and remove duplicate from sitemap
100.0%,https://www.brahmakumaris.com/soul-sustenance/what-you-believe-is-what-you-achieve/,https://www.brahmakumaris.com/soul-sustenance/avoid-showing-off-and-experience-humility/,Setup 301 Redirect to Primary Page and remove duplicate from sitemap
100.0%,https://www.brahmakumaris.com/soul-sustenance/avoid-showing-off-and-experience-humility/,https://www.brahmakumaris.com/soul-sustenance/ss-hindi/meditation-rupi-naal-dwara-parmatma-se-judein-bhag-1/,Setup 301 Redirect to Primary Page and remove duplicate from sitemap
100.0%,https://www.brahmakumaris.com/soul-sustenance/avoid-showing-off-and-experience-humility/,https://www.brahmakumaris.com/soul-sustenance/ss-hindi/parmatma-kaise-is-vishva-ko-pure-banate-hain-bhag-1/,Setup 301 Redirect to Primary Page and remove duplicate from sitemap
100.0%,https://www.brahmakumaris.com/soul-sustenance/ss-hindi/rishton-mein-peeda-se-mukti/,https://www.brahmakumaris.com/soul-sustenance/avoid-showing-off-and-experience-humility/,Setup 301 Redirect to Primary Page and remove duplicate from sitemap
100.0%,https://www.brahmakumaris.com/soul-sustenance/ruling-and-controlling-the-5-senses/,https://www.brahmakumaris.com/soul-sustenance/avoid-showing-off-and-experience-humility/,Setup 301 Redirect to Primary Page and remove duplicate from sitemap
100.0%,https://www.brahmakumaris.com/soul-sustenance/23rd-jul-soul-sustenance/,https://www.brahmakumaris.com/soul-sustenance/avoid-showing-off-and-experience-humility/,Setup 301 Redirect to Primary Page and remove duplicate from sitemap
100.0%,https://www.brahmakumaris.com/soul-sustenance/avoid-showing-off-and-experience-humility/,https://www.brahmakumaris.com/soul-sustenance/ss-hindi/sambandhon-ko-sundar-banaein-ahankar-ko-tyaagein-bhag-1/,Setup 301 Redirect to Primary Page and remove duplicate from sitemap
100.0%,https://www.brahmakumaris.com/soul-sustenance/avoid-showing-off-and-experience-humility/,https://www.brahmakumaris.com/soul-sustenance/building-beautiful-and-blissful-relationships/,Setup 301 Redirect to Primary Page and remove duplicate from sitemap
100.0%,https://www.brahmakumaris.com/soul-sustenance/avoid-showing-off-and-experience-humility/,https://www.brahmakumaris.com/soul-sustenance/ss-hindi/man-ke-liye-healthy-emotional-diet-bhag-2/,Setup 301 Redirect to Primary Page and remove duplicate from sitemap
100.0%,https://www.brahmakumaris.com/soul-sustenance/avoid-showing-off-and-experience-humility/,https://www.brahmakumaris.com/soul-sustenance/ss-hindi/9th-aug-2023-ssh/,Setup 301 Redirect to Primary Page and remove duplicate from sitemap
100.0%,https://www.brahmakumaris.com/soul-sustenance/avoid-showing-off-and-experience-humility/,https://www.brahmakumaris.com/soul-sustenance/6th-may-2023-ss/,Setup 301 Redirect to Primary Page and remove duplicate from sitemap
100.0%,https://www.brahmakumaris.com/soul-sustenance/5-ways-to-remain-stable-in-change/,https://www.brahmakumaris.com/soul-sustenance/avoid-showing-off-and-experience-humility/,Setup 301 Redirect to Primary Page and remove duplicate from sitemap
100.0%,https://www.brahmakumaris.com/soul-sustenance/avoid-showing-off-and-experience-humility/,https://www.brahmakumaris.com/soul-sustenance/cooking-and-eating-with-a-spiritual-vibration-part-3/,Setup 301 Redirect to Primary Page and remove duplicate from sitemap
100.0%,https://www.brahmakumaris.com/soul-sustenance/avoid-showing-off-and-experience-humility/,https://www.brahmakumaris.com/soul-sustenance/ss-hindi/sada-khush-rahne-ke-liye-swayam-se-ishwar-se-aur-dusron-se-prem-kar-bhag-3/,Setup 301 Redirect to Primary Page and remove duplicate from sitemap
100.0%,https://www.brahmakumaris.com/soul-sustenance/avoid-showing-off-and-experience-humility/,https://www.brahmakumaris.com/soul-sustenance/ss-hindi/mansik-dabav-aur-tanaav-par-kaabu-kaise-paayein-bhag-1-2/,Setup 301 Redirect to Primary Page and remove duplicate from sitemap
100.0%,https://www.brahmakumaris.com/soul-sustenance/an-attitude-of-abundance/,https://www.brahmakumaris.com/soul-sustenance/avoid-showing-off-and-experience-humility/,Setup 301 Redirect to Primary Page and remove duplicate from sitemap
100.0%,https://www.brahmakumaris.com/soul-sustenance/avoid-showing-off-and-experience-humility/,https://www.brahmakumaris.com/soul-sustenance/experiencing-freedom-from-hurt-in-relationships-part-2/,Setup 301 Redirect to Primary Page and remove duplicate from sitemap
100.0%,https://www.brahmakumaris.com/soul-sustenance/avoid-showing-off-and-experience-humility/,https://www.brahmakumaris.com/soul-sustenance/ss-hindi/sambandhon-mei-samnjasya-banae-rakhne-ki-jimmedari-lena/,Setup 301 Redirect to Primary Page and remove duplicate from sitemap
100.0%,https://www.brahmakumaris.com/soul-sustenance/avoid-showing-off-and-experience-humility/,https://www.brahmakumaris.com/soul-sustenance/3-steps-for-creating-a-positive-present-and-future-part-2/,Setup 301 Redirect to Primary Page and remove duplicate from sitemap
100.0%,https://www.brahmakumaris.com/soul-sustenance/avoid-showing-off-and-experience-humility/,https://www.brahmakumaris.com/soul-sustenance/ss-hindi/27th-may-2023-ssh/,Setup 301 Redirect to Primary Page and remove duplicate from sitemap
100.0%,https://www.brahmakumaris.com/soul-sustenance/avoid-showing-off-and-experience-humility/,https://www.brahmakumaris.com/soul-sustenance/ss-hindi/dikhave-se-bachein-aur-vinamrata-anubhav-karein/,Setup 301 Redirect to Primary Page and remove duplicate from sitemap
100.0%,https://www.brahmakumaris.com/soul-sustenance/10th-june-soul-sustenance/,https://www.brahmakumaris.com/soul-sustenance/avoid-showing-off-and-experience-humility/,Setup 301 Redirect to Primary Page and remove duplicate from sitemap
100.0%,https://www.brahmakumaris.com/soul-sustenance/avoid-showing-off-and-experience-humility/,https://www.brahmakumaris.com/soul-sustenance/ss-hindi/sway-par-nakaratmakta-ka-lebal-na-lagayein/,Setup 301 Redirect to Primary Page and remove duplicate from sitemap
100.0%,https://www.brahmakumaris.com/soul-sustenance/06th-dec-soul-sustenance/,https://www.brahmakumaris.com/soul-sustenance/avoid-showing-off-and-experience-humility/,Setup 301 Redirect to Primary Page and remove duplicate from sitemap
100.0%,https://www.brahmakumaris.com/soul-sustenance/avoid-showing-off-and-experience-humility/,https://www.brahmakumaris.com/soul-sustenance/ss-hindi/gadget-ke-addiction-par-kabu-kaise-paayein/,Setup 301 Redirect to Primary Page and remove duplicate from sitemap
100.0%,https://www.brahmakumaris.com/soul-sustenance/avoid-showing-off-and-experience-humility/,https://www.brahmakumaris.com/soul-sustenance/ss-hindi/aaiye-srikrishna-jaise-sundar-aur-divya-banein-srikrishna-janmashtmi-par-aadhyatmik-sandesh/,Setup 301 Redirect to Primary Page and remove duplicate from sitemap
100.0%,https://www.brahmakumaris.com/soul-sustenance/5-tips-to-remain-free-from-hurry/,https://www.brahmakumaris.com/soul-sustenance/avoid-showing-off-and-experience-humility/,Setup 301 Redirect to Primary Page and remove duplicate from sitemap
100.0%,https://www.brahmakumaris.com/soul-sustenance/avoid-showing-off-and-experience-humility/,https://www.brahmakumaris.com/soul-sustenance/ss-hindi/28th-mar-2023-ssh/,Setup 301 Redirect to Primary Page and remove duplicate from sitemap
100.0%,https://www.brahmakumaris.com/soul-sustenance/avoid-showing-off-and-experience-humility/,https://www.brahmakumaris.com/soul-sustenance/ss-hindi/jab-hum-badlenge-tab-dusre-log-bhi-badlenge-bhag-2/,Setup 301 Redirect to Primary Page and remove duplicate from sitemap
100.0%,https://www.brahmakumaris.com/soul-sustenance/avoid-showing-off-and-experience-humility/,https://www.brahmakumaris.com/soul-sustenance/ss-hindi/10th-may-2023-ssh/,Setup 301 Redirect to Primary Page and remove duplicate from sitemap
100.0%,https://www.brahmakumaris.com/soul-sustenance/avoid-showing-off-and-experience-humility/,https://www.brahmakumaris.com/soul-sustenance/keep-giving-to-others-constantly-part-2/,Setup 301 Redirect to Primary Page and remove duplicate from sitemap
100.0%,https://www.brahmakumaris.com/soul-sustenance/avoid-showing-off-and-experience-humility/,https://www.brahmakumaris.com/soul-sustenance/ss-hindi/gyan-ka-manthan-karke-uske-fayde-anubhav-karein-bhag-1/,Setup 301 Redirect to Primary Page and remove duplicate from sitemap
100.0%,https://www.brahmakumaris.com/soul-sustenance/overcoming-absent-mindedness/,https://www.brahmakumaris.com/soul-sustenance/avoid-showing-off-and-experience-humility/,Setup 301 Redirect to Primary Page and remove duplicate from sitemap
100.0%,https://www.brahmakumaris.com/soul-sustenance/avoid-showing-off-and-experience-humility/,https://www.brahmakumaris.com/soul-sustenance/ss-hindi/safalta-prapt-karne-ke-liye-soul-aur-role-power-ka-santulan-banaye-rakhein-bhag-1/,Setup 301 Redirect to Primary Page and remove duplicate from sitemap
100.0%,https://www.brahmakumaris.com/soul-sustenance/11th-april-soul-sustenance/,https://www.brahmakumaris.com/soul-sustenance/avoid-showing-off-and-experience-humility/,Setup 301 Redirect to Primary Page and remove duplicate from sitemap
100.0%,https://www.brahmakumaris.com/soul-sustenance/avoid-showing-off-and-experience-humility/,https://www.brahmakumaris.com/soul-sustenance/16th-apr-2023-ss/,Setup 301 Redirect to Primary Page and remove duplicate from sitemap
100.0%,https://www.brahmakumaris.com/soul-sustenance/25th-oct-soul-sustenance/,https://www.brahmakumaris.com/soul-sustenance/avoid-showing-off-and-experience-humility/,Setup 301 Redirect to Primary Page and remove duplicate from sitemap
100.0%,https://www.brahmakumaris.com/soul-sustenance/22nd-oct-soul-sustenance/,https://www.brahmakumaris.com/soul-sustenance/avoid-showing-off-and-experience-humility/,Setup 301 Redirect to Primary Page and remove duplicate from sitemap
100.0%,https://www.brahmakumaris.com/soul-sustenance/avoid-showing-off-and-experience-humility/,https://www.brahmakumaris.com/soul-sustenance/creating-a-positive-destiny-with-positive-information-part-2/,Setup 301 Redirect to Primary Page and remove duplicate from sitemap
100.0%,https://www.brahmakumaris.com/soul-sustenance/hold-on-to-your-values-at-every-step/,https://www.brahmakumaris.com/soul-sustenance/avoid-showing-off-and-experience-humility/,Setup 301 Redirect to Primary Page and remove duplicate from sitemap
100.0%,https://www.brahmakumaris.com/soul-sustenance/15th-february-soul-sustenance/,https://www.brahmakumaris.com/soul-sustenance/avoid-showing-off-and-experience-humility/,Setup 301 Redirect to Primary Page and remove duplicate from sitemap
100.0%,https://www.brahmakumaris.com/soul-sustenance/avoid-showing-off-and-experience-humility/,https://www.brahmakumaris.com/soul-sustenance/ss-hindi/safalta-ke-5-khoobsurat-pahlu-bhag-2/,Setup 301 Redirect to Primary Page and remove duplicate from sitemap
100.0%,https://www.brahmakumaris.com/soul-sustenance/07th-aug-soul-sustenance/,https://www.brahmakumaris.com/soul-sustenance/avoid-showing-off-and-experience-humility/,Setup 301 Redirect to Primary Page and remove duplicate from sitemap
100.0%,https://www.brahmakumaris.com/soul-sustenance/08th-sep-soul-sustenance/,https://www.brahmakumaris.com/soul-sustenance/avoid-showing-off-and-experience-humility/,Setup 301 Redirect to Primary Page and remove duplicate from sitemap
100.0%,https://www.brahmakumaris.com/soul-sustenance/15th-jul-soul-sustenance/,https://www.brahmakumaris.com/soul-sustenance/avoid-showing-off-and-experience-humility/,Setup 301 Redirect to Primary Page and remove duplicate from sitemap
100.0%,https://www.brahmakumaris.com/soul-sustenance/is-life-a-competition-for-you/,https://www.brahmakumaris.com/soul-sustenance/avoid-showing-off-and-experience-humility/,Setup 301 Redirect to Primary Page and remove duplicate from sitemap
100.0%,https://www.brahmakumaris.com/soul-sustenance/28th-aug-soul-sustenance/,https://www.brahmakumaris.com/soul-sustenance/avoid-showing-off-and-experience-humility/,Setup 301 Redirect to Primary Page and remove duplicate from sitemap
100.0%,https://www.brahmakumaris.com/soul-sustenance/avoid-showing-off-and-experience-humility/,https://www.brahmakumaris.com/soul-sustenance/overcoming-constant-pressure-to-perform-well/,Setup 301 Redirect to Primary Page and remove duplicate from sitemap
100.0%,https://www.brahmakumaris.com/soul-sustenance/healing-and-deleting-past-hurt/,https://www.brahmakumaris.com/soul-sustenance/avoid-showing-off-and-experience-humility/,Setup 301 Redirect to Primary Page and remove duplicate from sitemap
100.0%,https://www.brahmakumaris.com/soul-sustenance/avoid-showing-off-and-experience-humility/,https://www.brahmakumaris.com/soul-sustenance/accept-imperfections-and-remain-joyful-and-loveful-always/,Setup 301 Redirect to Primary Page and remove duplicate from sitemap
100.0%,https://www.brahmakumaris.com/soul-sustenance/happier-you-for-a-healthier-you/,https://www.brahmakumaris.com/soul-sustenance/avoid-showing-off-and-experience-humility/,Setup 301 Redirect to Primary Page and remove duplicate from sitemap
100.0%,https://www.brahmakumaris.com/soul-sustenance/avoid-showing-off-and-experience-humility/,https://www.brahmakumaris.com/soul-sustenance/ss-hindi/jimmedariyon-ko-dusron-ko-saunpana/,Setup 301 Redirect to Primary Page and remove duplicate from sitemap
100.0%,https://www.brahmakumaris.com/soul-sustenance/avoid-showing-off-and-experience-humility/,https://www.brahmakumaris.com/soul-sustenance/experience-happiness-in-thoughts-not-things/,Setup 301 Redirect to Primary Page and remove duplicate from sitemap
100.0%,https://www.brahmakumaris.com/soul-sustenance/avoid-showing-off-and-experience-humility/,https://www.brahmakumaris.com/soul-sustenance/ss-hindi/dusron-ko-copy-na-karein-swayam-ke-liye-achche-banein/,Setup 301 Redirect to Primary Page and remove duplicate from sitemap
100.0%,https://www.brahmakumaris.com/soul-sustenance/believe-and-you-will-succeed/,https://www.brahmakumaris.com/soul-sustenance/avoid-showing-off-and-experience-humility/,Setup 301 Redirect to Primary Page and remove duplicate from sitemap
100.0%,https://www.brahmakumaris.com/soul-sustenance/avoid-showing-off-and-experience-humility/,https://www.brahmakumaris.com/soul-sustenance/ss-hindi/sarahe-jaane-aur-aalochana-kiye-jaane-par-stable-rahein/,Setup 301 Redirect to Primary Page and remove duplicate from sitemap
100.0%,https://www.brahmakumaris.com/soul-sustenance/avoid-showing-off-and-experience-humility/,https://www.brahmakumaris.com/soul-sustenance/how-to-meditate-a-basic-meditation-commentary-part-2/,Setup 301 Redirect to Primary Page and remove duplicate from sitemap
100.0%,https://www.brahmakumaris.com/soul-sustenance/29th-oct-soul-sustenance/,https://www.brahmakumaris.com/soul-sustenance/avoid-showing-off-and-experience-humility/,Setup 301 Redirect to Primary Page and remove duplicate from sitemap
100.0%,https://www.brahmakumaris.com/soul-sustenance/avoid-showing-off-and-experience-humility/,https://www.brahmakumaris.com/soul-sustenance/the-invisible-support-system-of-life-part-1/,Setup 301 Redirect to Primary Page and remove duplicate from sitemap
100.0%,https://www.brahmakumaris.com/soul-sustenance/avoid-showing-off-and-experience-humility/,https://www.brahmakumaris.com/soul-sustenance/ss-hindi/negative-situations-ko-teen-steps-mein-resolve-karein-bhag-1/,Setup 301 Redirect to Primary Page and remove duplicate from sitemap
100.0%,https://www.brahmakumaris.com/soul-sustenance/avoid-showing-off-and-experience-humility/,https://www.brahmakumaris.com/soul-sustenance/ss-hindi/bhavnatmak-swatantrata-adhunik-duniya-part-2/,Setup 301 Redirect to Primary Page and remove duplicate from sitemap
100.0%,https://www.brahmakumaris.com/soul-sustenance/meeting-peoples-expectations/,https://www.brahmakumaris.com/soul-sustenance/avoid-showing-off-and-experience-humility/,Setup 301 Redirect to Primary Page and remove duplicate from sitemap
100.0%,https://www.brahmakumaris.com/soul-sustenance/avoid-showing-off-and-experience-humility/,https://www.brahmakumaris.com/soul-sustenance/the-divine-meaning-of-dussehra-part-2/,Setup 301 Redirect to Primary Page and remove duplicate from sitemap
100.0%,https://www.brahmakumaris.com/soul-sustenance/avoid-showing-off-and-experience-humility/,https://www.brahmakumaris.com/soul-sustenance/ss-hindi/5th-apr-2023-ssh/,Setup 301 Redirect to Primary Page and remove duplicate from sitemap
100.0%,https://www.brahmakumaris.com/soul-sustenance/avoid-showing-off-and-experience-humility/,https://www.brahmakumaris.com/soul-sustenance/the-divinity-and-spirituality-of-ganesh-chaturthi-part-2/,Setup 301 Redirect to Primary Page and remove duplicate from sitemap
100.0%,https://www.brahmakumaris.com/soul-sustenance/avoid-showing-off-and-experience-humility/,https://www.brahmakumaris.com/soul-sustenance/ss-hindi/kam-bolein-dheere-bolein-aur-meetha-bolein/,Setup 301 Redirect to Primary Page and remove duplicate from sitemap
100.0%,https://www.brahmakumaris.com/soul-sustenance/avoid-showing-off-and-experience-humility/,https://www.brahmakumaris.com/soul-sustenance/ss-hindi/aadhyatmikta-ki-shakti-se-nakaratmak-parishthitiyon-ko-kaise-paar-karein-bhag-1/,Setup 301 Redirect to Primary Page and remove duplicate from sitemap
100.0%,https://www.brahmakumaris.com/soul-sustenance/26th-sep-soul-sustenance/,https://www.brahmakumaris.com/soul-sustenance/avoid-showing-off-and-experience-humility/,Setup 301 Redirect to Primary Page and remove duplicate from sitemap
100.0%,https://www.brahmakumaris.com/soul-sustenance/avoid-showing-off-and-experience-humility/,https://www.brahmakumaris.com/soul-sustenance/ss-hindi/prashansha-ki-ichcha-se-mukt-hona-bhag-3/,Setup 301 Redirect to Primary Page and remove duplicate from sitemap
100.0%,https://www.brahmakumaris.com/soul-sustenance/ss-hindi/jeevan-mein-bahane-banana/,https://www.brahmakumaris.com/soul-sustenance/avoid-showing-off-and-experience-humility/,Setup 301 Redirect to Primary Page and remove duplicate from sitemap
100.0%,https://www.brahmakumaris.com/soul-sustenance/10th-aug-soul-sustenance/,https://www.brahmakumaris.com/soul-sustenance/avoid-showing-off-and-experience-humility/,Setup 301 Redirect to Primary Page and remove duplicate from sitemap
100.0%,https://www.brahmakumaris.com/soul-sustenance/avoid-showing-off-and-experience-humility/,https://www.brahmakumaris.com/soul-sustenance/ss-hindi/apne-rishton-ko-khoobsurat-banane-ke-5-tarike-bhag-2/,Setup 301 Redirect to Primary Page and remove duplicate from sitemap
100.0%,https://www.brahmakumaris.com/soul-sustenance/avoid-showing-off-and-experience-humility/,https://www.brahmakumaris.com/soul-sustenance/enjoying-the-sightseeing-of-your-life-part-2/,Setup 301 Redirect to Primary Page and remove duplicate from sitemap
100.0%,https://www.brahmakumaris.com/soul-sustenance/avoid-showing-off-and-experience-humility/,https://www.brahmakumaris.com/soul-sustenance/ss-hindi/chinta-aur-tanaav-se-mukt-sansaar-ki-rachna-karein-bhag-2/,Setup 301 Redirect to Primary Page and remove duplicate from sitemap
100.0%,https://www.brahmakumaris.com/soul-sustenance/25th-nov-soul-sustenance/,https://www.brahmakumaris.com/soul-sustenance/avoid-showing-off-and-experience-humility/,Setup 301 Redirect to Primary Page and remove duplicate from sitemap
100.0%,https://www.brahmakumaris.com/soul-sustenance/avoid-showing-off-and-experience-humility/,https://www.brahmakumaris.com/soul-sustenance/realizing-the-soul-and-how-it-works-part-3/,Setup 301 Redirect to Primary Page and remove duplicate from sitemap
100.0%,https://www.brahmakumaris.com/soul-sustenance/avoid-showing-off-and-experience-humility/,https://www.brahmakumaris.com/soul-sustenance/ss-hindi/6th-apr-2023-ssh/,Setup 301 Redirect to Primary Page and remove duplicate from sitemap
100.0%,https://www.brahmakumaris.com/soul-sustenance/31st-may-soul-sustenance/,https://www.brahmakumaris.com/soul-sustenance/avoid-showing-off-and-experience-humility/,Setup 301 Redirect to Primary Page and remove duplicate from sitemap
100.0%,https://www.brahmakumaris.com/soul-sustenance/people-dont-intentionally-harm-us/,https://www.brahmakumaris.com/soul-sustenance/avoid-showing-off-and-experience-humility/,Setup 301 Redirect to Primary Page and remove duplicate from sitemap
100.0%,https://www.brahmakumaris.com/soul-sustenance/avoid-showing-off-and-experience-humility/,https://www.brahmakumaris.com/soul-sustenance/ss-hindi/meditation-aatm-parivartan-ki-ek-saral-technique-bhag-2/,Setup 301 Redirect to Primary Page and remove duplicate from sitemap
100.0%,https://www.brahmakumaris.com/soul-sustenance/24th-february-soul-sustenance/,https://www.brahmakumaris.com/soul-sustenance/avoid-showing-off-and-experience-humility/,Setup 301 Redirect to Primary Page and remove duplicate from sitemap
100.0%,https://www.brahmakumaris.com/soul-sustenance/avoid-showing-off-and-experience-humility/,https://www.brahmakumaris.com/soul-sustenance/ss-hindi/negative-situations-ko-teen-steps-mein-resolve-karein-bhag-3/,Setup 301 Redirect to Primary Page and remove duplicate from sitemap
100.0%,https://www.brahmakumaris.com/soul-sustenance/avoid-showing-off-and-experience-humility/,https://www.brahmakumaris.com/soul-sustenance/ss-hindi/20th-may-2023-ssh/,Setup 301 Redirect to Primary Page and remove duplicate from sitemap
100.0%,https://www.brahmakumaris.com/soul-sustenance/avoid-showing-off-and-experience-humility/,https://www.brahmakumaris.com/soul-sustenance/ss-hindi/sahi-aadton-ka-lagatar-palan-karna/,Setup 301 Redirect to Primary Page and remove duplicate from sitemap
100.0%,https://www.brahmakumaris.com/soul-sustenance/an-attitude-of-gratitude/,https://www.brahmakumaris.com/soul-sustenance/avoid-showing-off-and-experience-humility/,Setup 301 Redirect to Primary Page and remove duplicate from sitemap
100.0%,https://www.brahmakumaris.com/soul-sustenance/avoid-showing-off-and-experience-humility/,https://www.brahmakumaris.com/soul-sustenance/14th-jan-2023-ss/,Setup 301 Redirect to Primary Page and remove duplicate from sitemap
100.0%,https://www.brahmakumaris.com/soul-sustenance/avoid-showing-off-and-experience-humility/,https://www.brahmakumaris.com/soul-sustenance/ss-hindi/doing-se-pahle-being-par-focus-karein/,Setup 301 Redirect to Primary Page and remove duplicate from sitemap
100.0%,https://www.brahmakumaris.com/soul-sustenance/avoid-showing-off-and-experience-humility/,https://www.brahmakumaris.com/soul-sustenance/ss-hindi/aantarik-sundarta-inner-beauty-ke-teen-darpan-bhag-3/,Setup 301 Redirect to Primary Page and remove duplicate from sitemap
100.0%,https://www.brahmakumaris.com/soul-sustenance/ss-hindi/halkepan-se-let-go-karein/,https://www.brahmakumaris.com/soul-sustenance/avoid-showing-off-and-experience-humility/,Setup 301 Redirect to Primary Page and remove duplicate from sitemap
100.0%,https://www.brahmakumaris.com/soul-sustenance/ss-hindi/kya-aadar-aur-samman-alag-hein/,https://www.brahmakumaris.com/soul-sustenance/avoid-showing-off-and-experience-humility/,Setup 301 Redirect to Primary Page and remove duplicate from sitemap
100.0%,https://www.brahmakumaris.com/soul-sustenance/avoid-showing-off-and-experience-humility/,https://www.brahmakumaris.com/soul-sustenance/ss-hindi/adhyatmik-samuhon-mei-pragati-ka-anubhav-karna-bhag-1/,Setup 301 Redirect to Primary Page and remove duplicate from sitemap
100.0%,https://www.brahmakumaris.com/soul-sustenance/avoid-showing-off-and-experience-humility/,https://www.brahmakumaris.com/soul-sustenance/29th-jul-2023-ss/,Setup 301 Redirect to Primary Page and remove duplicate from sitemap
100.0%,https://www.brahmakumaris.com/soul-sustenance/ss-hindi/man-ko-control-karna-bhag-1/,https://www.brahmakumaris.com/soul-sustenance/avoid-showing-off-and-experience-humility/,Setup 301 Redirect to Primary Page and remove duplicate from sitemap
100.0%,https://www.brahmakumaris.com/soul-sustenance/avoid-showing-off-and-experience-humility/,https://www.brahmakumaris.com/soul-sustenance/ss-hindi/apne-beliefs-ko-check-karein-aur-chinta-par-kabu-paayein-bhag-1/,Setup 301 Redirect to Primary Page and remove duplicate from sitemap
100.0%,https://www.brahmakumaris.com/soul-sustenance/avoid-showing-off-and-experience-humility/,https://www.brahmakumaris.com/soul-sustenance/ss-hindi/logon-ki-sachche-aur-udaar-man-se-prashansa-karna/,Setup 301 Redirect to Primary Page and remove duplicate from sitemap
100.0%,https://www.brahmakumaris.com/soul-sustenance/avoid-showing-off-and-experience-humility/,https://www.brahmakumaris.com/soul-sustenance/consciousness-cleansing-part-2/,Setup 301 Redirect to Primary Page and remove duplicate from sitemap
100.0%,https://www.brahmakumaris.com/soul-sustenance/pause-choose-respond/,https://www.brahmakumaris.com/soul-sustenance/avoid-showing-off-and-experience-humility/,Setup 301 Redirect to Primary Page and remove duplicate from sitemap
100.0%,https://www.brahmakumaris.com/soul-sustenance/09th-may-soul-sustenance/,https://www.brahmakumaris.com/soul-sustenance/avoid-showing-off-and-experience-humility/,Setup 301 Redirect to Primary Page and remove duplicate from sitemap
100.0%,https://www.brahmakumaris.com/soul-sustenance/avoid-showing-off-and-experience-humility/,https://www.brahmakumaris.com/soul-sustenance/experiencing-and-radiating-happiness-to-others-part-2/,Setup 301 Redirect to Primary Page and remove duplicate from sitemap
100.0%,https://www.brahmakumaris.com/soul-sustenance/avoid-showing-off-and-experience-humility/,https://www.brahmakumaris.com/soul-sustenance/ss-hindi/ahankar-ki-jagah-drudhta-ko-chunein/,Setup 301 Redirect to Primary Page and remove duplicate from sitemap
100.0%,https://www.brahmakumaris.com/soul-sustenance/avoid-showing-off-and-experience-humility/,https://www.brahmakumaris.com/soul-sustenance/ss-hindi/22nd-jul-2023-ssh/,Setup 301 Redirect to Primary Page and remove duplicate from sitemap
100.0%,https://www.brahmakumaris.com/soul-sustenance/avoid-showing-off-and-experience-humility/,https://www.brahmakumaris.com/soul-sustenance/ss-hindi/8th-aug-2023-ssh/,Setup 301 Redirect to Primary Page and remove duplicate from sitemap
100.0%,https://www.brahmakumaris.com/soul-sustenance/avoid-showing-off-and-experience-humility/,https://www.brahmakumaris.com/soul-sustenance/ss-hindi/shaanti-ke-gun-ko-pahchanna-aur-anubhav-karna-bhag-1/,Setup 301 Redirect to Primary Page and remove duplicate from sitemap
100.0%,https://www.brahmakumaris.com/soul-sustenance/10th-march-soul-sustenance/,https://www.brahmakumaris.com/soul-sustenance/avoid-showing-off-and-experience-humility/,Setup 301 Redirect to Primary Page and remove duplicate from sitemap
100.0%,https://www.brahmakumaris.com/soul-sustenance/avoid-showing-off-and-experience-humility/,https://www.brahmakumaris.com/soul-sustenance/should-we-be-emotional-or-not-part-2-2/,Setup 301 Redirect to Primary Page and remove duplicate from sitemap
100.0%,https://www.brahmakumaris.com/soul-sustenance/strengthening-your-shield-of-positivity/,https://www.brahmakumaris.com/soul-sustenance/avoid-showing-off-and-experience-humility/,Setup 301 Redirect to Primary Page and remove duplicate from sitemap
100.0%,https://www.brahmakumaris.com/soul-sustenance/avoid-showing-off-and-experience-humility/,https://www.brahmakumaris.com/soul-sustenance/5-ways-of-making-our-relationships-beautiful-part-1/,Setup 301 Redirect to Primary Page and remove duplicate from sitemap
100.0%,https://www.brahmakumaris.com/soul-sustenance/avoid-showing-off-and-experience-humility/,https://www.brahmakumaris.com/soul-sustenance/churning-wisdom-and-experiencing-its-benefits-part-3/,Setup 301 Redirect to Primary Page and remove duplicate from sitemap
100.0%,https://www.brahmakumaris.com/soul-sustenance/avoid-showing-off-and-experience-humility/,https://www.brahmakumaris.com/soul-sustenance/becoming-free-from-criticizing-and-judging-others/,Setup 301 Redirect to Primary Page and remove duplicate from sitemap
100.0%,https://www.brahmakumaris.com/soul-sustenance/avoid-showing-off-and-experience-humility/,https://www.brahmakumaris.com/soul-sustenance/ss-hindi/positive-soch-aur-visualisation-create-karein/,Setup 301 Redirect to Primary Page and remove duplicate from sitemap
100.0%,https://www.brahmakumaris.com/soul-sustenance/avoid-showing-off-and-experience-humility/,https://www.brahmakumaris.com/soul-sustenance/ss-hindi/apne-rishton-mein-dene-wale-banein/,Setup 301 Redirect to Primary Page and remove duplicate from sitemap
100.0%,https://www.brahmakumaris.com/soul-sustenance/avoid-showing-off-and-experience-humility/,https://www.brahmakumaris.com/soul-sustenance/ss-hindi/tanaavmukt-jeevan-ke-liye-5-steps-bhag-2/,Setup 301 Redirect to Primary Page and remove duplicate from sitemap
100.0%,https://www.brahmakumaris.com/soul-sustenance/transform-knowledge-into-wisdom/,https://www.brahmakumaris.com/soul-sustenance/avoid-showing-off-and-experience-humility/,Setup 301 Redirect to Primary Page and remove duplicate from sitemap
100.0%,https://www.brahmakumaris.com/soul-sustenance/avoid-showing-off-and-experience-humility/,https://www.brahmakumaris.com/soul-sustenance/ss-hindi/kisi-sangharsh-ke-baad-samanya-baatcheet-par-aana/,Setup 301 Redirect to Primary Page and remove duplicate from sitemap
100.0%,https://www.brahmakumaris.com/soul-sustenance/avoid-showing-off-and-experience-humility/,https://www.brahmakumaris.com/soul-sustenance/ss-hindi/16th-feb-2023-ssh/,Setup 301 Redirect to Primary Page and remove duplicate from sitemap
100.0%,https://www.brahmakumaris.com/soul-sustenance/avoid-showing-off-and-experience-humility/,https://www.brahmakumaris.com/soul-sustenance/ss-hindi/khusi-se-sahan-karein-pressure-se-nahin/,Setup 301 Redirect to Primary Page and remove duplicate from sitemap
100.0%,https://www.brahmakumaris.com/soul-sustenance/07th-oct-soul-sustenance/,https://www.brahmakumaris.com/soul-sustenance/avoid-showing-off-and-experience-humility/,Setup 301 Redirect to Primary Page and remove duplicate from sitemap
100.0%,https://www.brahmakumaris.com/soul-sustenance/avoid-showing-off-and-experience-humility/,https://www.brahmakumaris.com/soul-sustenance/giving-the-message-of-love-and-joy-to-everyone-part-2/,Setup 301 Redirect to Primary Page and remove duplicate from sitemap
100.0%,https://www.brahmakumaris.com/soul-sustenance/practical-spirituality-in-daily-life/,https://www.brahmakumaris.com/soul-sustenance/avoid-showing-off-and-experience-humility/,Setup 301 Redirect to Primary Page and remove duplicate from sitemap
100.0%,https://www.brahmakumaris.com/soul-sustenance/the-beauty-of-unconditional-love/,https://www.brahmakumaris.com/soul-sustenance/avoid-showing-off-and-experience-humility/,Setup 301 Redirect to Primary Page and remove duplicate from sitemap
100.0%,https://www.brahmakumaris.com/soul-sustenance/avoid-showing-off-and-experience-humility/,https://www.brahmakumaris.com/soul-sustenance/ss-hindi/hamen-jeevan-mein-aadhytmikta-ki-aavshyakta-kyon-hei/,Setup 301 Redirect to Primary Page and remove duplicate from sitemap
100.0%,https://www.brahmakumaris.com/soul-sustenance/avoid-showing-off-and-experience-humility/,https://www.brahmakumaris.com/soul-sustenance/ss-hindi/chetna-ki-shuddhi-bhag-2/,Setup 301 Redirect to Primary Page and remove duplicate from sitemap
100.0%,https://www.brahmakumaris.com/soul-sustenance/avoid-showing-off-and-experience-humility/,https://www.brahmakumaris.com/soul-sustenance/ss-hindi/parmatma-se-judkar-quality-recharging-karein-bhag-2/,Setup 301 Redirect to Primary Page and remove duplicate from sitemap
100.0%,https://www.brahmakumaris.com/soul-sustenance/avoid-showing-off-and-experience-humility/,https://www.brahmakumaris.com/soul-sustenance/ss-hindi/5-sanket-jo-darshate-hein-ki-achchai-ki-urja-faeil-rahi-hei/,Setup 301 Redirect to Primary Page and remove duplicate from sitemap
100.0%,https://www.brahmakumaris.com/soul-sustenance/avoid-showing-off-and-experience-humility/,https://www.brahmakumaris.com/soul-sustenance/ss-hindi/apni-limits-simaaon-aur-mental-barrier-se-upar-uthein-bhag-1/,Setup 301 Redirect to Primary Page and remove duplicate from sitemap
100.0%,https://www.brahmakumaris.com/soul-sustenance/avoid-showing-off-and-experience-humility/,https://www.brahmakumaris.com/soul-sustenance/ss-hindi/tanaavmukt-jeevan-ke-liye-5-steps-bhag-3/,Setup 301 Redirect to Primary Page and remove duplicate from sitemap
100.0%,https://www.brahmakumaris.com/soul-sustenance/02nd-may-soul-sustenance/,https://www.brahmakumaris.com/soul-sustenance/avoid-showing-off-and-experience-humility/,Setup 301 Redirect to Primary Page and remove duplicate from sitemap
100.0%,https://www.brahmakumaris.com/soul-sustenance/avoid-showing-off-and-experience-humility/,https://www.brahmakumaris.com/soul-sustenance/24th-aug-2023-ss/,Setup 301 Redirect to Primary Page and remove duplicate from sitemap
100.0%,https://www.brahmakumaris.com/soul-sustenance/avoid-showing-off-and-experience-humility/,https://www.brahmakumaris.com/soul-sustenance/stop-controlling-negatively-and-start-influencing-positively/,Setup 301 Redirect to Primary Page and remove duplicate from sitemap
100.0%,https://www.brahmakumaris.com/soul-sustenance/avoid-showing-off-and-experience-humility/,https://www.brahmakumaris.com/soul-sustenance/ss-hindi/sampurna-farishta-banne-ke-paanch-saral-kadam-part-1/,Setup 301 Redirect to Primary Page and remove duplicate from sitemap
100.0%,https://www.brahmakumaris.com/soul-sustenance/avoid-showing-off-and-experience-humility/,https://www.brahmakumaris.com/soul-sustenance/creating-the-destiny-of-your-choice-part-2/,Setup 301 Redirect to Primary Page and remove duplicate from sitemap
100.0%,https://www.brahmakumaris.com/soul-sustenance/avoid-showing-off-and-experience-humility/,https://www.brahmakumaris.com/soul-sustenance/ss-hindi/apne-vyaktitva-mei-satytaa-laayein-bhag-2/,Setup 301 Redirect to Primary Page and remove duplicate from sitemap
100.0%,https://www.brahmakumaris.com/soul-sustenance/ss-hindi/samay-abhi-hi-hei/,https://www.brahmakumaris.com/soul-sustenance/avoid-showing-off-and-experience-humility/,Setup 301 Redirect to Primary Page and remove duplicate from sitemap
100.0%,https://www.brahmakumaris.com/soul-sustenance/avoid-showing-off-and-experience-humility/,https://www.brahmakumaris.com/soul-sustenance/10th-feb-2023-ss/,Setup 301 Redirect to Primary Page and remove duplicate from sitemap
100.0%,https://www.brahmakumaris.com/soul-sustenance/avoid-showing-off-and-experience-humility/,https://www.brahmakumaris.com/soul-sustenance/21st-jun-2023-ss/,Setup 301 Redirect to Primary Page and remove duplicate from sitemap
100.0%,https://www.brahmakumaris.com/soul-sustenance/avoid-showing-off-and-experience-humility/,https://www.brahmakumaris.com/soul-sustenance/the-negative-habit-of-writing-other-peoples-script/,Setup 301 Redirect to Primary Page and remove duplicate from sitemap
100.0%,https://www.brahmakumaris.com/soul-sustenance/avoid-showing-off-and-experience-humility/,https://www.brahmakumaris.com/soul-sustenance/ss-hindi/kya-aapka-mindset-survival-ka-hei-ya-serving-ka/,Setup 301 Redirect to Primary Page and remove duplicate from sitemap
100.0%,https://www.brahmakumaris.com/soul-sustenance/20th-jul-soul-sustenance/,https://www.brahmakumaris.com/soul-sustenance/avoid-showing-off-and-experience-humility/,Setup 301 Redirect to Primary Page and remove duplicate from sitemap
100.0%,https://www.brahmakumaris.com/soul-sustenance/avoid-showing-off-and-experience-humility/,https://www.brahmakumaris.com/soul-sustenance/ss-hindi/sundar-parenting-ke-anand-ka-anubhav-lein-bhag-2/,Setup 301 Redirect to Primary Page and remove duplicate from sitemap
100.0%,https://www.brahmakumaris.com/soul-sustenance/avoid-showing-off-and-experience-humility/,https://www.brahmakumaris.com/soul-sustenance/to-be-happy-always-love-yourself-love-god-and-love-others-part-2/,Setup 301 Redirect to Primary Page and remove duplicate from sitemap
100.0%,https://www.brahmakumaris.com/soul-sustenance/avoid-showing-off-and-experience-humility/,https://www.brahmakumaris.com/soul-sustenance/ss-hindi/apni-aadhyatmik-jagrukta-ka-ek-diya-jalaien-bhag-1/,Setup 301 Redirect to Primary Page and remove duplicate from sitemap
100.0%,https://www.brahmakumaris.com/soul-sustenance/avoid-showing-off-and-experience-humility/,https://www.brahmakumaris.com/soul-sustenance/ss-hindi/meditation-dwara-parmatma-se-judein-bhag-3/,Setup 301 Redirect to Primary Page and remove duplicate from sitemap
100.0%,https://www.brahmakumaris.com/soul-sustenance/avoid-showing-off-and-experience-humility/,https://www.brahmakumaris.com/soul-sustenance/31st-may-2023-ss/,Setup 301 Redirect to Primary Page and remove duplicate from sitemap
100.0%,https://www.brahmakumaris.com/soul-sustenance/30th-jul-soul-sustenance/,https://www.brahmakumaris.com/soul-sustenance/avoid-showing-off-and-experience-humility/,Setup 301 Redirect to Primary Page and remove duplicate from sitemap
100.0%,https://www.brahmakumaris.com/soul-sustenance/avoid-showing-off-and-experience-humility/,https://www.brahmakumaris.com/soul-sustenance/ss-hindi/har-milne-wale-ka-muskan-ke-sath-abhivadan-karein/,Setup 301 Redirect to Primary Page and remove duplicate from sitemap
100.0%,https://www.brahmakumaris.com/soul-sustenance/7th-april-soul-sustenance/,https://www.brahmakumaris.com/soul-sustenance/avoid-showing-off-and-experience-humility/,Setup 301 Redirect to Primary Page and remove duplicate from sitemap
100.0%,https://www.brahmakumaris.com/soul-sustenance/5-steps-for-overcoming-addictions/,https://www.brahmakumaris.com/soul-sustenance/avoid-showing-off-and-experience-humility/,Setup 301 Redirect to Primary Page and remove duplicate from sitemap
100.0%,https://www.brahmakumaris.com/soul-sustenance/avoid-showing-off-and-experience-humility/,https://www.brahmakumaris.com/soul-sustenance/dont-allow-others-to-dominate-your-emotional-state/,Setup 301 Redirect to Primary Page and remove duplicate from sitemap
100.0%,https://www.brahmakumaris.com/soul-sustenance/avoid-showing-off-and-experience-humility/,https://www.brahmakumaris.com/soul-sustenance/06th-jan-2023-ss/,Setup 301 Redirect to Primary Page and remove duplicate from sitemap
100.0%,https://www.brahmakumaris.com/soul-sustenance/avoid-showing-off-and-experience-humility/,https://www.brahmakumaris.com/soul-sustenance/ss-hindi/27th-apr-2023-ssh/,Setup 301 Redirect to Primary Page and remove duplicate from sitemap
100.0%,https://www.brahmakumaris.com/soul-sustenance/avoid-showing-off-and-experience-humility/,https://www.brahmakumaris.com/soul-sustenance/ss-hindi/parmatma-ki-yaad-ko-sahaj-aur-natural-banayein/,Setup 301 Redirect to Primary Page and remove duplicate from sitemap
100.0%,https://www.brahmakumaris.com/soul-sustenance/avoid-showing-off-and-experience-humility/,https://www.brahmakumaris.com/soul-sustenance/ss-hindi/vicharon-aur-chitron-ka-sukshm-khel-bhag-1/,Setup 301 Redirect to Primary Page and remove duplicate from sitemap
100.0%,https://www.brahmakumaris.com/soul-sustenance/avoid-showing-off-and-experience-humility/,https://www.brahmakumaris.com/soul-sustenance/ss-hindi/apne-man-ke-canvas-par-kshma-karne-ke-rang-bharein-bhag-1/,Setup 301 Redirect to Primary Page and remove duplicate from sitemap
100.0%,https://www.brahmakumaris.com/soul-sustenance/gratitude-for-challenging-situations/,https://www.brahmakumaris.com/soul-sustenance/avoid-showing-off-and-experience-humility/,Setup 301 Redirect to Primary Page and remove duplicate from sitemap
100.0%,https://www.brahmakumaris.com/soul-sustenance/ss-hindi/shanti-prem-ke-vibration/,https://www.brahmakumaris.com/soul-sustenance/avoid-showing-off-and-experience-humility/,Setup 301 Redirect to Primary Page and remove duplicate from sitemap
100.0%,https://www.brahmakumaris.com/soul-sustenance/2nd-march-soul-sustenance/,https://www.brahmakumaris.com/soul-sustenance/avoid-showing-off-and-experience-humility/,Setup 301 Redirect to Primary Page and remove duplicate from sitemap
100.0%,https://www.brahmakumaris.com/soul-sustenance/avoid-showing-off-and-experience-humility/,https://www.brahmakumaris.com/soul-sustenance/14th-jul-2023-ss/,Setup 301 Redirect to Primary Page and remove duplicate from sitemap
100.0%,https://www.brahmakumaris.com/soul-sustenance/avoid-showing-off-and-experience-humility/,https://www.brahmakumaris.com/soul-sustenance/ss-hindi/16th-mar-2023-ssh/,Setup 301 Redirect to Primary Page and remove duplicate from sitemap
100.0%,https://www.brahmakumaris.com/soul-sustenance/avoid-showing-off-and-experience-humility/,https://www.brahmakumaris.com/soul-sustenance/the-subtle-role-play-of-thoughts-and-images-part-2/,Setup 301 Redirect to Primary Page and remove duplicate from sitemap
100.0%,https://www.brahmakumaris.com/soul-sustenance/avoid-showing-off-and-experience-humility/,https://www.brahmakumaris.com/soul-sustenance/being-happy-is-the-only-way-to-give-happiness/,Setup 301 Redirect to Primary Page and remove duplicate from sitemap
100.0%,https://www.brahmakumaris.com/soul-sustenance/avoid-showing-off-and-experience-humility/,https://www.brahmakumaris.com/soul-sustenance/ss-hindi/adhyatmik-vibration-ke-sath-bhojan-banaein-aur-khaaein-bhag-2/,Setup 301 Redirect to Primary Page and remove duplicate from sitemap
100.0%,https://www.brahmakumaris.com/soul-sustenance/avoid-showing-off-and-experience-humility/,https://www.brahmakumaris.com/soul-sustenance/ss-hindi/20th-jun-2023-ssh/,Setup 301 Redirect to Primary Page and remove duplicate from sitemap
100.0%,https://www.brahmakumaris.com/soul-sustenance/avoid-showing-off-and-experience-humility/,https://www.brahmakumaris.com/soul-sustenance/ss-hindi/tanaavmukt-jeevan-ke-liye-5-steps-bhag-1/,Setup 301 Redirect to Primary Page and remove duplicate from sitemap
100.0%,https://www.brahmakumaris.com/soul-sustenance/contentment-imbibe-and-radiate/,https://www.brahmakumaris.com/soul-sustenance/avoid-showing-off-and-experience-humility/,Setup 301 Redirect to Primary Page and remove duplicate from sitemap
100.0%,https://www.brahmakumaris.com/soul-sustenance/avoid-showing-off-and-experience-humility/,https://www.brahmakumaris.com/soul-sustenance/21st-aug-2023-ss/,Setup 301 Redirect to Primary Page and remove duplicate from sitemap
100.0%,https://www.brahmakumaris.com/soul-sustenance/avoid-showing-off-and-experience-humility/,https://www.brahmakumaris.com/soul-sustenance/lighting-a-single-diya-of-my-own-spiritual-awareness-part-2/,Setup 301 Redirect to Primary Page and remove duplicate from sitemap
100.0%,https://www.brahmakumaris.com/soul-sustenance/avoid-showing-off-and-experience-humility/,https://www.brahmakumaris.com/soul-sustenance/ss-hindi/swayn-khushiyon-ka-anubhav-karein-aur-dusron-ko-karaein-bhag-2/,Setup 301 Redirect to Primary Page and remove duplicate from sitemap
100.0%,https://www.brahmakumaris.com/soul-sustenance/avoid-showing-off-and-experience-humility/,https://www.brahmakumaris.com/soul-sustenance/overcoming-anger-5-keys-to-success-part-1/,Setup 301 Redirect to Primary Page and remove duplicate from sitemap
100.0%,https://www.brahmakumaris.com/soul-sustenance/avoid-showing-off-and-experience-humility/,https://www.brahmakumaris.com/soul-sustenance/4-benefits-of-negative-situations-part-2/,Setup 301 Redirect to Primary Page and remove duplicate from sitemap
100.0%,https://www.brahmakumaris.com/soul-sustenance/02nd-dec-soul-sustenance/,https://www.brahmakumaris.com/soul-sustenance/avoid-showing-off-and-experience-humility/,Setup 301 Redirect to Primary Page and remove duplicate from sitemap
100.0%,https://www.brahmakumaris.com/soul-sustenance/avoid-showing-off-and-experience-humility/,https://www.brahmakumaris.com/soul-sustenance/ss-hindi/27th-jul-2023-ssh/,Setup 301 Redirect to Primary Page and remove duplicate from sitemap
100.0%,https://www.brahmakumaris.com/soul-sustenance/avoid-showing-off-and-experience-humility/,https://www.brahmakumaris.com/soul-sustenance/ss-hindi/vicharon-aur-chitron-ka-sukshm-khel-bhag-2/,Setup 301 Redirect to Primary Page and remove duplicate from sitemap
100.0%,https://www.brahmakumaris.com/soul-sustenance/avoid-showing-off-and-experience-humility/,https://www.brahmakumaris.com/soul-sustenance/ss-hindi/shaanti-ke-gun-ko-pahchanna-aur-anubhav-karna-bhag-3/,Setup 301 Redirect to Primary Page and remove duplicate from sitemap
100.0%,https://www.brahmakumaris.com/soul-sustenance/choosing-assertiveness-over-arrogance/,https://www.brahmakumaris.com/soul-sustenance/avoid-showing-off-and-experience-humility/,Setup 301 Redirect to Primary Page and remove duplicate from sitemap
100.0%,https://www.brahmakumaris.com/soul-sustenance/avoid-showing-off-and-experience-humility/,https://www.brahmakumaris.com/soul-sustenance/ss-hindi/daily-life-mein-time-management-bhag-3/,Setup 301 Redirect to Primary Page and remove duplicate from sitemap
100.0%,https://www.brahmakumaris.com/soul-sustenance/avoid-showing-off-and-experience-humility/,https://www.brahmakumaris.com/soul-sustenance/2nd-may-2023-ss/,Setup 301 Redirect to Primary Page and remove duplicate from sitemap
100.0%,https://www.brahmakumaris.com/soul-sustenance/likes-on-social-media-matter/,https://www.brahmakumaris.com/soul-sustenance/avoid-showing-off-and-experience-humility/,Setup 301 Redirect to Primary Page and remove duplicate from sitemap
100.0%,https://www.brahmakumaris.com/soul-sustenance/avoid-showing-off-and-experience-humility/,https://www.brahmakumaris.com/soul-sustenance/18th-jun-2023-ss/,Setup 301 Redirect to Primary Page and remove duplicate from sitemap
100.0%,https://www.brahmakumaris.com/soul-sustenance/07th-june-soul-sustenance/,https://www.brahmakumaris.com/soul-sustenance/avoid-showing-off-and-experience-humility/,Setup 301 Redirect to Primary Page and remove duplicate from sitemap
100.0%,https://www.brahmakumaris.com/soul-sustenance/avoid-showing-off-and-experience-humility/,https://www.brahmakumaris.com/soul-sustenance/ss-hindi/kaary-aur-jeevan-ke-beech-santulan-banaye-rakhein/,Setup 301 Redirect to Primary Page and remove duplicate from sitemap
100.0%,https://www.brahmakumaris.com/soul-sustenance/avoid-showing-off-and-experience-humility/,https://www.brahmakumaris.com/soul-sustenance/ss-hindi/prashansha-ki-ichcha-se-mukt-hona-bhag-1/,Setup 301 Redirect to Primary Page and remove duplicate from sitemap
100.0%,https://www.brahmakumaris.com/soul-sustenance/avoid-showing-off-and-experience-humility/,https://www.brahmakumaris.com/soul-sustenance/ss-hindi/achchaiyon-ki-apni-original-state-mei-vapas-aayein-bhag-1/,Setup 301 Redirect to Primary Page and remove duplicate from sitemap
100.0%,https://www.brahmakumaris.com/soul-sustenance/avoid-showing-off-and-experience-humility/,https://www.brahmakumaris.com/soul-sustenance/ss-hindi/apne-man-ke-raja-banein-aur-shasan-karein-bhag-2/,Setup 301 Redirect to Primary Page and remove duplicate from sitemap
100.0%,https://www.brahmakumaris.com/soul-sustenance/21st-june-soul-sustenance/,https://www.brahmakumaris.com/soul-sustenance/avoid-showing-off-and-experience-humility/,Setup 301 Redirect to Primary Page and remove duplicate from sitemap
100.0%,https://www.brahmakumaris.com/soul-sustenance/avoid-showing-off-and-experience-humility/,https://www.brahmakumaris.com/soul-sustenance/7-techniques-to-let-go-off-the-past-part-3/,Setup 301 Redirect to Primary Page and remove duplicate from sitemap
100.0%,https://www.brahmakumaris.com/soul-sustenance/21st-oct-soul-sustenance/,https://www.brahmakumaris.com/soul-sustenance/avoid-showing-off-and-experience-humility/,Setup 301 Redirect to Primary Page and remove duplicate from sitemap
100.0%,https://www.brahmakumaris.com/soul-sustenance/avoid-showing-off-and-experience-humility/,https://www.brahmakumaris.com/soul-sustenance/13th-feb-2023-ss/,Setup 301 Redirect to Primary Page and remove duplicate from sitemap
100.0%,https://www.brahmakumaris.com/soul-sustenance/22nd-february-soul-sustenance/,https://www.brahmakumaris.com/soul-sustenance/avoid-showing-off-and-experience-humility/,Setup 301 Redirect to Primary Page and remove duplicate from sitemap
100.0%,https://www.brahmakumaris.com/soul-sustenance/avoid-showing-off-and-experience-humility/,https://www.brahmakumaris.com/soul-sustenance/lets-heal-the-world-with-our-blessings-part-1/,Setup 301 Redirect to Primary Page and remove duplicate from sitemap
100.0%,https://www.brahmakumaris.com/soul-sustenance/avoid-showing-off-and-experience-humility/,https://www.brahmakumaris.com/soul-sustenance/3rd-may-2023-ss/,Setup 301 Redirect to Primary Page and remove duplicate from sitemap
100.0%,https://www.brahmakumaris.com/soul-sustenance/enjoy-and-love-every-moment-of-eating/,https://www.brahmakumaris.com/soul-sustenance/avoid-showing-off-and-experience-humility/,Setup 301 Redirect to Primary Page and remove duplicate from sitemap
100.0%,https://www.brahmakumaris.com/soul-sustenance/avoid-showing-off-and-experience-humility/,https://www.brahmakumaris.com/soul-sustenance/11th-mar-2023-ss/,Setup 301 Redirect to Primary Page and remove duplicate from sitemap
100.0%,https://www.brahmakumaris.com/soul-sustenance/07th-dec-soul-sustenance/,https://www.brahmakumaris.com/soul-sustenance/avoid-showing-off-and-experience-humility/,Setup 301 Redirect to Primary Page and remove duplicate from sitemap
100.0%,https://www.brahmakumaris.com/soul-sustenance/avoid-showing-off-and-experience-humility/,https://www.brahmakumaris.com/soul-sustenance/7th-may-2023-ss/,Setup 301 Redirect to Primary Page and remove duplicate from sitemap
100.0%,https://www.brahmakumaris.com/soul-sustenance/avoid-showing-off-and-experience-humility/,https://www.brahmakumaris.com/soul-sustenance/27th-apr-2023-ss/,Setup 301 Redirect to Primary Page and remove duplicate from sitemap
100.0%,https://www.brahmakumaris.com/soul-sustenance/avoid-showing-off-and-experience-humility/,https://www.brahmakumaris.com/soul-sustenance/ss-hindi/22nd-aug-2023-ssh/,Setup 301 Redirect to Primary Page and remove duplicate from sitemap
100.0%,https://www.brahmakumaris.com/soul-sustenance/avoid-showing-off-and-experience-humility/,https://www.brahmakumaris.com/soul-sustenance/meditation-an-easy-technique-for-self-transformation-part-2/,Setup 301 Redirect to Primary Page and remove duplicate from sitemap
100.0%,https://www.brahmakumaris.com/soul-sustenance/avoid-showing-off-and-experience-humility/,https://www.brahmakumaris.com/soul-sustenance/ss-hindi/29th-jun-2023-ssh/,Setup 301 Redirect to Primary Page and remove duplicate from sitemap
100.0%,https://www.brahmakumaris.com/soul-sustenance/avoid-showing-off-and-experience-humility/,https://www.brahmakumaris.com/soul-sustenance/creating-the-destiny-of-your-choice-part-1/,Setup 301 Redirect to Primary Page and remove duplicate from sitemap
100.0%,https://www.brahmakumaris.com/soul-sustenance/avoid-showing-off-and-experience-humility/,https://www.brahmakumaris.com/soul-sustenance/ss-hindi/apne-jeevan-ki-sair-ka-anand-lein-bhag-3/,Setup 301 Redirect to Primary Page and remove duplicate from sitemap
100.0%,https://www.brahmakumaris.com/soul-sustenance/avoid-showing-off-and-experience-humility/,https://www.brahmakumaris.com/soul-sustenance/ss-hindi/ahankar-ko-thes-pahunchna-bhag-2/,Setup 301 Redirect to Primary Page and remove duplicate from sitemap
100.0%,https://www.brahmakumaris.com/soul-sustenance/avoid-showing-off-and-experience-humility/,https://www.brahmakumaris.com/soul-sustenance/ss-hindi/zindgi-ki-daud-mein-na-bhagein-present-moment-ko-enjoy-karein-bhag-2/,Setup 301 Redirect to Primary Page and remove duplicate from sitemap
100.0%,https://www.brahmakumaris.com/soul-sustenance/avoid-showing-off-and-experience-humility/,https://www.brahmakumaris.com/soul-sustenance/10th-aug-2023-ss/,Setup 301 Redirect to Primary Page and remove duplicate from sitemap
100.0%,https://www.brahmakumaris.com/soul-sustenance/avoid-showing-off-and-experience-humility/,https://www.brahmakumaris.com/soul-sustenance/3rd-jun-2023-ss/,Setup 301 Redirect to Primary Page and remove duplicate from sitemap
100.0%,https://www.brahmakumaris.com/soul-sustenance/avoid-showing-off-and-experience-humility/,https://www.brahmakumaris.com/soul-sustenance/ss-hindi/rojmarra-ke-jeevan-mein-samay-ke-paband-kaise-rahein/,Setup 301 Redirect to Primary Page and remove duplicate from sitemap
100.0%,https://www.brahmakumaris.com/soul-sustenance/avoid-showing-off-and-experience-humility/,https://www.brahmakumaris.com/soul-sustenance/ss-hindi/sahi-galat-ke-antar-ko-vivekpurn-dhang-se-parakhna/,Setup 301 Redirect to Primary Page and remove duplicate from sitemap
100.0%,https://www.brahmakumaris.com/soul-sustenance/stability-in-appreciation-and-criticism/,https://www.brahmakumaris.com/soul-sustenance/avoid-showing-off-and-experience-humility/,Setup 301 Redirect to Primary Page and remove duplicate from sitemap
100.0%,https://www.brahmakumaris.com/soul-sustenance/avoid-showing-off-and-experience-humility/,https://www.brahmakumaris.com/soul-sustenance/ss-hindi/chinta-karne-ki-aadat-ko-overcome-karein-bhag-1/,Setup 301 Redirect to Primary Page and remove duplicate from sitemap
100.0%,https://www.brahmakumaris.com/soul-sustenance/avoid-showing-off-and-experience-humility/,https://www.brahmakumaris.com/soul-sustenance/ss-hindi/apni-taqat-aur-kamzoriyon-ki-jaane/,Setup 301 Redirect to Primary Page and remove duplicate from sitemap
100.0%,https://www.brahmakumaris.com/soul-sustenance/14th-sep-soul-sustenance/,https://www.brahmakumaris.com/soul-sustenance/avoid-showing-off-and-experience-humility/,Setup 301 Redirect to Primary Page and remove duplicate from sitemap
100.0%,https://www.brahmakumaris.com/soul-sustenance/avoid-showing-off-and-experience-humility/,https://www.brahmakumaris.com/soul-sustenance/dont-copy-other-people-be-your-own-good-self/,Setup 301 Redirect to Primary Page and remove duplicate from sitemap
100.0%,https://www.brahmakumaris.com/soul-sustenance/avoid-showing-off-and-experience-humility/,https://www.brahmakumaris.com/soul-sustenance/ss-hindi/kab-sahan-karein-aur-kab-samna-karein/,Setup 301 Redirect to Primary Page and remove duplicate from sitemap
100.0%,https://www.brahmakumaris.com/soul-sustenance/avoid-showing-off-and-experience-humility/,https://www.brahmakumaris.com/soul-sustenance/ss-hindi/aatma-aur-uske-dwara-kiye-jaane-wale-karya-ka-ahsas-hona-bhag-1-2/,Setup 301 Redirect to Primary Page and remove duplicate from sitemap
100.0%,https://www.brahmakumaris.com/soul-sustenance/avoid-showing-off-and-experience-humility/,https://www.brahmakumaris.com/soul-sustenance/ss-hindi/27th-mar-2023-ssh/,Setup 301 Redirect to Primary Page and remove duplicate from sitemap
100.0%,https://www.brahmakumaris.com/soul-sustenance/avoid-showing-off-and-experience-humility/,https://www.brahmakumaris.com/soul-sustenance/ss-hindi/aaiye-vishv-ko-apni-duaaon-blessing-se-heal-karein-bhag-2/,Setup 301 Redirect to Primary Page and remove duplicate from sitemap
100.0%,https://www.brahmakumaris.com/soul-sustenance/avoid-showing-off-and-experience-humility/,https://www.brahmakumaris.com/soul-sustenance/cultivating-punctuality-habits-in-your-daily-routine/,Setup 301 Redirect to Primary Page and remove duplicate from sitemap
100.0%,https://www.brahmakumaris.com/soul-sustenance/practice-listening-to-your-intuition/,https://www.brahmakumaris.com/soul-sustenance/avoid-showing-off-and-experience-humility/,Setup 301 Redirect to Primary Page and remove duplicate from sitemap
100.0%,https://www.brahmakumaris.com/soul-sustenance/think-and-talk-only-about-solutions/,https://www.brahmakumaris.com/soul-sustenance/avoid-showing-off-and-experience-humility/,Setup 301 Redirect to Primary Page and remove duplicate from sitemap
100.0%,https://www.brahmakumaris.com/soul-sustenance/avoid-showing-off-and-experience-humility/,https://www.brahmakumaris.com/soul-sustenance/making-remembrance-of-god-natural-and-easy/,Setup 301 Redirect to Primary Page and remove duplicate from sitemap
100.0%,https://www.brahmakumaris.com/soul-sustenance/avoid-showing-off-and-experience-humility/,https://www.brahmakumaris.com/soul-sustenance/ss-hindi/asfalatao-ko-sahajata-se-sweekarein/,Setup 301 Redirect to Primary Page and remove duplicate from sitemap
100.0%,https://www.brahmakumaris.com/soul-sustenance/avoid-showing-off-and-experience-humility/,https://www.brahmakumaris.com/soul-sustenance/ss-hindi/ekagrata-ko-natural-nature-banayein/,Setup 301 Redirect to Primary Page and remove duplicate from sitemap
100.0%,https://www.brahmakumaris.com/soul-sustenance/04th-dec-soul-sustenance/,https://www.brahmakumaris.com/soul-sustenance/avoid-showing-off-and-experience-humility/,Setup 301 Redirect to Primary Page and remove duplicate from sitemap
100.0%,https://www.brahmakumaris.com/soul-sustenance/16th-jul-soul-sustenance/,https://www.brahmakumaris.com/soul-sustenance/avoid-showing-off-and-experience-humility/,Setup 301 Redirect to Primary Page and remove duplicate from sitemap
100.0%,https://www.brahmakumaris.com/soul-sustenance/avoid-showing-off-and-experience-humility/,https://www.brahmakumaris.com/soul-sustenance/22nd-feb-2023-ss/,Setup 301 Redirect to Primary Page and remove duplicate from sitemap
100.0%,https://www.brahmakumaris.com/soul-sustenance/avoid-showing-off-and-experience-humility/,https://www.brahmakumaris.com/soul-sustenance/28th-may-2023-ss/,Setup 301 Redirect to Primary Page and remove duplicate from sitemap
100.0%,https://www.brahmakumaris.com/soul-sustenance/avoid-showing-off-and-experience-humility/,https://www.brahmakumaris.com/soul-sustenance/5-qualities-of-a-mother-for-creating-a-virtuous-child/,Setup 301 Redirect to Primary Page and remove duplicate from sitemap
100.0%,https://www.brahmakumaris.com/soul-sustenance/avoid-showing-off-and-experience-humility/,https://www.brahmakumaris.com/soul-sustenance/26th-apr-2023-ss/,Setup 301 Redirect to Primary Page and remove duplicate from sitemap
100.0%,https://www.brahmakumaris.com/soul-sustenance/17th-sep-soul-sustenance/,https://www.brahmakumaris.com/soul-sustenance/avoid-showing-off-and-experience-humility/,Setup 301 Redirect to Primary Page and remove duplicate from sitemap
100.0%,https://www.brahmakumaris.com/soul-sustenance/avoid-showing-off-and-experience-humility/,https://www.brahmakumaris.com/soul-sustenance/28th-feb-2023-ss/,Setup 301 Redirect to Primary Page and remove duplicate from sitemap
100.0%,https://www.brahmakumaris.com/soul-sustenance/26th-oct-soul-sustenance/,https://www.brahmakumaris.com/soul-sustenance/avoid-showing-off-and-experience-humility/,Setup 301 Redirect to Primary Page and remove duplicate from sitemap
100.0%,https://www.brahmakumaris.com/soul-sustenance/19th-jul-soul-sustenance/,https://www.brahmakumaris.com/soul-sustenance/avoid-showing-off-and-experience-humility/,Setup 301 Redirect to Primary Page and remove duplicate from sitemap
100.0%,https://www.brahmakumaris.com/soul-sustenance/avoid-showing-off-and-experience-humility/,https://www.brahmakumaris.com/soul-sustenance/overcoming-obstacles-with-a-powerful-consciousness-of-faith-part-3/,Setup 301 Redirect to Primary Page and remove duplicate from sitemap
100.0%,https://www.brahmakumaris.com/soul-sustenance/avoid-showing-off-and-experience-humility/,https://www.brahmakumaris.com/soul-sustenance/ss-hindi/sakaratmak-vicharo-ke-sath-jeevan-jeena-bhag-3/,Setup 301 Redirect to Primary Page and remove duplicate from sitemap
100.0%,https://www.brahmakumaris.com/soul-sustenance/the-time-is-now/,https://www.brahmakumaris.com/soul-sustenance/avoid-showing-off-and-experience-humility/,Setup 301 Redirect to Primary Page and remove duplicate from sitemap
100.0%,https://www.brahmakumaris.com/soul-sustenance/avoid-showing-off-and-experience-humility/,https://www.brahmakumaris.com/soul-sustenance/ss-hindi/badla-lene-ki-ichcha-se-mukt-rahein/,Setup 301 Redirect to Primary Page and remove duplicate from sitemap
100.0%,https://www.brahmakumaris.com/soul-sustenance/avoid-showing-off-and-experience-humility/,https://www.brahmakumaris.com/soul-sustenance/ss-hindi/24th-aug-2023-ssh/,Setup 301 Redirect to Primary Page and remove duplicate from sitemap
100.0%,https://www.brahmakumaris.com/soul-sustenance/avoid-showing-off-and-experience-humility/,https://www.brahmakumaris.com/soul-sustenance/ss-hindi/chinta-aur-tanaav-se-mukt-sansaar-ki-rachna-karein-bhag-3/,Setup 301 Redirect to Primary Page and remove duplicate from sitemap
100.0%,https://www.brahmakumaris.com/soul-sustenance/29th-may-soul-sustenance/,https://www.brahmakumaris.com/soul-sustenance/avoid-showing-off-and-experience-humility/,Setup 301 Redirect to Primary Page and remove duplicate from sitemap
100.0%,https://www.brahmakumaris.com/soul-sustenance/avoid-showing-off-and-experience-humility/,https://www.brahmakumaris.com/soul-sustenance/19th-aug-2023-ss/,Setup 301 Redirect to Primary Page and remove duplicate from sitemap
100.0%,https://www.brahmakumaris.com/soul-sustenance/ss-hindi/chetna-ki-shuddhi-bhag3/,https://www.brahmakumaris.com/soul-sustenance/avoid-showing-off-and-experience-humility/,Setup 301 Redirect to Primary Page and remove duplicate from sitemap
100.0%,https://www.brahmakumaris.com/soul-sustenance/01st-sep-soul-sustenance/,https://www.brahmakumaris.com/soul-sustenance/avoid-showing-off-and-experience-humility/,Setup 301 Redirect to Primary Page and remove duplicate from sitemap
100.0%,https://www.brahmakumaris.com/soul-sustenance/avoid-showing-off-and-experience-humility/,https://www.brahmakumaris.com/soul-sustenance/quality-recharging-by-connecting-with-god-part-1/,Setup 301 Redirect to Primary Page and remove duplicate from sitemap
100.0%,https://www.brahmakumaris.com/soul-sustenance/avoid-showing-off-and-experience-humility/,https://www.brahmakumaris.com/soul-sustenance/experiencing-the-spiritual-beauty-of-christmas-part-1/,Setup 301 Redirect to Primary Page and remove duplicate from sitemap
100.0%,https://www.brahmakumaris.com/soul-sustenance/avoid-showing-off-and-experience-humility/,https://www.brahmakumaris.com/soul-sustenance/realizing-and-experiencing-the-virtue-of-peace-part-2/,Setup 301 Redirect to Primary Page and remove duplicate from sitemap
100.0%,https://www.brahmakumaris.com/soul-sustenance/avoid-showing-off-and-experience-humility/,https://www.brahmakumaris.com/soul-sustenance/living-happiness-the-right-way-part-2/,Setup 301 Redirect to Primary Page and remove duplicate from sitemap
100.0%,https://www.brahmakumaris.com/soul-sustenance/avoid-showing-off-and-experience-humility/,https://www.brahmakumaris.com/soul-sustenance/ss-hindi/lat-se-chutkara-pane-ke-5-tarike/,Setup 301 Redirect to Primary Page and remove duplicate from sitemap
100.0%,https://www.brahmakumaris.com/soul-sustenance/avoid-showing-off-and-experience-humility/,https://www.brahmakumaris.com/soul-sustenance/31st-dec-2022-ss/,Setup 301 Redirect to Primary Page and remove duplicate from sitemap
100.0%,https://www.brahmakumaris.com/soul-sustenance/avoid-showing-off-and-experience-humility/,https://www.brahmakumaris.com/soul-sustenance/do-not-absorb-or-reflect-negative-energy-transform-it/,Setup 301 Redirect to Primary Page and remove duplicate from sitemap
100.0%,https://www.brahmakumaris.com/soul-sustenance/avoid-showing-off-and-experience-humility/,https://www.brahmakumaris.com/soul-sustenance/ss-hindi/soch-mein-khushi-anubhav-karein-naaki-cheezon-mein/,Setup 301 Redirect to Primary Page and remove duplicate from sitemap
100.0%,https://www.brahmakumaris.com/soul-sustenance/dont-search-for-happiness-create-it/,https://www.brahmakumaris.com/soul-sustenance/avoid-showing-off-and-experience-humility/,Setup 301 Redirect to Primary Page and remove duplicate from sitemap
100.0%,https://www.brahmakumaris.com/soul-sustenance/avoid-showing-off-and-experience-humility/,https://www.brahmakumaris.com/soul-sustenance/sacrificing-the-ego-for-building-beautiful-relationships-part-2/,Setup 301 Redirect to Primary Page and remove duplicate from sitemap
100.0%,https://www.brahmakumaris.com/soul-sustenance/avoid-showing-off-and-experience-humility/,https://www.brahmakumaris.com/soul-sustenance/ss-hindi/jeevan-mein-iswariya-gyan-ko-apnane-ke-5-tarike/,Setup 301 Redirect to Primary Page and remove duplicate from sitemap
100.0%,https://www.brahmakumaris.com/soul-sustenance/01st-june-soul-sustenance/,https://www.brahmakumaris.com/soul-sustenance/avoid-showing-off-and-experience-humility/,Setup 301 Redirect to Primary Page and remove duplicate from sitemap
100.0%,https://www.brahmakumaris.com/soul-sustenance/avoid-showing-off-and-experience-humility/,https://www.brahmakumaris.com/soul-sustenance/ss-hindi/sundar-parenting-ke-anand-ka-anubhav-lein-bhag-1/,Setup 301 Redirect to Primary Page and remove duplicate from sitemap
100.0%,https://www.brahmakumaris.com/soul-sustenance/positive-thinking-and-visualization/,https://www.brahmakumaris.com/soul-sustenance/avoid-showing-off-and-experience-humility/,Setup 301 Redirect to Primary Page and remove duplicate from sitemap
100.0%,https://www.brahmakumaris.com/soul-sustenance/avoid-showing-off-and-experience-humility/,https://www.brahmakumaris.com/soul-sustenance/using-visualization-to-achieve-your-goals/,Setup 301 Redirect to Primary Page and remove duplicate from sitemap
100.0%,https://www.brahmakumaris.com/soul-sustenance/avoid-showing-off-and-experience-humility/,https://www.brahmakumaris.com/soul-sustenance/9th-aug-2023-ss/,Setup 301 Redirect to Primary Page and remove duplicate from sitemap
100.0%,https://www.brahmakumaris.com/soul-sustenance/avoid-showing-off-and-experience-humility/,https://www.brahmakumaris.com/soul-sustenance/power-of-silence-before-beginning-any-activity/,Setup 301 Redirect to Primary Page and remove duplicate from sitemap
100.0%,https://www.brahmakumaris.com/soul-sustenance/avoid-showing-off-and-experience-humility/,https://www.brahmakumaris.com/soul-sustenance/experiencing-peace-and-love-our-original-nature-part-2/,Setup 301 Redirect to Primary Page and remove duplicate from sitemap
100.0%,https://www.brahmakumaris.com/soul-sustenance/avoid-showing-off-and-experience-humility/,https://www.brahmakumaris.com/soul-sustenance/overcome-any-addiction-with-thought-power/,Setup 301 Redirect to Primary Page and remove duplicate from sitemap
100.0%,https://www.brahmakumaris.com/soul-sustenance/avoid-showing-off-and-experience-humility/,https://www.brahmakumaris.com/soul-sustenance/dont-absorb-pain-from-others-radiate-happiness/,Setup 301 Redirect to Primary Page and remove duplicate from sitemap
100.0%,https://www.brahmakumaris.com/soul-sustenance/avoid-showing-off-and-experience-humility/,https://www.brahmakumaris.com/soul-sustenance/the-invisible-support-system-of-life-part-2/,Setup 301 Redirect to Primary Page and remove duplicate from sitemap
100.0%,https://www.brahmakumaris.com/soul-sustenance/avoid-showing-off-and-experience-humility/,https://www.brahmakumaris.com/soul-sustenance/stop-running-the-race-enjoy-the-present-moment-part-1/,Setup 301 Redirect to Primary Page and remove duplicate from sitemap
100.0%,https://www.brahmakumaris.com/soul-sustenance/avoid-showing-off-and-experience-humility/,https://www.brahmakumaris.com/soul-sustenance/5-tips-for-overcoming-work-stress-2/,Setup 301 Redirect to Primary Page and remove duplicate from sitemap
100.0%,https://www.brahmakumaris.com/soul-sustenance/beauty-in-character-part-1/,https://www.brahmakumaris.com/soul-sustenance/avoid-showing-off-and-experience-humility/,Setup 301 Redirect to Primary Page and remove duplicate from sitemap
100.0%,https://www.brahmakumaris.com/soul-sustenance/say-i-will-not-i-will-try/,https://www.brahmakumaris.com/soul-sustenance/avoid-showing-off-and-experience-humility/,Setup 301 Redirect to Primary Page and remove duplicate from sitemap
100.0%,https://www.brahmakumaris.com/soul-sustenance/avoid-showing-off-and-experience-humility/,https://www.brahmakumaris.com/soul-sustenance/ss-hindi/sakaratmak-jeevan-jeene-ke-liye-10-nai-manytaaein-belief-bhag-1/,Setup 301 Redirect to Primary Page and remove duplicate from sitemap
100.0%,https://www.brahmakumaris.com/soul-sustenance/avoid-showing-off-and-experience-humility/,https://www.brahmakumaris.com/soul-sustenance/ss-hindi/dhan-ke-sath-duaaein-bhi-kamaein/,Setup 301 Redirect to Primary Page and remove duplicate from sitemap
100.0%,https://www.brahmakumaris.com/soul-sustenance/ss-hindi/sahyog-kareinpratispardha-nahin/,https://www.brahmakumaris.com/soul-sustenance/avoid-showing-off-and-experience-humility/,Setup 301 Redirect to Primary Page and remove duplicate from sitemap
100.0%,https://www.brahmakumaris.com/soul-sustenance/are-you-emotionally-overweight/,https://www.brahmakumaris.com/soul-sustenance/avoid-showing-off-and-experience-humility/,Setup 301 Redirect to Primary Page and remove duplicate from sitemap
100.0%,https://www.brahmakumaris.com/soul-sustenance/avoid-showing-off-and-experience-humility/,https://www.brahmakumaris.com/soul-sustenance/ss-hindi/daily-life-mein-time-management-bhag-1/,Setup 301 Redirect to Primary Page and remove duplicate from sitemap
100.0%,https://www.brahmakumaris.com/soul-sustenance/avoid-showing-off-and-experience-humility/,https://www.brahmakumaris.com/soul-sustenance/07th-jan-2023-ss/,Setup 301 Redirect to Primary Page and remove duplicate from sitemap
100.0%,https://www.brahmakumaris.com/soul-sustenance/avoid-showing-off-and-experience-humility/,https://www.brahmakumaris.com/soul-sustenance/ss-hindi/iswar-ke-prem-aur-madad-dwara-sakaratmakta-ka-anubhav-karein-bhag-1/,Setup 301 Redirect to Primary Page and remove duplicate from sitemap
100.0%,https://www.brahmakumaris.com/soul-sustenance/avoid-showing-off-and-experience-humility/,https://www.brahmakumaris.com/soul-sustenance/ss-hindi/saralata-ko-apne-jeevan-ka-atut-hissa-banaein/,Setup 301 Redirect to Primary Page and remove duplicate from sitemap
100.0%,https://www.brahmakumaris.com/soul-sustenance/avoid-showing-off-and-experience-humility/,https://www.brahmakumaris.com/soul-sustenance/the-lost-paradise-regaining-it-with-the-help-of-god-part-3/,Setup 301 Redirect to Primary Page and remove duplicate from sitemap
100.0%,https://www.brahmakumaris.com/soul-sustenance/avoid-showing-off-and-experience-humility/,https://www.brahmakumaris.com/soul-sustenance/ss-hindi/16th-apr-2023-ssh/,Setup 301 Redirect to Primary Page and remove duplicate from sitemap
100.0%,https://www.brahmakumaris.com/soul-sustenance/10th-jul-soul-sustenance/,https://www.brahmakumaris.com/soul-sustenance/avoid-showing-off-and-experience-humility/,Setup 301 Redirect to Primary Page and remove duplicate from sitemap
100.0%,https://www.brahmakumaris.com/soul-sustenance/avoid-showing-off-and-experience-humility/,https://www.brahmakumaris.com/soul-sustenance/07th-feb-2023-ss/,Setup 301 Redirect to Primary Page and remove duplicate from sitemap
100.0%,https://www.brahmakumaris.com/soul-sustenance/avoid-showing-off-and-experience-humility/,https://www.brahmakumaris.com/soul-sustenance/5-beautiful-aspects-of-success-part-3/,Setup 301 Redirect to Primary Page and remove duplicate from sitemap
100.0%,https://www.brahmakumaris.com/soul-sustenance/when-we-change-others-change-part-1/,https://www.brahmakumaris.com/soul-sustenance/avoid-showing-off-and-experience-humility/,Setup 301 Redirect to Primary Page and remove duplicate from sitemap
100.0%,https://www.brahmakumaris.com/soul-sustenance/living-happiness-the-right-way-part-1/,https://www.brahmakumaris.com/soul-sustenance/avoid-showing-off-and-experience-humility/,Setup 301 Redirect to Primary Page and remove duplicate from sitemap
100.0%,https://www.brahmakumaris.com/soul-sustenance/avoid-showing-off-and-experience-humility/,https://www.brahmakumaris.com/soul-sustenance/5th-jun-2023-ss/,Setup 301 Redirect to Primary Page and remove duplicate from sitemap
100.0%,https://www.brahmakumaris.com/soul-sustenance/ss-hindi/khushi-ek-yatra-hai/,https://www.brahmakumaris.com/soul-sustenance/avoid-showing-off-and-experience-humility/,Setup 301 Redirect to Primary Page and remove duplicate from sitemap
100.0%,https://www.brahmakumaris.com/soul-sustenance/avoid-showing-off-and-experience-humility/,https://www.brahmakumaris.com/soul-sustenance/ss-hindi/nakaratmak-niyantran-ko-band-karein-sakaratmak-prabhav-ko-shuru-karein/,Setup 301 Redirect to Primary Page and remove duplicate from sitemap
100.0%,https://www.brahmakumaris.com/soul-sustenance/ss-hindi/prashansa-mein-sthir-rahein/,https://www.brahmakumaris.com/soul-sustenance/avoid-showing-off-and-experience-humility/,Setup 301 Redirect to Primary Page and remove duplicate from sitemap
100.0%,https://www.brahmakumaris.com/soul-sustenance/28th-oct-soul-sustenance/,https://www.brahmakumaris.com/soul-sustenance/avoid-showing-off-and-experience-humility/,Setup 301 Redirect to Primary Page and remove duplicate from sitemap
100.0%,https://www.brahmakumaris.com/soul-sustenance/15th-aug-soul-sustenance/,https://www.brahmakumaris.com/soul-sustenance/avoid-showing-off-and-experience-humility/,Setup 301 Redirect to Primary Page and remove duplicate from sitemap
100.0%,https://www.brahmakumaris.com/soul-sustenance/avoid-showing-off-and-experience-humility/,https://www.brahmakumaris.com/soul-sustenance/15th-jul-2023-ss/,Setup 301 Redirect to Primary Page and remove duplicate from sitemap
100.0%,https://www.brahmakumaris.com/soul-sustenance/avoid-showing-off-and-experience-humility/,https://www.brahmakumaris.com/soul-sustenance/ss-hindi/bhojan-se-pahle-parmatma-ko-bhog-lagane-ke-7-fayde/,Setup 301 Redirect to Primary Page and remove duplicate from sitemap
100.0%,https://www.brahmakumaris.com/soul-sustenance/lets-co-operate-not-compete/,https://www.brahmakumaris.com/soul-sustenance/avoid-showing-off-and-experience-humility/,Setup 301 Redirect to Primary Page and remove duplicate from sitemap
100.0%,https://www.brahmakumaris.com/soul-sustenance/avoid-showing-off-and-experience-humility/,https://www.brahmakumaris.com/soul-sustenance/ss-hindi/ekagrata-ko-apna-natural-nature-banaein/,Setup 301 Redirect to Primary Page and remove duplicate from sitemap
100.0%,https://www.brahmakumaris.com/soul-sustenance/ss-hindi/parmatma-ko-dein-5-uphaar/,https://www.brahmakumaris.com/soul-sustenance/avoid-showing-off-and-experience-humility/,Setup 301 Redirect to Primary Page and remove duplicate from sitemap
100.0%,https://www.brahmakumaris.com/soul-sustenance/avoid-showing-off-and-experience-humility/,https://www.brahmakumaris.com/soul-sustenance/10-ways-of-improving-quality-and-wellness-of-relationships-part-1/,Setup 301 Redirect to Primary Page and remove duplicate from sitemap
100.0%,https://www.brahmakumaris.com/soul-sustenance/avoid-showing-off-and-experience-humility/,https://www.brahmakumaris.com/soul-sustenance/ss-hindi/apni-aadhyatmik-jagrukta-ka-ek-diya-jalaien-bhag-2/,Setup 301 Redirect to Primary Page and remove duplicate from sitemap
100.0%,https://www.brahmakumaris.com/soul-sustenance/the-divine-meaning-of-dussehra-part-1/,https://www.brahmakumaris.com/soul-sustenance/avoid-showing-off-and-experience-humility/,Setup 301 Redirect to Primary Page and remove duplicate from sitemap
100.0%,https://www.brahmakumaris.com/soul-sustenance/avoid-showing-off-and-experience-humility/,https://www.brahmakumaris.com/soul-sustenance/5-ways-to-be-positive-in-negative-situations/,Setup 301 Redirect to Primary Page and remove duplicate from sitemap
100.0%,https://www.brahmakumaris.com/soul-sustenance/avoid-showing-off-and-experience-humility/,https://www.brahmakumaris.com/soul-sustenance/ss-hindi/adhyatmik-shakti-se-nakaratmak-vichar-badlein/,Setup 301 Redirect to Primary Page and remove duplicate from sitemap
100.0%,https://www.brahmakumaris.com/soul-sustenance/18th-aug-soul-sustenance/,https://www.brahmakumaris.com/soul-sustenance/avoid-showing-off-and-experience-humility/,Setup 301 Redirect to Primary Page and remove duplicate from sitemap
100.0%,https://www.brahmakumaris.com/soul-sustenance/ss-hindi/5-prakar-ka-swasthya-santulan/,https://www.brahmakumaris.com/soul-sustenance/avoid-showing-off-and-experience-humility/,Setup 301 Redirect to Primary Page and remove duplicate from sitemap
100.0%,https://www.brahmakumaris.com/soul-sustenance/avoid-showing-off-and-experience-humility/,https://www.brahmakumaris.com/soul-sustenance/becoming-free-from-the-desire-for-praise-part-3/,Setup 301 Redirect to Primary Page and remove duplicate from sitemap
100.0%,https://www.brahmakumaris.com/soul-sustenance/avoid-showing-off-and-experience-humility/,https://www.brahmakumaris.com/soul-sustenance/ss-hindi/kamjor-vicharon-ke-pattern-ko-check-karein-aur-unhein-nakaratmak-se-sakaratmak-banaein/,Setup 301 Redirect to Primary Page and remove duplicate from sitemap
100.0%,https://www.brahmakumaris.com/soul-sustenance/avoid-showing-off-and-experience-humility/,https://www.brahmakumaris.com/soul-sustenance/the-importance-of-thought-energy-in-relationships-part-2/,Setup 301 Redirect to Primary Page and remove duplicate from sitemap
100.0%,https://www.brahmakumaris.com/soul-sustenance/the-mind-and-its-creations/,https://www.brahmakumaris.com/soul-sustenance/avoid-showing-off-and-experience-humility/,Setup 301 Redirect to Primary Page and remove duplicate from sitemap
100.0%,https://www.brahmakumaris.com/soul-sustenance/avoid-showing-off-and-experience-humility/,https://www.brahmakumaris.com/soul-sustenance/ss-hindi/apne-aura-ko-saaf-suthra-rakhein/,Setup 301 Redirect to Primary Page and remove duplicate from sitemap
100.0%,https://www.brahmakumaris.com/soul-sustenance/avoid-showing-off-and-experience-humility/,https://www.brahmakumaris.com/soul-sustenance/experience-your-divinity-by-connecting-with-god-part-1/,Setup 301 Redirect to Primary Page and remove duplicate from sitemap
100.0%,https://www.brahmakumaris.com/soul-sustenance/avoid-showing-off-and-experience-humility/,https://www.brahmakumaris.com/soul-sustenance/ss-hindi/safalta-ke-5-khoobsurat-pahlu-bhag-3/,Setup 301 Redirect to Primary Page and remove duplicate from sitemap
100.0%,https://www.brahmakumaris.com/soul-sustenance/avoid-showing-off-and-experience-humility/,https://www.brahmakumaris.com/soul-sustenance/a-message-from-god-on-maha-shivratri-part-1/,Setup 301 Redirect to Primary Page and remove duplicate from sitemap
100.0%,https://www.brahmakumaris.com/soul-sustenance/making-the-earth-beautiful-and-pure/,https://www.brahmakumaris.com/soul-sustenance/avoid-showing-off-and-experience-humility/,Setup 301 Redirect to Primary Page and remove duplicate from sitemap
100.0%,https://www.brahmakumaris.com/soul-sustenance/master-the-art-of-self-control/,https://www.brahmakumaris.com/soul-sustenance/avoid-showing-off-and-experience-humility/,Setup 301 Redirect to Primary Page and remove duplicate from sitemap
100.0%,https://www.brahmakumaris.com/soul-sustenance/avoid-showing-off-and-experience-humility/,https://www.brahmakumaris.com/soul-sustenance/enjoying-the-sightseeing-of-your-life-part-3/,Setup 301 Redirect to Primary Page and remove duplicate from sitemap
100.0%,https://www.brahmakumaris.com/soul-sustenance/avoid-showing-off-and-experience-humility/,https://www.brahmakumaris.com/soul-sustenance/resolving-negative-situations-in-3-steps-part-3/,Setup 301 Redirect to Primary Page and remove duplicate from sitemap
100.0%,https://www.brahmakumaris.com/soul-sustenance/avoid-showing-off-and-experience-humility/,https://www.brahmakumaris.com/soul-sustenance/ss-hindi/adhyatmik-vibration-ke-sath-bhojan-banaein-aur-khaaein-bhag-3/,Setup 301 Redirect to Primary Page and remove duplicate from sitemap
100.0%,https://www.brahmakumaris.com/soul-sustenance/avoid-showing-off-and-experience-humility/,https://www.brahmakumaris.com/soul-sustenance/taking-care-of-what-is-eternal-and-permanent/,Setup 301 Redirect to Primary Page and remove duplicate from sitemap
100.0%,https://www.brahmakumaris.com/soul-sustenance/avoid-showing-off-and-experience-humility/,https://www.brahmakumaris.com/soul-sustenance/ss-hindi/apni-limits-simaaon-aur-mental-barrier-se-upar-uthein-bhag-2/,Setup 301 Redirect to Primary Page and remove duplicate from sitemap
100.0%,https://www.brahmakumaris.com/soul-sustenance/ss-hindi/sweekrati-ki-lat-se-mukt-rahein/,https://www.brahmakumaris.com/soul-sustenance/avoid-showing-off-and-experience-humility/,Setup 301 Redirect to Primary Page and remove duplicate from sitemap
100.0%,https://www.brahmakumaris.com/soul-sustenance/30th-june-soul-sustenance/,https://www.brahmakumaris.com/soul-sustenance/avoid-showing-off-and-experience-humility/,Setup 301 Redirect to Primary Page and remove duplicate from sitemap
100.0%,https://www.brahmakumaris.com/soul-sustenance/avoid-showing-off-and-experience-humility/,https://www.brahmakumaris.com/soul-sustenance/25th-jun-2023-ss/,Setup 301 Redirect to Primary Page and remove duplicate from sitemap
100.0%,https://www.brahmakumaris.com/soul-sustenance/avoid-showing-off-and-experience-humility/,https://www.brahmakumaris.com/soul-sustenance/ss-hindi/9th-jul-2023-ssh/,Setup 301 Redirect to Primary Page and remove duplicate from sitemap
100.0%,https://www.brahmakumaris.com/soul-sustenance/avoid-showing-off-and-experience-humility/,https://www.brahmakumaris.com/soul-sustenance/ss-hindi/nakaratmak-paristhitiyon-mei-sakaratamak-bane-rahne-ke-5-tarike/,Setup 301 Redirect to Primary Page and remove duplicate from sitemap
100.0%,https://www.brahmakumaris.com/soul-sustenance/ss-hindi/pratispardha-ya-sahyog/,https://www.brahmakumaris.com/soul-sustenance/avoid-showing-off-and-experience-humility/,Setup 301 Redirect to Primary Page and remove duplicate from sitemap
100.0%,https://www.brahmakumaris.com/soul-sustenance/12th-june-soul-sustenance/,https://www.brahmakumaris.com/soul-sustenance/avoid-showing-off-and-experience-humility/,Setup 301 Redirect to Primary Page and remove duplicate from sitemap
100.0%,https://www.brahmakumaris.com/soul-sustenance/avoid-showing-off-and-experience-humility/,https://www.brahmakumaris.com/soul-sustenance/ss-hindi/niswarth-prem-sundar-sambandhon-ki-chabhi-hei-bhag-6/,Setup 301 Redirect to Primary Page and remove duplicate from sitemap
100.0%,https://www.brahmakumaris.com/soul-sustenance/avoid-showing-off-and-experience-humility/,https://www.brahmakumaris.com/soul-sustenance/new-beginnings-after-mistakes-in-relationships/,Setup 301 Redirect to Primary Page and remove duplicate from sitemap
100.0%,https://www.brahmakumaris.com/soul-sustenance/avoid-showing-off-and-experience-humility/,https://www.brahmakumaris.com/soul-sustenance/ss-hindi/dusron-ki-script-likhne-ki-nakaratmak-aadat/,Setup 301 Redirect to Primary Page and remove duplicate from sitemap
100.0%,https://www.brahmakumaris.com/soul-sustenance/avoid-showing-off-and-experience-humility/,https://www.brahmakumaris.com/soul-sustenance/overcoming-worry-by-changing-your-beliefs-part-1/,Setup 301 Redirect to Primary Page and remove duplicate from sitemap
100.0%,https://www.brahmakumaris.com/soul-sustenance/1st-april-soul-sustenance/,https://www.brahmakumaris.com/soul-sustenance/avoid-showing-off-and-experience-humility/,Setup 301 Redirect to Primary Page and remove duplicate from sitemap
100.0%,https://www.brahmakumaris.com/soul-sustenance/avoid-showing-off-and-experience-humility/,https://www.brahmakumaris.com/soul-sustenance/17th-jun-2023-ss/,Setup 301 Redirect to Primary Page and remove duplicate from sitemap
100.0%,https://www.brahmakumaris.com/soul-sustenance/avoid-showing-off-and-experience-humility/,https://www.brahmakumaris.com/soul-sustenance/ss-hindi/charitra-mein-sundarta-bhag-2/,Setup 301 Redirect to Primary Page and remove duplicate from sitemap
100.0%,https://www.brahmakumaris.com/soul-sustenance/13th-aug-soul-sustenance/,https://www.brahmakumaris.com/soul-sustenance/avoid-showing-off-and-experience-humility/,Setup 301 Redirect to Primary Page and remove duplicate from sitemap
100.0%,https://www.brahmakumaris.com/soul-sustenance/avoid-showing-off-and-experience-humility/,https://www.brahmakumaris.com/soul-sustenance/ss-hindi/31st-jul-2023-ssh/,Setup 301 Redirect to Primary Page and remove duplicate from sitemap
100.0%,https://www.brahmakumaris.com/soul-sustenance/avoid-showing-off-and-experience-humility/,https://www.brahmakumaris.com/soul-sustenance/ss-hindi/har-kadam-par-drudhnischayi-aur-sakaratmak-bane-rahein-bhag-1/,Setup 301 Redirect to Primary Page and remove duplicate from sitemap
100.0%,https://www.brahmakumaris.com/soul-sustenance/avoid-showing-off-and-experience-humility/,https://www.brahmakumaris.com/soul-sustenance/5-tips-for-overcoming-mental-fatigue-part-1/,Setup 301 Redirect to Primary Page and remove duplicate from sitemap
100.0%,https://www.brahmakumaris.com/soul-sustenance/avoid-showing-off-and-experience-humility/,https://www.brahmakumaris.com/soul-sustenance/ss-hindi/sakaratmak-jeevan-jeene-ke-liye-10-nai-manytaaein-belief-bhag-2/,Setup 301 Redirect to Primary Page and remove duplicate from sitemap
100.0%,https://www.brahmakumaris.com/soul-sustenance/avoid-showing-off-and-experience-humility/,https://www.brahmakumaris.com/soul-sustenance/ss-hindi/dusron-ki-aalochana-karne-aur-judge-karne-se-swayn-ko-mukt-rakhein/,Setup 301 Redirect to Primary Page and remove duplicate from sitemap
100.0%,https://www.brahmakumaris.com/soul-sustenance/avoid-showing-off-and-experience-humility/,https://www.brahmakumaris.com/soul-sustenance/include-these-5-points-of-self-respect-in-your-life-part-3/,Setup 301 Redirect to Primary Page and remove duplicate from sitemap
100.0%,https://www.brahmakumaris.com/soul-sustenance/avoid-showing-off-and-experience-humility/,https://www.brahmakumaris.com/soul-sustenance/23rd-apr-2023-ss/,Setup 301 Redirect to Primary Page and remove duplicate from sitemap
100.0%,https://www.brahmakumaris.com/soul-sustenance/27th-sep-soul-sustenance/,https://www.brahmakumaris.com/soul-sustenance/avoid-showing-off-and-experience-humility/,Setup 301 Redirect to Primary Page and remove duplicate from sitemap
100.0%,https://www.brahmakumaris.com/soul-sustenance/avoid-showing-off-and-experience-humility/,https://www.brahmakumaris.com/soul-sustenance/09th-dec-2022-ss/,Setup 301 Redirect to Primary Page and remove duplicate from sitemap
100.0%,https://www.brahmakumaris.com/soul-sustenance/avoid-showing-off-and-experience-humility/,https://www.brahmakumaris.com/soul-sustenance/ss-hindi/aaiye-insaan-banein-insani-machine-nahin-bhag-3/,Setup 301 Redirect to Primary Page and remove duplicate from sitemap
100.0%,https://www.brahmakumaris.com/soul-sustenance/05th-nov-soul-sustenance/,https://www.brahmakumaris.com/soul-sustenance/avoid-showing-off-and-experience-humility/,Setup 301 Redirect to Primary Page and remove duplicate from sitemap
100.0%,https://www.brahmakumaris.com/soul-sustenance/create-success-inside-and-outside/,https://www.brahmakumaris.com/soul-sustenance/avoid-showing-off-and-experience-humility/,Setup 301 Redirect to Primary Page and remove duplicate from sitemap
100.0%,https://www.brahmakumaris.com/soul-sustenance/avoid-showing-off-and-experience-humility/,https://www.brahmakumaris.com/soul-sustenance/ss-hindi/nakaratmak-paristhitiyon-ke-4-labh-bhag-2/,Setup 301 Redirect to Primary Page and remove duplicate from sitemap
100.0%,https://www.brahmakumaris.com/soul-sustenance/avoid-showing-off-and-experience-humility/,https://www.brahmakumaris.com/soul-sustenance/08th-dec-2022-ss/,Setup 301 Redirect to Primary Page and remove duplicate from sitemap
100.0%,https://www.brahmakumaris.com/soul-sustenance/avoid-showing-off-and-experience-humility/,https://www.brahmakumaris.com/soul-sustenance/22nd-jul-2023-ss/,Setup 301 Redirect to Primary Page and remove duplicate from sitemap
100.0%,https://www.brahmakumaris.com/soul-sustenance/avoid-showing-off-and-experience-humility/,https://www.brahmakumaris.com/soul-sustenance/12-characteristics-of-a-divine-soul-part-1/,Setup 301 Redirect to Primary Page and remove duplicate from sitemap
100.0%,https://www.brahmakumaris.com/soul-sustenance/avoid-showing-off-and-experience-humility/,https://www.brahmakumaris.com/soul-sustenance/cooking-and-eating-with-a-spiritual-vibration-part-1/,Setup 301 Redirect to Primary Page and remove duplicate from sitemap
100.0%,https://www.brahmakumaris.com/soul-sustenance/avoid-showing-off-and-experience-humility/,https://www.brahmakumaris.com/soul-sustenance/ss-hindi/14th-apr-2023-ssh/,Setup 301 Redirect to Primary Page and remove duplicate from sitemap
100.0%,https://www.brahmakumaris.com/soul-sustenance/5-beautiful-specialties-of-god/,https://www.brahmakumaris.com/soul-sustenance/avoid-showing-off-and-experience-humility/,Setup 301 Redirect to Primary Page and remove duplicate from sitemap
100.0%,https://www.brahmakumaris.com/soul-sustenance/avoid-showing-off-and-experience-humility/,https://www.brahmakumaris.com/soul-sustenance/ss-hindi/bhojan-ke-palon-ka-aanand-lein-aur-pyaar-karein/,Setup 301 Redirect to Primary Page and remove duplicate from sitemap
100.0%,https://www.brahmakumaris.com/soul-sustenance/17th-oct-soul-sustenance/,https://www.brahmakumaris.com/soul-sustenance/avoid-showing-off-and-experience-humility/,Setup 301 Redirect to Primary Page and remove duplicate from sitemap
100.0%,https://www.brahmakumaris.com/soul-sustenance/avoid-showing-off-and-experience-humility/,https://www.brahmakumaris.com/soul-sustenance/ss-hindi/karm-bandhano-ka-chakra-bhag-2/,Setup 301 Redirect to Primary Page and remove duplicate from sitemap
100.0%,https://www.brahmakumaris.com/soul-sustenance/avoid-showing-off-and-experience-humility/,https://www.brahmakumaris.com/soul-sustenance/ss-hindi/negative-energy-ke-exchange-ko-kaise-break-karein-bhag-3/,Setup 301 Redirect to Primary Page and remove duplicate from sitemap
100.0%,https://www.brahmakumaris.com/soul-sustenance/12th-april-soul-sustenance/,https://www.brahmakumaris.com/soul-sustenance/avoid-showing-off-and-experience-humility/,Setup 301 Redirect to Primary Page and remove duplicate from sitemap
100.0%,https://www.brahmakumaris.com/soul-sustenance/avoid-showing-off-and-experience-humility/,https://www.brahmakumaris.com/soul-sustenance/ss-hindi/spiritual-progress-ke-liye-daily-chart-kaise-rakhein/,Setup 301 Redirect to Primary Page and remove duplicate from sitemap
100.0%,https://www.brahmakumaris.com/soul-sustenance/avoid-showing-off-and-experience-humility/,https://www.brahmakumaris.com/soul-sustenance/21st-may-2023-ss/,Setup 301 Redirect to Primary Page and remove duplicate from sitemap
100.0%,https://www.brahmakumaris.com/soul-sustenance/making-concentration-your-nature/,https://www.brahmakumaris.com/soul-sustenance/avoid-showing-off-and-experience-humility/,Setup 301 Redirect to Primary Page and remove duplicate from sitemap
100.0%,https://www.brahmakumaris.com/soul-sustenance/avoid-showing-off-and-experience-humility/,https://www.brahmakumaris.com/soul-sustenance/ss-hindi/mahashivratri-par-parmatma-sandesh-part-2/,Setup 301 Redirect to Primary Page and remove duplicate from sitemap
100.0%,https://www.brahmakumaris.com/soul-sustenance/30th-april-soul-sustenance/,https://www.brahmakumaris.com/soul-sustenance/avoid-showing-off-and-experience-humility/,Setup 301 Redirect to Primary Page and remove duplicate from sitemap
100.0%,https://www.brahmakumaris.com/soul-sustenance/avoid-showing-off-and-experience-humility/,https://www.brahmakumaris.com/soul-sustenance/resolve-issues-to-have-perfect-relationships/,Setup 301 Redirect to Primary Page and remove duplicate from sitemap
100.0%,https://www.brahmakumaris.com/soul-sustenance/avoid-showing-off-and-experience-humility/,https://www.brahmakumaris.com/soul-sustenance/25th-jul-2023-ss/,Setup 301 Redirect to Primary Page and remove duplicate from sitemap
100.0%,https://www.brahmakumaris.com/soul-sustenance/avoid-showing-off-and-experience-humility/,https://www.brahmakumaris.com/soul-sustenance/taking-care-of-our-emotional-and-physical-health-with-spirituality-part-3/,Setup 301 Redirect to Primary Page and remove duplicate from sitemap
100.0%,https://www.brahmakumaris.com/soul-sustenance/avoid-showing-off-and-experience-humility/,https://www.brahmakumaris.com/soul-sustenance/ss-hindi/apne-mul-swabhav-shanti-aur-prem-ka-anubhav-karein-bhag-2/,Setup 301 Redirect to Primary Page and remove duplicate from sitemap
100.0%,https://www.brahmakumaris.com/soul-sustenance/avoid-showing-off-and-experience-humility/,https://www.brahmakumaris.com/soul-sustenance/ss-hindi/14th-feb-2023-sse/,Setup 301 Redirect to Primary Page and remove duplicate from sitemap
100.0%,https://www.brahmakumaris.com/soul-sustenance/avoid-showing-off-and-experience-humility/,https://www.brahmakumaris.com/soul-sustenance/1st-aug-2023-ss/,Setup 301 Redirect to Primary Page and remove duplicate from sitemap
100.0%,https://www.brahmakumaris.com/soul-sustenance/ss-hindi/expectation-na-karein/,https://www.brahmakumaris.com/soul-sustenance/avoid-showing-off-and-experience-humility/,Setup 301 Redirect to Primary Page and remove duplicate from sitemap
100.0%,https://www.brahmakumaris.com/soul-sustenance/avoid-showing-off-and-experience-humility/,https://www.brahmakumaris.com/soul-sustenance/creating-a-perfect-personality-for-success-part-1/,Setup 301 Redirect to Primary Page and remove duplicate from sitemap
100.0%,https://www.brahmakumaris.com/soul-sustenance/28th-march-soul-sustenance/,https://www.brahmakumaris.com/soul-sustenance/avoid-showing-off-and-experience-humility/,Setup 301 Redirect to Primary Page and remove duplicate from sitemap
100.0%,https://www.brahmakumaris.com/soul-sustenance/avoid-showing-off-and-experience-humility/,https://www.brahmakumaris.com/soul-sustenance/ss-hindi/aap-koi-bhi-aadat-badal-sakte-hein/,Setup 301 Redirect to Primary Page and remove duplicate from sitemap
100.0%,https://www.brahmakumaris.com/soul-sustenance/avoid-showing-off-and-experience-humility/,https://www.brahmakumaris.com/soul-sustenance/nothing-new-the-wisdom-for-difficult-situations/,Setup 301 Redirect to Primary Page and remove duplicate from sitemap
100.0%,https://www.brahmakumaris.com/soul-sustenance/avoid-showing-off-and-experience-humility/,https://www.brahmakumaris.com/soul-sustenance/ss-hindi/8th-apr-2023-ssh/,Setup 301 Redirect to Primary Page and remove duplicate from sitemap
100.0%,https://www.brahmakumaris.com/soul-sustenance/22nd-march-soul-sustenance/,https://www.brahmakumaris.com/soul-sustenance/avoid-showing-off-and-experience-humility/,Setup 301 Redirect to Primary Page and remove duplicate from sitemap
100.0%,https://www.brahmakumaris.com/soul-sustenance/avoid-showing-off-and-experience-humility/,https://www.brahmakumaris.com/soul-sustenance/ss-hindi/15th-may-2023-ssh/,Setup 301 Redirect to Primary Page and remove duplicate from sitemap
100.0%,https://www.brahmakumaris.com/soul-sustenance/avoid-showing-off-and-experience-humility/,https://www.brahmakumaris.com/soul-sustenance/ss-hindi/sone-se-pahle-man-ki-samasyaon-ka-samadhan/,Setup 301 Redirect to Primary Page and remove duplicate from sitemap
100.0%,https://www.brahmakumaris.com/soul-sustenance/avoid-showing-off-and-experience-humility/,https://www.brahmakumaris.com/soul-sustenance/03rd-jan-2023-ss/,Setup 301 Redirect to Primary Page and remove duplicate from sitemap
100.0%,https://www.brahmakumaris.com/soul-sustenance/avoid-showing-off-and-experience-humility/,https://www.brahmakumaris.com/soul-sustenance/ss-hindi/26th-jul-2023-ssh/,Setup 301 Redirect to Primary Page and remove duplicate from sitemap
100.0%,https://www.brahmakumaris.com/soul-sustenance/avoid-showing-off-and-experience-humility/,https://www.brahmakumaris.com/soul-sustenance/crossing-negative-situations-with-spiritual-power-part-2/,Setup 301 Redirect to Primary Page and remove duplicate from sitemap
100.0%,https://www.brahmakumaris.com/soul-sustenance/avoid-showing-off-and-experience-humility/,https://www.brahmakumaris.com/soul-sustenance/ss-hindi/21st-jun-2023-ssh/,Setup 301 Redirect to Primary Page and remove duplicate from sitemap
100.0%,https://www.brahmakumaris.com/soul-sustenance/avoid-showing-off-and-experience-humility/,https://www.brahmakumaris.com/soul-sustenance/is-worrying-for-others-caring-for-them-part-2/,Setup 301 Redirect to Primary Page and remove duplicate from sitemap
100.0%,https://www.brahmakumaris.com/soul-sustenance/avoid-showing-off-and-experience-humility/,https://www.brahmakumaris.com/soul-sustenance/ss-hindi/zindgi-ki-daud-mein-na-bhagein-present-moment-ko-enjoy-karein-bhag-3/,Setup 301 Redirect to Primary Page and remove duplicate from sitemap
100.0%,https://www.brahmakumaris.com/soul-sustenance/creating-a-personality-of-truth-part-1/,https://www.brahmakumaris.com/soul-sustenance/avoid-showing-off-and-experience-humility/,Setup 301 Redirect to Primary Page and remove duplicate from sitemap
100.0%,https://www.brahmakumaris.com/soul-sustenance/avoid-showing-off-and-experience-humility/,https://www.brahmakumaris.com/soul-sustenance/ss-hindi/duniya-ko-badalne-mein-mahilaaon-ki-bhumika/,Setup 301 Redirect to Primary Page and remove duplicate from sitemap
100.0%,https://www.brahmakumaris.com/soul-sustenance/avoid-showing-off-and-experience-humility/,https://www.brahmakumaris.com/soul-sustenance/5-steps-to-a-stress-free-life-part-3/,Setup 301 Redirect to Primary Page and remove duplicate from sitemap
100.0%,https://www.brahmakumaris.com/soul-sustenance/ss-hindi/divya-aatma-ke-12-gun-bhag-1/,https://www.brahmakumaris.com/soul-sustenance/avoid-showing-off-and-experience-humility/,Setup 301 Redirect to Primary Page and remove duplicate from sitemap
100.0%,https://www.brahmakumaris.com/soul-sustenance/avoid-showing-off-and-experience-humility/,https://www.brahmakumaris.com/soul-sustenance/5-steps-to-a-stress-free-life-part-2/,Setup 301 Redirect to Primary Page and remove duplicate from sitemap
100.0%,https://www.brahmakumaris.com/soul-sustenance/asserting-without-arrogance/,https://www.brahmakumaris.com/soul-sustenance/avoid-showing-off-and-experience-humility/,Setup 301 Redirect to Primary Page and remove duplicate from sitemap
100.0%,https://www.brahmakumaris.com/soul-sustenance/avoid-showing-off-and-experience-humility/,https://www.brahmakumaris.com/soul-sustenance/ss-hindi/sakaratamak-jeevan-shaily-ke-liye-10-steps-bhag-1/,Setup 301 Redirect to Primary Page and remove duplicate from sitemap
100.0%,https://www.brahmakumaris.com/soul-sustenance/avoid-showing-off-and-experience-humility/,https://www.brahmakumaris.com/soul-sustenance/the-lost-paradise-regaining-it-with-the-help-of-god-part-1/,Setup 301 Redirect to Primary Page and remove duplicate from sitemap
100.0%,https://www.brahmakumaris.com/soul-sustenance/avoid-showing-off-and-experience-humility/,https://www.brahmakumaris.com/soul-sustenance/ss-hindi/sweekaryata-aur-samajh-ke-sath-sahan-karein/,Setup 301 Redirect to Primary Page and remove duplicate from sitemap
100.0%,https://www.brahmakumaris.com/soul-sustenance/avoid-showing-off-and-experience-humility/,https://www.brahmakumaris.com/soul-sustenance/the-subtle-role-play-of-thoughts-and-images-part-1/,Setup 301 Redirect to Primary Page and remove duplicate from sitemap
100.0%,https://www.brahmakumaris.com/soul-sustenance/avoid-showing-off-and-experience-humility/,https://www.brahmakumaris.com/soul-sustenance/ss-hindi/adhyatmik-samajh-ke-sath-bhai-behen-ke-beech-ki-pratispardha-ko-samapt-karein/,Setup 301 Redirect to Primary Page and remove duplicate from sitemap
100.0%,https://www.brahmakumaris.com/soul-sustenance/02nd-june-soul-sustenance/,https://www.brahmakumaris.com/soul-sustenance/avoid-showing-off-and-experience-humility/,Setup 301 Redirect to Primary Page and remove duplicate from sitemap
100.0%,https://www.brahmakumaris.com/soul-sustenance/avoid-showing-off-and-experience-humility/,https://www.brahmakumaris.com/soul-sustenance/ss-hindi/logon-ki-umeedon-par-khara-utarna/,Setup 301 Redirect to Primary Page and remove duplicate from sitemap
100.0%,https://www.brahmakumaris.com/soul-sustenance/22nd-april-soul-sustenance/,https://www.brahmakumaris.com/soul-sustenance/avoid-showing-off-and-experience-humility/,Setup 301 Redirect to Primary Page and remove duplicate from sitemap
100.0%,https://www.brahmakumaris.com/soul-sustenance/26th-february-soul-sustenance/,https://www.brahmakumaris.com/soul-sustenance/avoid-showing-off-and-experience-humility/,Setup 301 Redirect to Primary Page and remove duplicate from sitemap
100.0%,https://www.brahmakumaris.com/soul-sustenance/avoid-showing-off-and-experience-humility/,https://www.brahmakumaris.com/soul-sustenance/ss-hindi/jeevan-ke-adrushya-support-system-bhag-3/,Setup 301 Redirect to Primary Page and remove duplicate from sitemap
100.0%,https://www.brahmakumaris.com/soul-sustenance/avoid-showing-off-and-experience-humility/,https://www.brahmakumaris.com/soul-sustenance/22nd-apr-2023-ss/,Setup 301 Redirect to Primary Page and remove duplicate from sitemap
100.0%,https://www.brahmakumaris.com/soul-sustenance/13th-nov-soul-sustenance/,https://www.brahmakumaris.com/soul-sustenance/avoid-showing-off-and-experience-humility/,Setup 301 Redirect to Primary Page and remove duplicate from sitemap
100.0%,https://www.brahmakumaris.com/soul-sustenance/02nd-sep-soul-sustenance/,https://www.brahmakumaris.com/soul-sustenance/avoid-showing-off-and-experience-humility/,Setup 301 Redirect to Primary Page and remove duplicate from sitemap
100.0%,https://www.brahmakumaris.com/soul-sustenance/avoid-showing-off-and-experience-humility/,https://www.brahmakumaris.com/soul-sustenance/ss-hindi/kathin-paristhitiyon-mein-nothing-new-ke-point-ko-apply-karein/,Setup 301 Redirect to Primary Page and remove duplicate from sitemap
100.0%,https://www.brahmakumaris.com/soul-sustenance/avoid-showing-off-and-experience-humility/,https://www.brahmakumaris.com/soul-sustenance/10-new-beliefs-for-positive-living-part-5/,Setup 301 Redirect to Primary Page and remove duplicate from sitemap
100.0%,https://www.brahmakumaris.com/soul-sustenance/avoid-showing-off-and-experience-humility/,https://www.brahmakumaris.com/soul-sustenance/ss-hindi/sahajta-se-sweekarein-aur-ummiddon-se-mukt-rahein/,Setup 301 Redirect to Primary Page and remove duplicate from sitemap
100.0%,https://www.brahmakumaris.com/soul-sustenance/09th-aug-soul-sustenance/,https://www.brahmakumaris.com/soul-sustenance/avoid-showing-off-and-experience-humility/,Setup 301 Redirect to Primary Page and remove duplicate from sitemap
100.0%,https://www.brahmakumaris.com/soul-sustenance/steps-for-overcoming-job-insecurity/,https://www.brahmakumaris.com/soul-sustenance/avoid-showing-off-and-experience-humility/,Setup 301 Redirect to Primary Page and remove duplicate from sitemap
100.0%,https://www.brahmakumaris.com/soul-sustenance/celebrating-the-happiness-of-others/,https://www.brahmakumaris.com/soul-sustenance/avoid-showing-off-and-experience-humility/,Setup 301 Redirect to Primary Page and remove duplicate from sitemap
100.0%,https://www.brahmakumaris.com/soul-sustenance/how-to-study-gods-wisdom-everyday/,https://www.brahmakumaris.com/soul-sustenance/avoid-showing-off-and-experience-humility/,Setup 301 Redirect to Primary Page and remove duplicate from sitemap
100.0%,https://www.brahmakumaris.com/soul-sustenance/03rd-may-soul-sustenance/,https://www.brahmakumaris.com/soul-sustenance/avoid-showing-off-and-experience-humility/,Setup 301 Redirect to Primary Page and remove duplicate from sitemap
100.0%,https://www.brahmakumaris.com/soul-sustenance/avoid-showing-off-and-experience-humility/,https://www.brahmakumaris.com/soul-sustenance/how-to-become-a-trustee-of-god-part-3/,Setup 301 Redirect to Primary Page and remove duplicate from sitemap
100.0%,https://www.brahmakumaris.com/soul-sustenance/avoid-showing-off-and-experience-humility/,https://www.brahmakumaris.com/soul-sustenance/ss-hindi/22nd-feb-2023-ssh/,Setup 301 Redirect to Primary Page and remove duplicate from sitemap
100.0%,https://www.brahmakumaris.com/soul-sustenance/avoid-showing-off-and-experience-humility/,https://www.brahmakumaris.com/soul-sustenance/ss-hindi/jeevan-hamesha-uchit-hei-ise-anuchit-na-kahein/,Setup 301 Redirect to Primary Page and remove duplicate from sitemap
100.0%,https://www.brahmakumaris.com/soul-sustenance/take-and-apply-one-value-for-each-day/,https://www.brahmakumaris.com/soul-sustenance/avoid-showing-off-and-experience-humility/,Setup 301 Redirect to Primary Page and remove duplicate from sitemap
100.0%,https://www.brahmakumaris.com/soul-sustenance/avoid-showing-off-and-experience-humility/,https://www.brahmakumaris.com/soul-sustenance/start-taking-care-of-your-mind-an-inner-factory-of-thoughts/,Setup 301 Redirect to Primary Page and remove duplicate from sitemap
100.0%,https://www.brahmakumaris.com/soul-sustenance/our-role-when-a-loved-one-is-in-pain/,https://www.brahmakumaris.com/soul-sustenance/avoid-showing-off-and-experience-humility/,Setup 301 Redirect to Primary Page and remove duplicate from sitemap
100.0%,https://www.brahmakumaris.com/soul-sustenance/avoid-showing-off-and-experience-humility/,https://www.brahmakumaris.com/soul-sustenance/ss-hindi/hamare-thoughts-ki-inner-factory-hamara-man-uska-dhyan-rakhein/,Setup 301 Redirect to Primary Page and remove duplicate from sitemap
100.0%,https://www.brahmakumaris.com/soul-sustenance/avoid-showing-off-and-experience-humility/,https://www.brahmakumaris.com/soul-sustenance/the-quality-of-our-vibrations-and-how-they-influence-others/,Setup 301 Redirect to Primary Page and remove duplicate from sitemap
100.0%,https://www.brahmakumaris.com/soul-sustenance/8th-march-soul-sustenance/,https://www.brahmakumaris.com/soul-sustenance/avoid-showing-off-and-experience-humility/,Setup 301 Redirect to Primary Page and remove duplicate from sitemap
100.0%,https://www.brahmakumaris.com/soul-sustenance/avoid-showing-off-and-experience-humility/,https://www.brahmakumaris.com/soul-sustenance/transforming-our-dreams-into-reality-part-1/,Setup 301 Redirect to Primary Page and remove duplicate from sitemap
100.0%,https://www.brahmakumaris.com/soul-sustenance/avoid-showing-off-and-experience-humility/,https://www.brahmakumaris.com/soul-sustenance/ss-hindi/iswar-ke-prem-aur-madad-dwara-sakaratmakta-ka-anubhav-karein-bhag-2/,Setup 301 Redirect to Primary Page and remove duplicate from sitemap
100.0%,https://www.brahmakumaris.com/soul-sustenance/avoid-showing-off-and-experience-humility/,https://www.brahmakumaris.com/soul-sustenance/ss-hindi/aalochana-mein-stable-kaise-rahein/,Setup 301 Redirect to Primary Page and remove duplicate from sitemap
100.0%,https://www.brahmakumaris.com/soul-sustenance/avoid-showing-off-and-experience-humility/,https://www.brahmakumaris.com/soul-sustenance/14th-mar-2023-sst/,Setup 301 Redirect to Primary Page and remove duplicate from sitemap
100.0%,https://www.brahmakumaris.com/soul-sustenance/avoid-showing-off-and-experience-humility/,https://www.brahmakumaris.com/soul-sustenance/becoming-free-from-the-desire-for-praise-part-1/,Setup 301 Redirect to Primary Page and remove duplicate from sitemap
100.0%,https://www.brahmakumaris.com/soul-sustenance/avoid-showing-off-and-experience-humility/,https://www.brahmakumaris.com/soul-sustenance/think-only-of-what-you-want-in-your-reality/,Setup 301 Redirect to Primary Page and remove duplicate from sitemap
100.0%,https://www.brahmakumaris.com/soul-sustenance/be-the-giver-in-your-relationships/,https://www.brahmakumaris.com/soul-sustenance/avoid-showing-off-and-experience-humility/,Setup 301 Redirect to Primary Page and remove duplicate from sitemap
100.0%,https://www.brahmakumaris.com/soul-sustenance/avoid-showing-off-and-experience-humility/,https://www.brahmakumaris.com/soul-sustenance/ss-hindi/doctors-ki-paanch-sundar-spiritual-visheshtayein/,Setup 301 Redirect to Primary Page and remove duplicate from sitemap
100.0%,https://www.brahmakumaris.com/soul-sustenance/avoid-showing-off-and-experience-humility/,https://www.brahmakumaris.com/soul-sustenance/31st-mar-2023-ss/,Setup 301 Redirect to Primary Page and remove duplicate from sitemap
100.0%,https://www.brahmakumaris.com/soul-sustenance/avoid-showing-off-and-experience-humility/,https://www.brahmakumaris.com/soul-sustenance/ss-hindi/logon-ko-influence-karein-naaki-control-karein/,Setup 301 Redirect to Primary Page and remove duplicate from sitemap
100.0%,https://www.brahmakumaris.com/soul-sustenance/avoid-showing-off-and-experience-humility/,https://www.brahmakumaris.com/soul-sustenance/ss-hindi/jeevan-ke-har-drushya-mein-dheirya-rakhna/,Setup 301 Redirect to Primary Page and remove duplicate from sitemap
100.0%,https://www.brahmakumaris.com/soul-sustenance/avoid-showing-off-and-experience-humility/,https://www.brahmakumaris.com/soul-sustenance/ss-hindi/rajyoga-dwara-aatma-ko-sudhdh-banaein/,Setup 301 Redirect to Primary Page and remove duplicate from sitemap
100.0%,https://www.brahmakumaris.com/soul-sustenance/avoid-showing-off-and-experience-humility/,https://www.brahmakumaris.com/soul-sustenance/team-meetings-and-how-to-be-a-part-of-them/,Setup 301 Redirect to Primary Page and remove duplicate from sitemap
100.0%,https://www.brahmakumaris.com/soul-sustenance/avoid-showing-off-and-experience-humility/,https://www.brahmakumaris.com/soul-sustenance/ss-hindi/hamare-bhagya-ka-nirmata-kaun-hei/,Setup 301 Redirect to Primary Page and remove duplicate from sitemap
100.0%,https://www.brahmakumaris.com/soul-sustenance/avoid-showing-off-and-experience-humility/,https://www.brahmakumaris.com/soul-sustenance/ss-hindi/vivek-ke-in-5-points-ko-apnaein-aur-irshya-par-kaabu-paayein/,Setup 301 Redirect to Primary Page and remove duplicate from sitemap
100.0%,https://www.brahmakumaris.com/soul-sustenance/avoid-showing-off-and-experience-humility/,https://www.brahmakumaris.com/soul-sustenance/ss-hindi/dusre-jab-achcha-karein-to-khush-hon/,Setup 301 Redirect to Primary Page and remove duplicate from sitemap
100.0%,https://www.brahmakumaris.com/soul-sustenance/avoid-showing-off-and-experience-humility/,https://www.brahmakumaris.com/soul-sustenance/20th-jun-2023-ss/,Setup 301 Redirect to Primary Page and remove duplicate from sitemap
100.0%,https://www.brahmakumaris.com/soul-sustenance/avoid-showing-off-and-experience-humility/,https://www.brahmakumaris.com/soul-sustenance/3-common-happiness-beliefs-and-the-truth-about-them-part-2/,Setup 301 Redirect to Primary Page and remove duplicate from sitemap
100.0%,https://www.brahmakumaris.com/soul-sustenance/avoid-showing-off-and-experience-humility/,https://www.brahmakumaris.com/soul-sustenance/15th-apr-2023-ss/,Setup 301 Redirect to Primary Page and remove duplicate from sitemap
100.0%,https://www.brahmakumaris.com/soul-sustenance/avoid-showing-off-and-experience-humility/,https://www.brahmakumaris.com/soul-sustenance/ss-hindi/saaf-aur-saral-dil-ke-saath-logon-se-milein/,Setup 301 Redirect to Primary Page and remove duplicate from sitemap
100.0%,https://www.brahmakumaris.com/soul-sustenance/avoid-showing-off-and-experience-humility/,https://www.brahmakumaris.com/soul-sustenance/ss-hindi/hamare-vichar-hamare-bhagya-ka-nirman-kaise-karte-hein-bhag-1/,Setup 301 Redirect to Primary Page and remove duplicate from sitemap
100.0%,https://www.brahmakumaris.com/soul-sustenance/04th-nov-soul-sustenance/,https://www.brahmakumaris.com/soul-sustenance/avoid-showing-off-and-experience-humility/,Setup 301 Redirect to Primary Page and remove duplicate from sitemap
100.0%,https://www.brahmakumaris.com/soul-sustenance/avoid-showing-off-and-experience-humility/,https://www.brahmakumaris.com/soul-sustenance/light-the-lamp-of-divinity-this-diwali-part-1/,Setup 301 Redirect to Primary Page and remove duplicate from sitemap
100.0%,https://www.brahmakumaris.com/soul-sustenance/avoid-showing-off-and-experience-humility/,https://www.brahmakumaris.com/soul-sustenance/ss-hindi/safalta-ki-raah-par-8-kadam-bhag2/,Setup 301 Redirect to Primary Page and remove duplicate from sitemap
100.0%,https://www.brahmakumaris.com/soul-sustenance/avoid-showing-off-and-experience-humility/,https://www.brahmakumaris.com/soul-sustenance/ss-hindi/bachchon-ke-sath-samay-na-bita-pane-ki-glani/,Setup 301 Redirect to Primary Page and remove duplicate from sitemap
100.0%,https://www.brahmakumaris.com/soul-sustenance/avoid-showing-off-and-experience-humility/,https://www.brahmakumaris.com/soul-sustenance/ss-hindi/12th-jun-2023-ssh/,Setup 301 Redirect to Primary Page and remove duplicate from sitemap
100.0%,https://www.brahmakumaris.com/soul-sustenance/ss-hindi/vishw-ki-sone-ki-chidiya-bharat/,https://www.brahmakumaris.com/soul-sustenance/avoid-showing-off-and-experience-humility/,Setup 301 Redirect to Primary Page and remove duplicate from sitemap
100.0%,https://www.brahmakumaris.com/soul-sustenance/avoid-showing-off-and-experience-humility/,https://www.brahmakumaris.com/soul-sustenance/the-spiritual-significance-of-ganesh-chaturthi-part-3/,Setup 301 Redirect to Primary Page and remove duplicate from sitemap
100.0%,https://www.brahmakumaris.com/soul-sustenance/avoid-showing-off-and-experience-humility/,https://www.brahmakumaris.com/soul-sustenance/ss-hindi/kam-khana-aur-soch-samajhkar-khana/,Setup 301 Redirect to Primary Page and remove duplicate from sitemap
100.0%,https://www.brahmakumaris.com/soul-sustenance/avoid-showing-off-and-experience-humility/,https://www.brahmakumaris.com/soul-sustenance/make-6-types-of-contentment-a-part-of-your-life/,Setup 301 Redirect to Primary Page and remove duplicate from sitemap
100.0%,https://www.brahmakumaris.com/soul-sustenance/avoid-showing-off-and-experience-humility/,https://www.brahmakumaris.com/soul-sustenance/14th-may-2023-ss/,Setup 301 Redirect to Primary Page and remove duplicate from sitemap
100.0%,https://www.brahmakumaris.com/soul-sustenance/creating-a-world-of-forgiveness-part-1/,https://www.brahmakumaris.com/soul-sustenance/avoid-showing-off-and-experience-humility/,Setup 301 Redirect to Primary Page and remove duplicate from sitemap
100.0%,https://www.brahmakumaris.com/soul-sustenance/avoid-showing-off-and-experience-humility/,https://www.brahmakumaris.com/soul-sustenance/8th-jul-2023-ss/,Setup 301 Redirect to Primary Page and remove duplicate from sitemap
100.0%,https://www.brahmakumaris.com/soul-sustenance/avoid-showing-off-and-experience-humility/,https://www.brahmakumaris.com/soul-sustenance/5-ways-of-being-assertive-in-relationships/,Setup 301 Redirect to Primary Page and remove duplicate from sitemap
100.0%,https://www.brahmakumaris.com/soul-sustenance/who-is-responsible-for-my-destiny/,https://www.brahmakumaris.com/soul-sustenance/avoid-showing-off-and-experience-humility/,Setup 301 Redirect to Primary Page and remove duplicate from sitemap
100.0%,https://www.brahmakumaris.com/soul-sustenance/check-your-adaptability-quotient/,https://www.brahmakumaris.com/soul-sustenance/avoid-showing-off-and-experience-humility/,Setup 301 Redirect to Primary Page and remove duplicate from sitemap
100.0%,https://www.brahmakumaris.com/soul-sustenance/avoid-showing-off-and-experience-humility/,https://www.brahmakumaris.com/soul-sustenance/ss-hindi/khoya-hua-swarg-punah-prapt-karna-bhag-1/,Setup 301 Redirect to Primary Page and remove duplicate from sitemap
100.0%,https://www.brahmakumaris.com/soul-sustenance/25th-march-soul-sustenance/,https://www.brahmakumaris.com/soul-sustenance/avoid-showing-off-and-experience-humility/,Setup 301 Redirect to Primary Page and remove duplicate from sitemap
100.0%,https://www.brahmakumaris.com/soul-sustenance/avoid-showing-off-and-experience-humility/,https://www.brahmakumaris.com/soul-sustenance/ss-hindi/ateet-ko-let-go-karne-ki-7-takniken-bhag-3/,Setup 301 Redirect to Primary Page and remove duplicate from sitemap
100.0%,https://www.brahmakumaris.com/soul-sustenance/avoid-showing-off-and-experience-humility/,https://www.brahmakumaris.com/soul-sustenance/ss-hindi/7th-jul-2023-ssh/,Setup 301 Redirect to Primary Page and remove duplicate from sitemap
100.0%,https://www.brahmakumaris.com/soul-sustenance/avoid-showing-off-and-experience-humility/,https://www.brahmakumaris.com/soul-sustenance/09th-feb-2023-ss/,Setup 301 Redirect to Primary Page and remove duplicate from sitemap
100.0%,https://www.brahmakumaris.com/soul-sustenance/avoid-showing-off-and-experience-humility/,https://www.brahmakumaris.com/soul-sustenance/ss-hindi/24th-feb-2023-ssh/,Setup 301 Redirect to Primary Page and remove duplicate from sitemap
100.0%,https://www.brahmakumaris.com/soul-sustenance/learning-to-be-at-peace-with-time-part-1/,https://www.brahmakumaris.com/soul-sustenance/avoid-showing-off-and-experience-humility/,Setup 301 Redirect to Primary Page and remove duplicate from sitemap
100.0%,https://www.brahmakumaris.com/soul-sustenance/avoid-showing-off-and-experience-humility/,https://www.brahmakumaris.com/soul-sustenance/ss-hindi/achche-iraadon-ke-sath-achche-karm-karein/,Setup 301 Redirect to Primary Page and remove duplicate from sitemap
100.0%,https://www.brahmakumaris.com/soul-sustenance/13th-sep-soul-sustenance/,https://www.brahmakumaris.com/soul-sustenance/avoid-showing-off-and-experience-humility/,Setup 301 Redirect to Primary Page and remove duplicate from sitemap
100.0%,https://www.brahmakumaris.com/soul-sustenance/allow-simplicity-to-take-over-your-life/,https://www.brahmakumaris.com/soul-sustenance/avoid-showing-off-and-experience-humility/,Setup 301 Redirect to Primary Page and remove duplicate from sitemap
100.0%,https://www.brahmakumaris.com/soul-sustenance/avoid-showing-off-and-experience-humility/,https://www.brahmakumaris.com/soul-sustenance/ss-hindi/logon-ke-vibration-ko-mahsus-karna-shuru-karein/,Setup 301 Redirect to Primary Page and remove duplicate from sitemap
100.0%,https://www.brahmakumaris.com/soul-sustenance/06th-jul-soul-sustenance/,https://www.brahmakumaris.com/soul-sustenance/avoid-showing-off-and-experience-humility/,Setup 301 Redirect to Primary Page and remove duplicate from sitemap
100.0%,https://www.brahmakumaris.com/soul-sustenance/ss-hindi/bharpurta-ka-drushtikon/,https://www.brahmakumaris.com/soul-sustenance/avoid-showing-off-and-experience-humility/,Setup 301 Redirect to Primary Page and remove duplicate from sitemap
100.0%,https://www.brahmakumaris.com/soul-sustenance/avoid-showing-off-and-experience-humility/,https://www.brahmakumaris.com/soul-sustenance/reversing-the-flow-of-love-in-relationships/,Setup 301 Redirect to Primary Page and remove duplicate from sitemap
100.0%,https://www.brahmakumaris.com/soul-sustenance/ss-hindi/rishton-ki-neev/,https://www.brahmakumaris.com/soul-sustenance/avoid-showing-off-and-experience-humility/,Setup 301 Redirect to Primary Page and remove duplicate from sitemap
100.0%,https://www.brahmakumaris.com/soul-sustenance/executing-right-habits-consistently/,https://www.brahmakumaris.com/soul-sustenance/avoid-showing-off-and-experience-humility/,Setup 301 Redirect to Primary Page and remove duplicate from sitemap
100.0%,https://www.brahmakumaris.com/soul-sustenance/avoid-showing-off-and-experience-humility/,https://www.brahmakumaris.com/soul-sustenance/ss-hindi/mansik-dabav-aur-tanaav-par-kaabu-kaise-paayein-bhag-1/,Setup 301 Redirect to Primary Page and remove duplicate from sitemap
100.0%,https://www.brahmakumaris.com/soul-sustenance/avoid-showing-off-and-experience-humility/,https://www.brahmakumaris.com/soul-sustenance/21st-apr-2023-ss/,Setup 301 Redirect to Primary Page and remove duplicate from sitemap
100.0%,https://www.brahmakumaris.com/soul-sustenance/avoid-showing-off-and-experience-humility/,https://www.brahmakumaris.com/soul-sustenance/14th-jun-2023-ss/,Setup 301 Redirect to Primary Page and remove duplicate from sitemap
100.0%,https://www.brahmakumaris.com/soul-sustenance/avoid-showing-off-and-experience-humility/,https://www.brahmakumaris.com/soul-sustenance/creating-an-india-of-gods-vision-part-2/,Setup 301 Redirect to Primary Page and remove duplicate from sitemap
100.0%,https://www.brahmakumaris.com/soul-sustenance/avoid-showing-off-and-experience-humility/,https://www.brahmakumaris.com/soul-sustenance/ss-hindi/safalta-ki-raah-par-8-kadam-bhag1/,Setup 301 Redirect to Primary Page and remove duplicate from sitemap
100.0%,https://www.brahmakumaris.com/soul-sustenance/avoid-showing-off-and-experience-humility/,https://www.brahmakumaris.com/soul-sustenance/ss-hindi/khoya-hua-swarg-punah-prapt-karna-bhag-2/,Setup 301 Redirect to Primary Page and remove duplicate from sitemap
100.0%,https://www.brahmakumaris.com/soul-sustenance/avoid-showing-off-and-experience-humility/,https://www.brahmakumaris.com/soul-sustenance/ss-hindi/prashansha-ki-ichcha-se-mukt-hona-bhag-2/,Setup 301 Redirect to Primary Page and remove duplicate from sitemap
100.0%,https://www.brahmakumaris.com/soul-sustenance/24th-april-soul-sustenance/,https://www.brahmakumaris.com/soul-sustenance/avoid-showing-off-and-experience-humility/,Setup 301 Redirect to Primary Page and remove duplicate from sitemap
100.0%,https://www.brahmakumaris.com/soul-sustenance/avoid-showing-off-and-experience-humility/,https://www.brahmakumaris.com/soul-sustenance/ss-hindi/achche-swasthya-ke-liye-jaruri-shudhdh-khan-paan-aur-hawa-bhag-2/,Setup 301 Redirect to Primary Page and remove duplicate from sitemap
100.0%,https://www.brahmakumaris.com/soul-sustenance/avoid-showing-off-and-experience-humility/,https://www.brahmakumaris.com/soul-sustenance/ss-hindi/charitra-mein-sundarta-bhag-3/,Setup 301 Redirect to Primary Page and remove duplicate from sitemap
100.0%,https://www.brahmakumaris.com/soul-sustenance/avoid-showing-off-and-experience-humility/,https://www.brahmakumaris.com/soul-sustenance/ss-hindi/aaiye-insaan-banein-insani-machine-nahin-bhag-2/,Setup 301 Redirect to Primary Page and remove duplicate from sitemap
100.0%,https://www.brahmakumaris.com/soul-sustenance/avoid-showing-off-and-experience-humility/,https://www.brahmakumaris.com/soul-sustenance/ss-hindi/safalta-ke-liye-ek-adarsh-vyaktitva-ka-nirman-karein-bhag-2/,Setup 301 Redirect to Primary Page and remove duplicate from sitemap
100.0%,https://www.brahmakumaris.com/soul-sustenance/avoid-showing-off-and-experience-humility/,https://www.brahmakumaris.com/soul-sustenance/16th-jun-2023-ss/,Setup 301 Redirect to Primary Page and remove duplicate from sitemap
100.0%,https://www.brahmakumaris.com/soul-sustenance/30th-oct-soul-sustenance/,https://www.brahmakumaris.com/soul-sustenance/avoid-showing-off-and-experience-humility/,Setup 301 Redirect to Primary Page and remove duplicate from sitemap
100.0%,https://www.brahmakumaris.com/soul-sustenance/avoid-showing-off-and-experience-humility/,https://www.brahmakumaris.com/soul-sustenance/the-7-days-course-of-the-brahma-kumaris-part-1/,Setup 301 Redirect to Primary Page and remove duplicate from sitemap
100.0%,https://www.brahmakumaris.com/soul-sustenance/avoid-showing-off-and-experience-humility/,https://www.brahmakumaris.com/soul-sustenance/29th-dec-2022-ss/,Setup 301 Redirect to Primary Page and remove duplicate from sitemap
100.0%,https://www.brahmakumaris.com/soul-sustenance/avoid-showing-off-and-experience-humility/,https://www.brahmakumaris.com/soul-sustenance/ss-hindi/rishton-mein-galti-hone-ke-baad-karein-ek-nayee-shuruaat/,Setup 301 Redirect to Primary Page and remove duplicate from sitemap
100.0%,https://www.brahmakumaris.com/soul-sustenance/avoid-showing-off-and-experience-humility/,https://www.brahmakumaris.com/soul-sustenance/5-tips-for-making-sleep-peaceful-and-blissful/,Setup 301 Redirect to Primary Page and remove duplicate from sitemap
100.0%,https://www.brahmakumaris.com/soul-sustenance/avoid-showing-off-and-experience-humility/,https://www.brahmakumaris.com/soul-sustenance/ss-hindi/apne-man-ko-sada-halka-aur-urjawaan-rakhna/,Setup 301 Redirect to Primary Page and remove duplicate from sitemap
100.0%,https://www.brahmakumaris.com/soul-sustenance/avoid-showing-off-and-experience-humility/,https://www.brahmakumaris.com/soul-sustenance/ss-hindi/14th-jun-2023-ssh/,Setup 301 Redirect to Primary Page and remove duplicate from sitemap
100.0%,https://www.brahmakumaris.com/soul-sustenance/01st-may-soul-sustenance/,https://www.brahmakumaris.com/soul-sustenance/avoid-showing-off-and-experience-humility/,Setup 301 Redirect to Primary Page and remove duplicate from sitemap
100.0%,https://www.brahmakumaris.com/soul-sustenance/avoid-showing-off-and-experience-humility/,https://www.brahmakumaris.com/soul-sustenance/enjoying-the-sightseeing-of-your-life-part-1/,Setup 301 Redirect to Primary Page and remove duplicate from sitemap
100.0%,https://www.brahmakumaris.com/soul-sustenance/avoid-showing-off-and-experience-humility/,https://www.brahmakumaris.com/soul-sustenance/ss-hindi/rishton-mei-thought-energy-ka-mahatav-bhag-1/,Setup 301 Redirect to Primary Page and remove duplicate from sitemap
100.0%,https://www.brahmakumaris.com/soul-sustenance/avoid-showing-off-and-experience-humility/,https://www.brahmakumaris.com/soul-sustenance/ss-hindi/keval-wahi-sochen-jo-aap-reality-mein-chahten-hain/,Setup 301 Redirect to Primary Page and remove duplicate from sitemap
100.0%,https://www.brahmakumaris.com/soul-sustenance/avoid-showing-off-and-experience-humility/,https://www.brahmakumaris.com/soul-sustenance/ss-hindi/bachchon-ko-values-use-karne-ke-liye-protsahit-karein-aur-unki-sarahana-karein/,Setup 301 Redirect to Primary Page and remove duplicate from sitemap
100.0%,https://www.brahmakumaris.com/soul-sustenance/ss-hindi/yog-ke-7-sundar-laabh/,https://www.brahmakumaris.com/soul-sustenance/avoid-showing-off-and-experience-humility/,Setup 301 Redirect to Primary Page and remove duplicate from sitemap
100.0%,https://www.brahmakumaris.com/soul-sustenance/avoid-showing-off-and-experience-humility/,https://www.brahmakumaris.com/soul-sustenance/ss-hindi/achchaiyon-ki-apni-original-state-mei-vapas-aayein-bhag-3/,Setup 301 Redirect to Primary Page and remove duplicate from sitemap
100.0%,https://www.brahmakumaris.com/soul-sustenance/avoid-showing-off-and-experience-humility/,https://www.brahmakumaris.com/soul-sustenance/ss-hindi/rishton-mein-sangharsh-ko-kaise-suljhayein-bhag-2/,Setup 301 Redirect to Primary Page and remove duplicate from sitemap
100.0%,https://www.brahmakumaris.com/soul-sustenance/avoid-showing-off-and-experience-humility/,https://www.brahmakumaris.com/soul-sustenance/overcoming-obstacles-with-a-powerful-consciousness-of-faith-part-2/,Setup 301 Redirect to Primary Page and remove duplicate from sitemap
100.0%,https://www.brahmakumaris.com/soul-sustenance/avoid-showing-off-and-experience-humility/,https://www.brahmakumaris.com/soul-sustenance/ss-hindi/rishton-mein-maaf-karna-aur-bhool-jana/,Setup 301 Redirect to Primary Page and remove duplicate from sitemap
100.0%,https://www.brahmakumaris.com/soul-sustenance/avoid-showing-off-and-experience-humility/,https://www.brahmakumaris.com/soul-sustenance/ss-hindi/khushi-ki-aur-yatra-ya-khushi-ki-yatra-bhag-3/,Setup 301 Redirect to Primary Page and remove duplicate from sitemap
100.0%,https://www.brahmakumaris.com/soul-sustenance/avoid-showing-off-and-experience-humility/,https://www.brahmakumaris.com/soul-sustenance/17th-feb-2023-ss/,Setup 301 Redirect to Primary Page and remove duplicate from sitemap
100.0%,https://www.brahmakumaris.com/soul-sustenance/avoid-showing-off-and-experience-humility/,https://www.brahmakumaris.com/soul-sustenance/ss-hindi/15th-jul-2023-ssh/,Setup 301 Redirect to Primary Page and remove duplicate from sitemap
100.0%,https://www.brahmakumaris.com/soul-sustenance/ss-hindi/baaton-ko-aasani-se-jaane-dein/,https://www.brahmakumaris.com/soul-sustenance/avoid-showing-off-and-experience-humility/,Setup 301 Redirect to Primary Page and remove duplicate from sitemap
100.0%,https://www.brahmakumaris.com/soul-sustenance/avoid-showing-off-and-experience-humility/,https://www.brahmakumaris.com/soul-sustenance/ss-hindi/sathai-khushi-ko-swabhav-mein-layein/,Setup 301 Redirect to Primary Page and remove duplicate from sitemap
100.0%,https://www.brahmakumaris.com/soul-sustenance/ss-hindi/devi-devtaon-ki-5-yogyataein/,https://www.brahmakumaris.com/soul-sustenance/avoid-showing-off-and-experience-humility/,Setup 301 Redirect to Primary Page and remove duplicate from sitemap
100.0%,https://www.brahmakumaris.com/soul-sustenance/avoid-showing-off-and-experience-humility/,https://www.brahmakumaris.com/soul-sustenance/ss-hindi/daily-life-mein-time-management-bhag-2/,Setup 301 Redirect to Primary Page and remove duplicate from sitemap
100.0%,https://www.brahmakumaris.com/soul-sustenance/avoid-showing-off-and-experience-humility/,https://www.brahmakumaris.com/soul-sustenance/8-steps-on-the-road-to-success-part-2/,Setup 301 Redirect to Primary Page and remove duplicate from sitemap
100.0%,https://www.brahmakumaris.com/soul-sustenance/08th-june-soul-sustenance/,https://www.brahmakumaris.com/soul-sustenance/avoid-showing-off-and-experience-humility/,Setup 301 Redirect to Primary Page and remove duplicate from sitemap
100.0%,https://www.brahmakumaris.com/soul-sustenance/avoid-showing-off-and-experience-humility/,https://www.brahmakumaris.com/soul-sustenance/ss-hindi/parmatma-kaise-is-vishva-ko-pure-banate-hain-bhag-3/,Setup 301 Redirect to Primary Page and remove duplicate from sitemap
100.0%,https://www.brahmakumaris.com/soul-sustenance/avoid-showing-off-and-experience-humility/,https://www.brahmakumaris.com/soul-sustenance/ss-hindi/apni-ichchayein-dusron-par-na-thopein/,Setup 301 Redirect to Primary Page and remove duplicate from sitemap
100.0%,https://www.brahmakumaris.com/soul-sustenance/avoid-showing-off-and-experience-humility/,https://www.brahmakumaris.com/soul-sustenance/26th-dec-2022-ss/,Setup 301 Redirect to Primary Page and remove duplicate from sitemap
100.0%,https://www.brahmakumaris.com/soul-sustenance/avoid-showing-off-and-experience-humility/,https://www.brahmakumaris.com/soul-sustenance/ss-hindi/sakaratmak-jeevan-jeene-ke-liye-10-nai-manytaaein-belief-bhag-5/,Setup 301 Redirect to Primary Page and remove duplicate from sitemap
100.0%,https://www.brahmakumaris.com/soul-sustenance/avoid-showing-off-and-experience-humility/,https://www.brahmakumaris.com/soul-sustenance/28th-jun-2023-ss/,Setup 301 Redirect to Primary Page and remove duplicate from sitemap
100.0%,https://www.brahmakumaris.com/soul-sustenance/3rd-april-soul-sustenance/,https://www.brahmakumaris.com/soul-sustenance/avoid-showing-off-and-experience-humility/,Setup 301 Redirect to Primary Page and remove duplicate from sitemap
100.0%,https://www.brahmakumaris.com/soul-sustenance/connecting-with-god-the-spiritual-seed/,https://www.brahmakumaris.com/soul-sustenance/avoid-showing-off-and-experience-humility/,Setup 301 Redirect to Primary Page and remove duplicate from sitemap
100.0%,https://www.brahmakumaris.com/soul-sustenance/avoid-showing-off-and-experience-humility/,https://www.brahmakumaris.com/soul-sustenance/ss-hindi/samna-karne-ki-hamari-kshmata-aatmvishvaas-aur-sahas-ka-pratibimb/,Setup 301 Redirect to Primary Page and remove duplicate from sitemap
100.0%,https://www.brahmakumaris.com/soul-sustenance/avoid-showing-off-and-experience-humility/,https://www.brahmakumaris.com/soul-sustenance/returning-to-my-original-state-of-goodness-part-3/,Setup 301 Redirect to Primary Page and remove duplicate from sitemap
100.0%,https://www.brahmakumaris.com/soul-sustenance/8th-april-soul-sustenance/,https://www.brahmakumaris.com/soul-sustenance/avoid-showing-off-and-experience-humility/,Setup 301 Redirect to Primary Page and remove duplicate from sitemap
100.0%,https://www.brahmakumaris.com/soul-sustenance/avoid-showing-off-and-experience-humility/,https://www.brahmakumaris.com/soul-sustenance/ss-hindi/niswarth-prem-sundar-sambandhon-ki-chabhi-hei-bhag-2/,Setup 301 Redirect to Primary Page and remove duplicate from sitemap
100.0%,https://www.brahmakumaris.com/soul-sustenance/avoid-showing-off-and-experience-humility/,https://www.brahmakumaris.com/soul-sustenance/ss-hindi/apne-jeevan-mei-6-prakar-ki-santushta-laayein/,Setup 301 Redirect to Primary Page and remove duplicate from sitemap
100.0%,https://www.brahmakumaris.com/soul-sustenance/avoid-showing-off-and-experience-humility/,https://www.brahmakumaris.com/soul-sustenance/be-determined-and-positive-at-every-step-part-1/,Setup 301 Redirect to Primary Page and remove duplicate from sitemap
100.0%,https://www.brahmakumaris.com/soul-sustenance/ss-hindi/swayam-se-prem-karein/,https://www.brahmakumaris.com/soul-sustenance/avoid-showing-off-and-experience-humility/,Setup 301 Redirect to Primary Page and remove duplicate from sitemap
100.0%,https://www.brahmakumaris.com/soul-sustenance/avoid-showing-off-and-experience-humility/,https://www.brahmakumaris.com/soul-sustenance/ss-hindi/achchaiyon-ki-apni-original-state-mei-vapas-aayein-bhag-2/,Setup 301 Redirect to Primary Page and remove duplicate from sitemap
100.0%,https://www.brahmakumaris.com/soul-sustenance/avoid-showing-off-and-experience-humility/,https://www.brahmakumaris.com/soul-sustenance/maintaining-soul-consciousness-in-action-part-3/,Setup 301 Redirect to Primary Page and remove duplicate from sitemap
100.0%,https://www.brahmakumaris.com/soul-sustenance/avoid-showing-off-and-experience-humility/,https://www.brahmakumaris.com/soul-sustenance/the-significance-of-shri-krishna-janmashtami-in-our-daily-lives/,Setup 301 Redirect to Primary Page and remove duplicate from sitemap
100.0%,https://www.brahmakumaris.com/soul-sustenance/avoid-showing-off-and-experience-humility/,https://www.brahmakumaris.com/soul-sustenance/ss-hindi/safalta-ke-pahlu-bhag-2/,Setup 301 Redirect to Primary Page and remove duplicate from sitemap
100.0%,https://www.brahmakumaris.com/soul-sustenance/21st-aug-soul-sustenance/,https://www.brahmakumaris.com/soul-sustenance/avoid-showing-off-and-experience-humility/,Setup 301 Redirect to Primary Page and remove duplicate from sitemap
100.0%,https://www.brahmakumaris.com/soul-sustenance/avoid-showing-off-and-experience-humility/,https://www.brahmakumaris.com/soul-sustenance/maintaining-soul-consciousness-in-action-part-2/,Setup 301 Redirect to Primary Page and remove duplicate from sitemap
100.0%,https://www.brahmakumaris.com/soul-sustenance/start-listening-more-be-less-judgmental/,https://www.brahmakumaris.com/soul-sustenance/avoid-showing-off-and-experience-humility/,Setup 301 Redirect to Primary Page and remove duplicate from sitemap
100.0%,https://www.brahmakumaris.com/soul-sustenance/avoid-showing-off-and-experience-humility/,https://www.brahmakumaris.com/soul-sustenance/ss-hindi/andar-ke-mein-ka-ahsaas-aur-anubhav-bhag-2/,Setup 301 Redirect to Primary Page and remove duplicate from sitemap
100.0%,https://www.brahmakumaris.com/soul-sustenance/avoid-showing-off-and-experience-humility/,https://www.brahmakumaris.com/soul-sustenance/experiencing-spiritual-progress-in-groups-part-2/,Setup 301 Redirect to Primary Page and remove duplicate from sitemap
100.0%,https://www.brahmakumaris.com/soul-sustenance/avoid-showing-off-and-experience-humility/,https://www.brahmakumaris.com/soul-sustenance/crossing-negative-situations-with-spiritual-power-part-1/,Setup 301 Redirect to Primary Page and remove duplicate from sitemap
100.0%,https://www.brahmakumaris.com/soul-sustenance/01st-jul-soul-sustenance/,https://www.brahmakumaris.com/soul-sustenance/avoid-showing-off-and-experience-humility/,Setup 301 Redirect to Primary Page and remove duplicate from sitemap
100.0%,https://www.brahmakumaris.com/soul-sustenance/avoid-showing-off-and-experience-humility/,https://www.brahmakumaris.com/soul-sustenance/9th-may-2023-ss/,Setup 301 Redirect to Primary Page and remove duplicate from sitemap
100.0%,https://www.brahmakumaris.com/soul-sustenance/avoid-showing-off-and-experience-humility/,https://www.brahmakumaris.com/soul-sustenance/remaining-free-from-sarcasm-in-relationships/,Setup 301 Redirect to Primary Page and remove duplicate from sitemap
100.0%,https://www.brahmakumaris.com/soul-sustenance/can-love-hurt-me/,https://www.brahmakumaris.com/soul-sustenance/avoid-showing-off-and-experience-humility/,Setup 301 Redirect to Primary Page and remove duplicate from sitemap
100.0%,https://www.brahmakumaris.com/soul-sustenance/avoid-showing-off-and-experience-humility/,https://www.brahmakumaris.com/soul-sustenance/ss-hindi/samay-ke-sath-shantipurn-rehna-bhag-2/,Setup 301 Redirect to Primary Page and remove duplicate from sitemap
100.0%,https://www.brahmakumaris.com/soul-sustenance/acceptance-is-strength-not-weakness/,https://www.brahmakumaris.com/soul-sustenance/avoid-showing-off-and-experience-humility/,Setup 301 Redirect to Primary Page and remove duplicate from sitemap
100.0%,https://www.brahmakumaris.com/soul-sustenance/avoid-showing-off-and-experience-humility/,https://www.brahmakumaris.com/soul-sustenance/creating-a-perfect-personality-for-success-part-3/,Setup 301 Redirect to Primary Page and remove duplicate from sitemap
100.0%,https://www.brahmakumaris.com/soul-sustenance/avoid-showing-off-and-experience-humility/,https://www.brahmakumaris.com/soul-sustenance/ss-hindi/parmatm-prem-ke-pankhon-dwara-udna/,Setup 301 Redirect to Primary Page and remove duplicate from sitemap
100.0%,https://www.brahmakumaris.com/soul-sustenance/avoid-showing-off-and-experience-humility/,https://www.brahmakumaris.com/soul-sustenance/ss-hindi/ateet-ko-let-go-karne-ki-7-takniken-bhag-1/,Setup 301 Redirect to Primary Page and remove duplicate from sitemap
100.0%,https://www.brahmakumaris.com/soul-sustenance/30th-sep-soul-sustenance/,https://www.brahmakumaris.com/soul-sustenance/avoid-showing-off-and-experience-humility/,Setup 301 Redirect to Primary Page and remove duplicate from sitemap
100.0%,https://www.brahmakumaris.com/soul-sustenance/avoid-showing-off-and-experience-humility/,https://www.brahmakumaris.com/soul-sustenance/ss-hindi/kya-hame-bhavuk-hona-chahiye-ya-nahi-bhag-2/,Setup 301 Redirect to Primary Page and remove duplicate from sitemap
100.0%,https://www.brahmakumaris.com/soul-sustenance/13th-june-soul-sustenance/,https://www.brahmakumaris.com/soul-sustenance/avoid-showing-off-and-experience-humility/,Setup 301 Redirect to Primary Page and remove duplicate from sitemap
100.0%,https://www.brahmakumaris.com/soul-sustenance/25th-sep-soul-sustenance/,https://www.brahmakumaris.com/soul-sustenance/avoid-showing-off-and-experience-humility/,Setup 301 Redirect to Primary Page and remove duplicate from sitemap
100.0%,https://www.brahmakumaris.com/soul-sustenance/avoid-showing-off-and-experience-humility/,https://www.brahmakumaris.com/soul-sustenance/ss-hindi/anya-logon-mein-perfection-dhundhna-kitna-sahi-hai/,Setup 301 Redirect to Primary Page and remove duplicate from sitemap
100.0%,https://www.brahmakumaris.com/soul-sustenance/ss-hindi/parmatma-se-sundar-bhagya/,https://www.brahmakumaris.com/soul-sustenance/avoid-showing-off-and-experience-humility/,Setup 301 Redirect to Primary Page and remove duplicate from sitemap
100.0%,https://www.brahmakumaris.com/soul-sustenance/07th-nov-soul-sustenance/,https://www.brahmakumaris.com/soul-sustenance/avoid-showing-off-and-experience-humility/,Setup 301 Redirect to Primary Page and remove duplicate from sitemap
100.0%,https://www.brahmakumaris.com/soul-sustenance/avoid-showing-off-and-experience-humility/,https://www.brahmakumaris.com/soul-sustenance/ss-hindi/aapke-paas-aavshyakta-se-adhik-samay-hei/,Setup 301 Redirect to Primary Page and remove duplicate from sitemap
100.0%,https://www.brahmakumaris.com/soul-sustenance/avoid-showing-off-and-experience-humility/,https://www.brahmakumaris.com/soul-sustenance/ss-hindi/karm-karte-hue-aatmik-sthiti-mei-rahne-ka-abhyas-part-1/,Setup 301 Redirect to Primary Page and remove duplicate from sitemap
100.0%,https://www.brahmakumaris.com/soul-sustenance/avoid-showing-off-and-experience-humility/,https://www.brahmakumaris.com/soul-sustenance/maha-shivratri-2025-lets-recognize-gods-presence-and-take-his-inheritance/,Setup 301 Redirect to Primary Page and remove duplicate from sitemap
100.0%,https://www.brahmakumaris.com/soul-sustenance/avoid-showing-off-and-experience-humility/,https://www.brahmakumaris.com/soul-sustenance/ss-hindi/3rd-apr-2023-ssh/,Setup 301 Redirect to Primary Page and remove duplicate from sitemap
100.0%,https://www.brahmakumaris.com/soul-sustenance/ss-hindi/holi-ka-aadhyatmik-arth-1/,https://www.brahmakumaris.com/soul-sustenance/avoid-showing-off-and-experience-humility/,Setup 301 Redirect to Primary Page and remove duplicate from sitemap
100.0%,https://www.brahmakumaris.com/soul-sustenance/avoid-showing-off-and-experience-humility/,https://www.brahmakumaris.com/soul-sustenance/2nd-jul-2023-ss/,Setup 301 Redirect to Primary Page and remove duplicate from sitemap
100.0%,https://www.brahmakumaris.com/soul-sustenance/avoid-showing-off-and-experience-humility/,https://www.brahmakumaris.com/soul-sustenance/12th-may-2023-ss/,Setup 301 Redirect to Primary Page and remove duplicate from sitemap
100.0%,https://www.brahmakumaris.com/soul-sustenance/avoid-showing-off-and-experience-humility/,https://www.brahmakumaris.com/soul-sustenance/ss-hindi/19th-aug-2023-ssh/,Setup 301 Redirect to Primary Page and remove duplicate from sitemap
100.0%,https://www.brahmakumaris.com/soul-sustenance/avoid-showing-off-and-experience-humility/,https://www.brahmakumaris.com/soul-sustenance/ss-hindi/avyvastha-mukt-jeevan-sheily-apnana/,Setup 301 Redirect to Primary Page and remove duplicate from sitemap
100.0%,https://www.brahmakumaris.com/soul-sustenance/letting-go-easily/,https://www.brahmakumaris.com/soul-sustenance/avoid-showing-off-and-experience-humility/,Setup 301 Redirect to Primary Page and remove duplicate from sitemap
100.0%,https://www.brahmakumaris.com/soul-sustenance/competition-and-co-operation/,https://www.brahmakumaris.com/soul-sustenance/avoid-showing-off-and-experience-humility/,Setup 301 Redirect to Primary Page and remove duplicate from sitemap
100.0%,https://www.brahmakumaris.com/soul-sustenance/avoid-showing-off-and-experience-humility/,https://www.brahmakumaris.com/soul-sustenance/overcoming-guilt-over-not-spending-enough-time-with-your-children/,Setup 301 Redirect to Primary Page and remove duplicate from sitemap
100.0%,https://www.brahmakumaris.com/soul-sustenance/avoid-showing-off-and-experience-humility/,https://www.brahmakumaris.com/soul-sustenance/5th-apr-2023-ss/,Setup 301 Redirect to Primary Page and remove duplicate from sitemap
100.0%,https://www.brahmakumaris.com/soul-sustenance/avoid-showing-off-and-experience-humility/,https://www.brahmakumaris.com/soul-sustenance/ss-hindi/traffic-jam-road-par-ya-hamare-man-mei/,Setup 301 Redirect to Primary Page and remove duplicate from sitemap
100.0%,https://www.brahmakumaris.com/soul-sustenance/avoid-showing-off-and-experience-humility/,https://www.brahmakumaris.com/soul-sustenance/ss-hindi/apne-har-din-ko-no-complaint-day-banayein-2/,Setup 301 Redirect to Primary Page and remove duplicate from sitemap
100.0%,https://www.brahmakumaris.com/soul-sustenance/17th-may-soul-sustenance/,https://www.brahmakumaris.com/soul-sustenance/avoid-showing-off-and-experience-humility/,Setup 301 Redirect to Primary Page and remove duplicate from sitemap
100.0%,https://www.brahmakumaris.com/soul-sustenance/avoid-showing-off-and-experience-humility/,https://www.brahmakumaris.com/soul-sustenance/ss-hindi/aaiye-prem-aur-anand-ka-sandesh-dein-bhag-2/,Setup 301 Redirect to Primary Page and remove duplicate from sitemap
100.0%,https://www.brahmakumaris.com/soul-sustenance/avoid-showing-off-and-experience-humility/,https://www.brahmakumaris.com/soul-sustenance/ss-hindi/sambandhon-ko-sundar-banaein-ahankar-ko-tyaagein-bhag-3/,Setup 301 Redirect to Primary Page and remove duplicate from sitemap
100.0%,https://www.brahmakumaris.com/soul-sustenance/avoid-showing-off-and-experience-humility/,https://www.brahmakumaris.com/soul-sustenance/ss-hindi/2nd-aug-2023-ssh/,Setup 301 Redirect to Primary Page and remove duplicate from sitemap
100.0%,https://www.brahmakumaris.com/soul-sustenance/avoid-showing-off-and-experience-humility/,https://www.brahmakumaris.com/soul-sustenance/ss-hindi/meditation-kaise-karein-basic-commentary/,Setup 301 Redirect to Primary Page and remove duplicate from sitemap
100.0%,https://www.brahmakumaris.com/soul-sustenance/avoid-showing-off-and-experience-humility/,https://www.brahmakumaris.com/soul-sustenance/ss-hindi/khushi-ki-aur-yatra-ya-khushi-ki-yatra-bhag-1-2/,Setup 301 Redirect to Primary Page and remove duplicate from sitemap
100.0%,https://www.brahmakumaris.com/soul-sustenance/21st-sep-soul-sustenance/,https://www.brahmakumaris.com/soul-sustenance/avoid-showing-off-and-experience-humility/,Setup 301 Redirect to Primary Page and remove duplicate from sitemap
100.0%,https://www.brahmakumaris.com/soul-sustenance/avoid-showing-off-and-experience-humility/,https://www.brahmakumaris.com/soul-sustenance/meditation-an-easy-technique-for-self-transformation-part-3/,Setup 301 Redirect to Primary Page and remove duplicate from sitemap
100.0%,https://www.brahmakumaris.com/soul-sustenance/avoid-showing-off-and-experience-humility/,https://www.brahmakumaris.com/soul-sustenance/17th-mar-2023-ss/,Setup 301 Redirect to Primary Page and remove duplicate from sitemap
100.0%,https://www.brahmakumaris.com/soul-sustenance/avoid-showing-off-and-experience-humility/,https://www.brahmakumaris.com/soul-sustenance/ss-hindi/karmchariyon-ko-unke-vibration-ke-aadhar-par-appoint-karein-naaki-kewal-resume-dhekhkar/,Setup 301 Redirect to Primary Page and remove duplicate from sitemap
100.0%,https://www.brahmakumaris.com/soul-sustenance/avoid-showing-off-and-experience-humility/,https://www.brahmakumaris.com/soul-sustenance/ss-hindi/meditation-dwara-parmatma-se-judein-bhag-2/,Setup 301 Redirect to Primary Page and remove duplicate from sitemap
100.0%,https://www.brahmakumaris.com/soul-sustenance/avoid-showing-off-and-experience-humility/,https://www.brahmakumaris.com/soul-sustenance/7-benefits-of-offering-food-to-god-before-eating/,Setup 301 Redirect to Primary Page and remove duplicate from sitemap
100.0%,https://www.brahmakumaris.com/soul-sustenance/ss-hindi/ahankar-par-kaabu-paayein/,https://www.brahmakumaris.com/soul-sustenance/avoid-showing-off-and-experience-humility/,Setup 301 Redirect to Primary Page and remove duplicate from sitemap
100.0%,https://www.brahmakumaris.com/soul-sustenance/20th-april-soul-sustenance/,https://www.brahmakumaris.com/soul-sustenance/avoid-showing-off-and-experience-humility/,Setup 301 Redirect to Primary Page and remove duplicate from sitemap
100.0%,https://www.brahmakumaris.com/soul-sustenance/being-before-doing/,https://www.brahmakumaris.com/soul-sustenance/avoid-showing-off-and-experience-humility/,Setup 301 Redirect to Primary Page and remove duplicate from sitemap
100.0%,https://www.brahmakumaris.com/soul-sustenance/avoid-showing-off-and-experience-humility/,https://www.brahmakumaris.com/soul-sustenance/ss-hindi/vaibreshan-shabdon-se-jyada-gahra-prabhav-dalte-hein/,Setup 301 Redirect to Primary Page and remove duplicate from sitemap
100.0%,https://www.brahmakumaris.com/soul-sustenance/avoid-showing-off-and-experience-humility/,https://www.brahmakumaris.com/soul-sustenance/harmonizing-relationships-taking-responsibility/,Setup 301 Redirect to Primary Page and remove duplicate from sitemap
100.0%,https://www.brahmakumaris.com/soul-sustenance/avoid-showing-off-and-experience-humility/,https://www.brahmakumaris.com/soul-sustenance/avoid-role-induced-stress-its-only-a-role/,Setup 301 Redirect to Primary Page and remove duplicate from sitemap
100.0%,https://www.brahmakumaris.com/soul-sustenance/avoid-showing-off-and-experience-humility/,https://www.brahmakumaris.com/soul-sustenance/ss-hindi/karyasthal-par-imaandaari-ka-pradarshan-karein/,Setup 301 Redirect to Primary Page and remove duplicate from sitemap
100.0%,https://www.brahmakumaris.com/soul-sustenance/should-we-be-emotional-or-not-part-1/,https://www.brahmakumaris.com/soul-sustenance/avoid-showing-off-and-experience-humility/,Setup 301 Redirect to Primary Page and remove duplicate from sitemap
100.0%,https://www.brahmakumaris.com/soul-sustenance/be-humble-and-give-regard-to-everyone/,https://www.brahmakumaris.com/soul-sustenance/avoid-showing-off-and-experience-humility/,Setup 301 Redirect to Primary Page and remove duplicate from sitemap
100.0%,https://www.brahmakumaris.com/soul-sustenance/25th-february-soul-sustenance/,https://www.brahmakumaris.com/soul-sustenance/avoid-showing-off-and-experience-humility/,Setup 301 Redirect to Primary Page and remove duplicate from sitemap
100.0%,https://www.brahmakumaris.com/soul-sustenance/ss-hindi/man-aur-uski-rachnaein/,https://www.brahmakumaris.com/soul-sustenance/avoid-showing-off-and-experience-humility/,Setup 301 Redirect to Primary Page and remove duplicate from sitemap
100.0%,https://www.brahmakumaris.com/soul-sustenance/avoid-showing-off-and-experience-humility/,https://www.brahmakumaris.com/soul-sustenance/28th-apr-2023-ss/,Setup 301 Redirect to Primary Page and remove duplicate from sitemap
100.0%,https://www.brahmakumaris.com/soul-sustenance/avoid-showing-off-and-experience-humility/,https://www.brahmakumaris.com/soul-sustenance/16th-jan-2023-ss/,Setup 301 Redirect to Primary Page and remove duplicate from sitemap
100.0%,https://www.brahmakumaris.com/soul-sustenance/avoid-showing-off-and-experience-humility/,https://www.brahmakumaris.com/soul-sustenance/ss-hindi/swayam-ko-niyantrit-karne-ki-kala-mein-nipun-banein/,Setup 301 Redirect to Primary Page and remove duplicate from sitemap
100.0%,https://www.brahmakumaris.com/soul-sustenance/avoid-showing-off-and-experience-humility/,https://www.brahmakumaris.com/soul-sustenance/23rd-jul-2023-ss/,Setup 301 Redirect to Primary Page and remove duplicate from sitemap
100.0%,https://www.brahmakumaris.com/soul-sustenance/avoid-showing-off-and-experience-humility/,https://www.brahmakumaris.com/soul-sustenance/realizing-the-soul-and-how-it-works-part-2/,Setup 301 Redirect to Primary Page and remove duplicate from sitemap
100.0%,https://www.brahmakumaris.com/soul-sustenance/avoid-showing-off-and-experience-humility/,https://www.brahmakumaris.com/soul-sustenance/does-your-self-esteem-rely-on-winning-and-losing-part-1/,Setup 301 Redirect to Primary Page and remove duplicate from sitemap
100.0%,https://www.brahmakumaris.com/soul-sustenance/avoid-showing-off-and-experience-humility/,https://www.brahmakumaris.com/soul-sustenance/ss-hindi/paristhitiyon-ke-badalne-ki-pratiksha-karte-samay-adheer-na-hon/,Setup 301 Redirect to Primary Page and remove duplicate from sitemap
100.0%,https://www.brahmakumaris.com/soul-sustenance/avoid-showing-off-and-experience-humility/,https://www.brahmakumaris.com/soul-sustenance/how-does-god-purify-the-world-part-3/,Setup 301 Redirect to Primary Page and remove duplicate from sitemap
100.0%,https://www.brahmakumaris.com/soul-sustenance/avoid-showing-off-and-experience-humility/,https://www.brahmakumaris.com/soul-sustenance/experiencing-positivity-with-gods-love-and-help-part-3/,Setup 301 Redirect to Primary Page and remove duplicate from sitemap
100.0%,https://www.brahmakumaris.com/soul-sustenance/avoid-showing-off-and-experience-humility/,https://www.brahmakumaris.com/soul-sustenance/ss-hindi/kshmabhav-ka-sansar-create-karein-bhag-1/,Setup 301 Redirect to Primary Page and remove duplicate from sitemap
100.0%,https://www.brahmakumaris.com/soul-sustenance/avoid-showing-off-and-experience-humility/,https://www.brahmakumaris.com/soul-sustenance/ss-hindi/work-stress-ko-control-karne-ki-5-yuktiyan/,Setup 301 Redirect to Primary Page and remove duplicate from sitemap
100.0%,https://www.brahmakumaris.com/soul-sustenance/avoid-showing-off-and-experience-humility/,https://www.brahmakumaris.com/soul-sustenance/24th-mar-2023-ss/,Setup 301 Redirect to Primary Page and remove duplicate from sitemap
100.0%,https://www.brahmakumaris.com/soul-sustenance/ss-hindi/dawai-lete-samay-sahi-soch/,https://www.brahmakumaris.com/soul-sustenance/avoid-showing-off-and-experience-humility/,Setup 301 Redirect to Primary Page and remove duplicate from sitemap
100.0%,https://www.brahmakumaris.com/soul-sustenance/avoid-showing-off-and-experience-humility/,https://www.brahmakumaris.com/soul-sustenance/ss-hindi/har-kadam-par-nayapan-bhag-2/,Setup 301 Redirect to Primary Page and remove duplicate from sitemap
100.0%,https://www.brahmakumaris.com/soul-sustenance/avoid-showing-off-and-experience-humility/,https://www.brahmakumaris.com/soul-sustenance/should-we-be-emotional-or-not-part-3/,Setup 301 Redirect to Primary Page and remove duplicate from sitemap
100.0%,https://www.brahmakumaris.com/soul-sustenance/avoid-showing-off-and-experience-humility/,https://www.brahmakumaris.com/soul-sustenance/ss-hindi/parmatma-dwara-sikhaye-gaye-rajyog-se-apna-jeevan-sanvarein/,Setup 301 Redirect to Primary Page and remove duplicate from sitemap
100.0%,https://www.brahmakumaris.com/soul-sustenance/avoid-showing-off-and-experience-humility/,https://www.brahmakumaris.com/soul-sustenance/ss-hindi/kisi-ke-bhi-prati-nafrat-se-mukt-hona/,Setup 301 Redirect to Primary Page and remove duplicate from sitemap
100.0%,https://www.brahmakumaris.com/soul-sustenance/28th-may-soul-sustenance/,https://www.brahmakumaris.com/soul-sustenance/avoid-showing-off-and-experience-humility/,Setup 301 Redirect to Primary Page and remove duplicate from sitemap
100.0%,https://www.brahmakumaris.com/soul-sustenance/ss-hindi/kshama-karein-aur-bhool-jayein/,https://www.brahmakumaris.com/soul-sustenance/avoid-showing-off-and-experience-humility/,Setup 301 Redirect to Primary Page and remove duplicate from sitemap
100.0%,https://www.brahmakumaris.com/soul-sustenance/5-gifts-to-god/,https://www.brahmakumaris.com/soul-sustenance/avoid-showing-off-and-experience-humility/,Setup 301 Redirect to Primary Page and remove duplicate from sitemap
100.0%,https://www.brahmakumaris.com/soul-sustenance/avoid-showing-off-and-experience-humility/,https://www.brahmakumaris.com/soul-sustenance/31st-jan-2023-ss/,Setup 301 Redirect to Primary Page and remove duplicate from sitemap
100.0%,https://www.brahmakumaris.com/soul-sustenance/spiritual-roses-of-the-supreme-gardener/,https://www.brahmakumaris.com/soul-sustenance/avoid-showing-off-and-experience-humility/,Setup 301 Redirect to Primary Page and remove duplicate from sitemap
100.0%,https://www.brahmakumaris.com/soul-sustenance/avoid-showing-off-and-experience-humility/,https://www.brahmakumaris.com/soul-sustenance/25th-feb-2023-ss/,Setup 301 Redirect to Primary Page and remove duplicate from sitemap
100.0%,https://www.brahmakumaris.com/soul-sustenance/avoid-showing-off-and-experience-humility/,https://www.brahmakumaris.com/soul-sustenance/ss-hindi/13th-aug-2023-ssh/,Setup 301 Redirect to Primary Page and remove duplicate from sitemap
100.0%,https://www.brahmakumaris.com/soul-sustenance/positive-thought-based-living-part-1/,https://www.brahmakumaris.com/soul-sustenance/avoid-showing-off-and-experience-humility/,Setup 301 Redirect to Primary Page and remove duplicate from sitemap
100.0%,https://www.brahmakumaris.com/soul-sustenance/giving-unconditional-love-to-everyone/,https://www.brahmakumaris.com/soul-sustenance/avoid-showing-off-and-experience-humility/,Setup 301 Redirect to Primary Page and remove duplicate from sitemap
100.0%,https://www.brahmakumaris.com/soul-sustenance/22nd-may-soul-sustenance/,https://www.brahmakumaris.com/soul-sustenance/avoid-showing-off-and-experience-humility/,Setup 301 Redirect to Primary Page and remove duplicate from sitemap
100.0%,https://www.brahmakumaris.com/soul-sustenance/05th-june-soul-sustenance/,https://www.brahmakumaris.com/soul-sustenance/avoid-showing-off-and-experience-humility/,Setup 301 Redirect to Primary Page and remove duplicate from sitemap
100.0%,https://www.brahmakumaris.com/soul-sustenance/02nd-oct-soul-sustenance/,https://www.brahmakumaris.com/soul-sustenance/avoid-showing-off-and-experience-humility/,Setup 301 Redirect to Primary Page and remove duplicate from sitemap
100.0%,https://www.brahmakumaris.com/soul-sustenance/16th-sep-soul-sustenance/,https://www.brahmakumaris.com/soul-sustenance/avoid-showing-off-and-experience-humility/,Setup 301 Redirect to Primary Page and remove duplicate from sitemap
100.0%,https://www.brahmakumaris.com/soul-sustenance/pure-bites-5-tips-for-pure-eating/,https://www.brahmakumaris.com/soul-sustenance/avoid-showing-off-and-experience-humility/,Setup 301 Redirect to Primary Page and remove duplicate from sitemap
100.0%,https://www.brahmakumaris.com/soul-sustenance/avoid-showing-off-and-experience-humility/,https://www.brahmakumaris.com/soul-sustenance/ss-hindi/khushiyon-ko-sahi-tarike-se-jeeyein-bhag-3/,Setup 301 Redirect to Primary Page and remove duplicate from sitemap
100.0%,https://www.brahmakumaris.com/soul-sustenance/16th-february-soul-sustenance/,https://www.brahmakumaris.com/soul-sustenance/avoid-showing-off-and-experience-humility/,Setup 301 Redirect to Primary Page and remove duplicate from sitemap
100.0%,https://www.brahmakumaris.com/soul-sustenance/avoid-showing-off-and-experience-humility/,https://www.brahmakumaris.com/soul-sustenance/creating-a-world-of-forgiveness-part-3/,Setup 301 Redirect to Primary Page and remove duplicate from sitemap
100.0%,https://www.brahmakumaris.com/soul-sustenance/avoid-showing-off-and-experience-humility/,https://www.brahmakumaris.com/soul-sustenance/experiencing-peace-and-love-our-original-nature-part-3/,Setup 301 Redirect to Primary Page and remove duplicate from sitemap
100.0%,https://www.brahmakumaris.com/soul-sustenance/11th-jul-soul-sustenance/,https://www.brahmakumaris.com/soul-sustenance/avoid-showing-off-and-experience-humility/,Setup 301 Redirect to Primary Page and remove duplicate from sitemap
100.0%,https://www.brahmakumaris.com/soul-sustenance/avoid-showing-off-and-experience-humility/,https://www.brahmakumaris.com/soul-sustenance/ss-hindi/swaye-ko-guilt-se-kaise-mukt-karein/,Setup 301 Redirect to Primary Page and remove duplicate from sitemap
100.0%,https://www.brahmakumaris.com/soul-sustenance/why-are-we-losing-self-control/,https://www.brahmakumaris.com/soul-sustenance/avoid-showing-off-and-experience-humility/,Setup 301 Redirect to Primary Page and remove duplicate from sitemap
100.0%,https://www.brahmakumaris.com/soul-sustenance/avoid-showing-off-and-experience-humility/,https://www.brahmakumaris.com/soul-sustenance/how-to-resolve-conflicts-in-relationships-part-1/,Setup 301 Redirect to Primary Page and remove duplicate from sitemap
100.0%,https://www.brahmakumaris.com/soul-sustenance/avoid-showing-off-and-experience-humility/,https://www.brahmakumaris.com/soul-sustenance/ss-hindi/parmatma-sath-ke-labh-bhag-3/,Setup 301 Redirect to Primary Page and remove duplicate from sitemap
100.0%,https://www.brahmakumaris.com/soul-sustenance/god-as-the-supreme-father-and-mother/,https://www.brahmakumaris.com/soul-sustenance/avoid-showing-off-and-experience-humility/,Setup 301 Redirect to Primary Page and remove duplicate from sitemap
100.0%,https://www.brahmakumaris.com/soul-sustenance/avoid-showing-off-and-experience-humility/,https://www.brahmakumaris.com/soul-sustenance/ss-hindi/17th-feb-2023-ssh/,Setup 301 Redirect to Primary Page and remove duplicate from sitemap
100.0%,https://www.brahmakumaris.com/soul-sustenance/forgive-and-forget/,https://www.brahmakumaris.com/soul-sustenance/avoid-showing-off-and-experience-humility/,Setup 301 Redirect to Primary Page and remove duplicate from sitemap
100.0%,https://www.brahmakumaris.com/soul-sustenance/avoid-showing-off-and-experience-humility/,https://www.brahmakumaris.com/soul-sustenance/experience-the-soul-while-playing-the-role/,Setup 301 Redirect to Primary Page and remove duplicate from sitemap
100.0%,https://www.brahmakumaris.com/soul-sustenance/avoid-showing-off-and-experience-humility/,https://www.brahmakumaris.com/soul-sustenance/6th-apr-2023-ss/,Setup 301 Redirect to Primary Page and remove duplicate from sitemap
100.0%,https://www.brahmakumaris.com/soul-sustenance/avoid-showing-off-and-experience-humility/,https://www.brahmakumaris.com/soul-sustenance/ss-hindi/mansik-dabav-aur-tanaav-par-kaabu-kaise-paayein-bhag-3/,Setup 301 Redirect to Primary Page and remove duplicate from sitemap
100.0%,https://www.brahmakumaris.com/soul-sustenance/avoid-showing-off-and-experience-humility/,https://www.brahmakumaris.com/soul-sustenance/ss-hindi/jab-hum-badlenge-tab-dusre-log-bhi-badlenge-bhag-3/,Setup 301 Redirect to Primary Page and remove duplicate from sitemap
100.0%,https://www.brahmakumaris.com/soul-sustenance/avoid-showing-off-and-experience-humility/,https://www.brahmakumaris.com/soul-sustenance/ss-hindi/antarman-ke-ravan-ko-jalakar-svatantrata-ka-anubhav-karna-bhag-1/,Setup 301 Redirect to Primary Page and remove duplicate from sitemap
100.0%,https://www.brahmakumaris.com/soul-sustenance/avoid-showing-off-and-experience-humility/,https://www.brahmakumaris.com/soul-sustenance/ss-hindi/11th-mar-2023-ssh/,Setup 301 Redirect to Primary Page and remove duplicate from sitemap
100.0%,https://www.brahmakumaris.com/soul-sustenance/avoid-showing-off-and-experience-humility/,https://www.brahmakumaris.com/soul-sustenance/ss-hindi/team-meeting-ka-hissa-kaise-banein/,Setup 301 Redirect to Primary Page and remove duplicate from sitemap
100.0%,https://www.brahmakumaris.com/soul-sustenance/avoid-showing-off-and-experience-humility/,https://www.brahmakumaris.com/soul-sustenance/balancing-soul-power-and-role-power-for-success-part-3/,Setup 301 Redirect to Primary Page and remove duplicate from sitemap
100.0%,https://www.brahmakumaris.com/soul-sustenance/avoid-showing-off-and-experience-humility/,https://www.brahmakumaris.com/soul-sustenance/ss-hindi/khushiyon-bhare-abhivadan-jo-maayne-rakhte-hein/,Setup 301 Redirect to Primary Page and remove duplicate from sitemap
100.0%,https://www.brahmakumaris.com/soul-sustenance/avoid-showing-off-and-experience-humility/,https://www.brahmakumaris.com/soul-sustenance/creating-a-positive-environment-with-meditation/,Setup 301 Redirect to Primary Page and remove duplicate from sitemap
100.0%,https://www.brahmakumaris.com/soul-sustenance/avoid-showing-off-and-experience-humility/,https://www.brahmakumaris.com/soul-sustenance/ss-hindi/yuvaon-ke-liye-5-positive-affirmation-pushtiyan/,Setup 301 Redirect to Primary Page and remove duplicate from sitemap
100.0%,https://www.brahmakumaris.com/soul-sustenance/how-does-the-law-of-karma-work/,https://www.brahmakumaris.com/soul-sustenance/avoid-showing-off-and-experience-humility/,Setup 301 Redirect to Primary Page and remove duplicate from sitemap
100.0%,https://www.brahmakumaris.com/soul-sustenance/avoid-showing-off-and-experience-humility/,https://www.brahmakumaris.com/soul-sustenance/ss-hindi/banawatipan-aur-manipulation-ko-kaise-kaabu-karein/,Setup 301 Redirect to Primary Page and remove duplicate from sitemap
100.0%,https://www.brahmakumaris.com/soul-sustenance/avoid-showing-off-and-experience-humility/,https://www.brahmakumaris.com/soul-sustenance/ss-hindi/har-kadam-par-drudhnischayi-aur-sakaratmak-name-rahein-bhag-2/,Setup 301 Redirect to Primary Page and remove duplicate from sitemap
100.0%,https://www.brahmakumaris.com/soul-sustenance/shifting-from-control-to-concern/,https://www.brahmakumaris.com/soul-sustenance/avoid-showing-off-and-experience-humility/,Setup 301 Redirect to Primary Page and remove duplicate from sitemap
100.0%,https://www.brahmakumaris.com/soul-sustenance/avoid-showing-off-and-experience-humility/,https://www.brahmakumaris.com/soul-sustenance/ss-hindi/shri-ganesh-chaturthi-ka-mahatav-aur-divyata-bhag-2/,Setup 301 Redirect to Primary Page and remove duplicate from sitemap
100.0%,https://www.brahmakumaris.com/soul-sustenance/do-love-and-pain-go-hand-in-hand/,https://www.brahmakumaris.com/soul-sustenance/avoid-showing-off-and-experience-humility/,Setup 301 Redirect to Primary Page and remove duplicate from sitemap
100.0%,https://www.brahmakumaris.com/soul-sustenance/avoid-showing-off-and-experience-humility/,https://www.brahmakumaris.com/soul-sustenance/becoming-a-good-parent-and-creating-a-beautiful-child/,Setup 301 Redirect to Primary Page and remove duplicate from sitemap
100.0%,https://www.brahmakumaris.com/soul-sustenance/avoid-showing-off-and-experience-humility/,https://www.brahmakumaris.com/soul-sustenance/ss-hindi/1st-july-2023-ssh/,Setup 301 Redirect to Primary Page and remove duplicate from sitemap
100.0%,https://www.brahmakumaris.com/soul-sustenance/avoid-showing-off-and-experience-humility/,https://www.brahmakumaris.com/soul-sustenance/dont-equate-love-with-meeting-expectations/,Setup 301 Redirect to Primary Page and remove duplicate from sitemap
100.0%,https://www.brahmakumaris.com/soul-sustenance/avoid-showing-off-and-experience-humility/,https://www.brahmakumaris.com/soul-sustenance/27th-jan-2023-ss/,Setup 301 Redirect to Primary Page and remove duplicate from sitemap
100.0%,https://www.brahmakumaris.com/soul-sustenance/avoid-showing-off-and-experience-humility/,https://www.brahmakumaris.com/soul-sustenance/dont-withdraw-from-people-over-differences/,Setup 301 Redirect to Primary Page and remove duplicate from sitemap
100.0%,https://www.brahmakumaris.com/soul-sustenance/avoid-showing-off-and-experience-humility/,https://www.brahmakumaris.com/soul-sustenance/ss-hindi/16th-jul-2023-ssh/,Setup 301 Redirect to Primary Page and remove duplicate from sitemap
100.0%,https://www.brahmakumaris.com/soul-sustenance/avoid-showing-off-and-experience-humility/,https://www.brahmakumaris.com/soul-sustenance/5-tips-for-overcoming-mental-fatigue-part-2/,Setup 301 Redirect to Primary Page and remove duplicate from sitemap
100.0%,https://www.brahmakumaris.com/soul-sustenance/happiness-is-a-journey-not-a-destination/,https://www.brahmakumaris.com/soul-sustenance/avoid-showing-off-and-experience-humility/,Setup 301 Redirect to Primary Page and remove duplicate from sitemap
100.0%,https://www.brahmakumaris.com/soul-sustenance/avoid-showing-off-and-experience-humility/,https://www.brahmakumaris.com/soul-sustenance/ss-hindi/nakaratmak-vicharon-ko-aadhyatmik-shakti-se-badalna-bhag-2/,Setup 301 Redirect to Primary Page and remove duplicate from sitemap
100.0%,https://www.brahmakumaris.com/soul-sustenance/avoid-showing-off-and-experience-humility/,https://www.brahmakumaris.com/soul-sustenance/ss-hindi/kya-hamara-bhagya-tay-hota-hai-ya-hum-ise-badal-sakte-hein/,Setup 301 Redirect to Primary Page and remove duplicate from sitemap
100.0%,https://www.brahmakumaris.com/soul-sustenance/avoid-showing-off-and-experience-humility/,https://www.brahmakumaris.com/soul-sustenance/ss-hindi/ek-achche-parents-bankar-ek-sundar-bachche-ki-rachna-karna/,Setup 301 Redirect to Primary Page and remove duplicate from sitemap
100.0%,https://www.brahmakumaris.com/soul-sustenance/ss-hindi/man-ko-chintamukt-rakhein/,https://www.brahmakumaris.com/soul-sustenance/avoid-showing-off-and-experience-humility/,Setup 301 Redirect to Primary Page and remove duplicate from sitemap
100.0%,https://www.brahmakumaris.com/soul-sustenance/avoid-showing-off-and-experience-humility/,https://www.brahmakumaris.com/soul-sustenance/ss-hindi/ateet-ko-bhulne-ki-7-takniken-bhag-3/,Setup 301 Redirect to Primary Page and remove duplicate from sitemap
100.0%,https://www.brahmakumaris.com/soul-sustenance/avoid-showing-off-and-experience-humility/,https://www.brahmakumaris.com/soul-sustenance/ss-hindi/25th-jul-2023-ssh/,Setup 301 Redirect to Primary Page and remove duplicate from sitemap
100.0%,https://www.brahmakumaris.com/soul-sustenance/avoid-showing-off-and-experience-humility/,https://www.brahmakumaris.com/soul-sustenance/ss-hindi/5th-aug-2023-ssh/,Setup 301 Redirect to Primary Page and remove duplicate from sitemap
100.0%,https://www.brahmakumaris.com/soul-sustenance/07th-sep-soul-sustenance/,https://www.brahmakumaris.com/soul-sustenance/avoid-showing-off-and-experience-humility/,Setup 301 Redirect to Primary Page and remove duplicate from sitemap
100.0%,https://www.brahmakumaris.com/soul-sustenance/avoid-showing-off-and-experience-humility/,https://www.brahmakumaris.com/soul-sustenance/ss-hindi/distraction-se-healing-sambhav-nahin/,Setup 301 Redirect to Primary Page and remove duplicate from sitemap
100.0%,https://www.brahmakumaris.com/soul-sustenance/avoid-showing-off-and-experience-humility/,https://www.brahmakumaris.com/soul-sustenance/realizing-and-experiencing-the-virtue-of-peace-part-3/,Setup 301 Redirect to Primary Page and remove duplicate from sitemap
100.0%,https://www.brahmakumaris.com/soul-sustenance/avoid-showing-off-and-experience-humility/,https://www.brahmakumaris.com/soul-sustenance/ss-hindi/mansik-thakavat-se-bachne-ke-5-sujhav-bhag-2/,Setup 301 Redirect to Primary Page and remove duplicate from sitemap
100.0%,https://www.brahmakumaris.com/soul-sustenance/avoid-showing-off-and-experience-humility/,https://www.brahmakumaris.com/soul-sustenance/ss-hindi/logon-ki-aalochanaon-par-dhyan-na-dein/,Setup 301 Redirect to Primary Page and remove duplicate from sitemap
100.0%,https://www.brahmakumaris.com/soul-sustenance/ss-hindi/hamesha-niswarth-prem-karein/,https://www.brahmakumaris.com/soul-sustenance/avoid-showing-off-and-experience-humility/,Setup 301 Redirect to Primary Page and remove duplicate from sitemap
100.0%,https://www.brahmakumaris.com/soul-sustenance/avoid-showing-off-and-experience-humility/,https://www.brahmakumaris.com/soul-sustenance/ss-hindi/swayn-khushiyon-ka-anubhav-karein-aur-dusron-ko-karaein-bhag-1/,Setup 301 Redirect to Primary Page and remove duplicate from sitemap
100.0%,https://www.brahmakumaris.com/soul-sustenance/06th-oct-soul-sustenance/,https://www.brahmakumaris.com/soul-sustenance/avoid-showing-off-and-experience-humility/,Setup 301 Redirect to Primary Page and remove duplicate from sitemap
100.0%,https://www.brahmakumaris.com/soul-sustenance/12th-aug-soul-sustenance/,https://www.brahmakumaris.com/soul-sustenance/avoid-showing-off-and-experience-humility/,Setup 301 Redirect to Primary Page and remove duplicate from sitemap
100.0%,https://www.brahmakumaris.com/soul-sustenance/avoid-showing-off-and-experience-humility/,https://www.brahmakumaris.com/soul-sustenance/ss-hindi/zindgi-ki-daud-mein-na-bhagein-present-moment-ko-enjoy-karein-bhag-1/,Setup 301 Redirect to Primary Page and remove duplicate from sitemap
100.0%,https://www.brahmakumaris.com/soul-sustenance/avoid-showing-off-and-experience-humility/,https://www.brahmakumaris.com/soul-sustenance/why-do-we-need-spirituality-in-our-lives-2/,Setup 301 Redirect to Primary Page and remove duplicate from sitemap
100.0%,https://www.brahmakumaris.com/soul-sustenance/avoid-showing-off-and-experience-humility/,https://www.brahmakumaris.com/soul-sustenance/ss-hindi/sharirik-bimariyon-se-upar-uthein/,Setup 301 Redirect to Primary Page and remove duplicate from sitemap
100.0%,https://www.brahmakumaris.com/soul-sustenance/avoid-showing-off-and-experience-humility/,https://www.brahmakumaris.com/soul-sustenance/03rd-mar-2023-ss/,Setup 301 Redirect to Primary Page and remove duplicate from sitemap
100.0%,https://www.brahmakumaris.com/soul-sustenance/avoid-showing-off-and-experience-humility/,https://www.brahmakumaris.com/soul-sustenance/understand-your-self-to-understand-others/,Setup 301 Redirect to Primary Page and remove duplicate from sitemap
100.0%,https://www.brahmakumaris.com/soul-sustenance/avoid-showing-off-and-experience-humility/,https://www.brahmakumaris.com/soul-sustenance/17th-dec-2022-ss/,Setup 301 Redirect to Primary Page and remove duplicate from sitemap
100.0%,https://www.brahmakumaris.com/soul-sustenance/5-steps-to-a-stress-free-life-part-1/,https://www.brahmakumaris.com/soul-sustenance/avoid-showing-off-and-experience-humility/,Setup 301 Redirect to Primary Page and remove duplicate from sitemap
100.0%,https://www.brahmakumaris.com/soul-sustenance/avoid-showing-off-and-experience-humility/,https://www.brahmakumaris.com/soul-sustenance/the-beauty-of-christmas-a-festival-of-love-and-joy-part-3/,Setup 301 Redirect to Primary Page and remove duplicate from sitemap
100.0%,https://www.brahmakumaris.com/soul-sustenance/avoid-showing-off-and-experience-humility/,https://www.brahmakumaris.com/soul-sustenance/changing-negative-thoughts-with-spiritual-power-part-1/,Setup 301 Redirect to Primary Page and remove duplicate from sitemap
100.0%,https://www.brahmakumaris.com/soul-sustenance/look-at-solutions-not-at-problems/,https://www.brahmakumaris.com/soul-sustenance/avoid-showing-off-and-experience-humility/,Setup 301 Redirect to Primary Page and remove duplicate from sitemap
100.0%,https://www.brahmakumaris.com/soul-sustenance/how-to-become-a-trustee-of-god-part-1/,https://www.brahmakumaris.com/soul-sustenance/avoid-showing-off-and-experience-humility/,Setup 301 Redirect to Primary Page and remove duplicate from sitemap
100.0%,https://www.brahmakumaris.com/soul-sustenance/23rd-sep-soul-sustenance/,https://www.brahmakumaris.com/soul-sustenance/avoid-showing-off-and-experience-humility/,Setup 301 Redirect to Primary Page and remove duplicate from sitemap
100.0%,https://www.brahmakumaris.com/soul-sustenance/avoid-showing-off-and-experience-humility/,https://www.brahmakumaris.com/soul-sustenance/ss-hindi/22nd-jun-2023-ssh/,Setup 301 Redirect to Primary Page and remove duplicate from sitemap
100.0%,https://www.brahmakumaris.com/soul-sustenance/avoid-showing-off-and-experience-humility/,https://www.brahmakumaris.com/soul-sustenance/04th-jan-2023-ss/,Setup 301 Redirect to Primary Page and remove duplicate from sitemap
100.0%,https://www.brahmakumaris.com/soul-sustenance/avoid-showing-off-and-experience-humility/,https://www.brahmakumaris.com/soul-sustenance/ss-hindi/parmatma-ke-sath-vishwas-bhara-rishta/,Setup 301 Redirect to Primary Page and remove duplicate from sitemap
100.0%,https://www.brahmakumaris.com/soul-sustenance/avoid-showing-off-and-experience-humility/,https://www.brahmakumaris.com/soul-sustenance/ss-hindi/aaiye-prem-aur-anand-ka-sandesh-dein-bhag-1/,Setup 301 Redirect to Primary Page and remove duplicate from sitemap
100.0%,https://www.brahmakumaris.com/soul-sustenance/avoid-showing-off-and-experience-humility/,https://www.brahmakumaris.com/soul-sustenance/ss-hindi/positive-information-se-positive-bhagya-banaein-bhag-2/,Setup 301 Redirect to Primary Page and remove duplicate from sitemap
100.0%,https://www.brahmakumaris.com/soul-sustenance/avoid-showing-off-and-experience-humility/,https://www.brahmakumaris.com/soul-sustenance/22nd-jun-2023-ss/,Setup 301 Redirect to Primary Page and remove duplicate from sitemap
100.0%,https://www.brahmakumaris.com/soul-sustenance/avoid-showing-off-and-experience-humility/,https://www.brahmakumaris.com/soul-sustenance/ss-hindi/27th-jun-2023-ssh/,Setup 301 Redirect to Primary Page and remove duplicate from sitemap
100.0%,https://www.brahmakumaris.com/soul-sustenance/26th-aug-soul-sustenance/,https://www.brahmakumaris.com/soul-sustenance/avoid-showing-off-and-experience-humility/,Setup 301 Redirect to Primary Page and remove duplicate from sitemap
100.0%,https://www.brahmakumaris.com/soul-sustenance/21st-april-soul-sustenance/,https://www.brahmakumaris.com/soul-sustenance/avoid-showing-off-and-experience-humility/,Setup 301 Redirect to Primary Page and remove duplicate from sitemap
100.0%,https://www.brahmakumaris.com/soul-sustenance/avoid-showing-off-and-experience-humility/,https://www.brahmakumaris.com/soul-sustenance/ss-hindi/19th-apr-2023-ssh/,Setup 301 Redirect to Primary Page and remove duplicate from sitemap
100.0%,https://www.brahmakumaris.com/soul-sustenance/how-to-be-contented-always/,https://www.brahmakumaris.com/soul-sustenance/avoid-showing-off-and-experience-humility/,Setup 301 Redirect to Primary Page and remove duplicate from sitemap
100.0%,https://www.brahmakumaris.com/soul-sustenance/25th-june-soul-sustenance/,https://www.brahmakumaris.com/soul-sustenance/avoid-showing-off-and-experience-humility/,Setup 301 Redirect to Primary Page and remove duplicate from sitemap
100.0%,https://www.brahmakumaris.com/soul-sustenance/avoid-showing-off-and-experience-humility/,https://www.brahmakumaris.com/soul-sustenance/2nd-jun-2023-ss/,Setup 301 Redirect to Primary Page and remove duplicate from sitemap
100.0%,https://www.brahmakumaris.com/soul-sustenance/avoid-showing-off-and-experience-humility/,https://www.brahmakumaris.com/soul-sustenance/ss-hindi/apne-shabdon-ki-urjaa-ko-badhaein/,Setup 301 Redirect to Primary Page and remove duplicate from sitemap
100.0%,https://www.brahmakumaris.com/soul-sustenance/avoid-showing-off-and-experience-humility/,https://www.brahmakumaris.com/soul-sustenance/ss-hindi/28th-feb-2023-ssh/,Setup 301 Redirect to Primary Page and remove duplicate from sitemap
100.0%,https://www.brahmakumaris.com/soul-sustenance/avoid-showing-off-and-experience-humility/,https://www.brahmakumaris.com/soul-sustenance/12th-aug-2023-ss/,Setup 301 Redirect to Primary Page and remove duplicate from sitemap
100.0%,https://www.brahmakumaris.com/soul-sustenance/avoid-showing-off-and-experience-humility/,https://www.brahmakumaris.com/soul-sustenance/ss-hindi/26th-may-2023-ssh/,Setup 301 Redirect to Primary Page and remove duplicate from sitemap
100.0%,https://www.brahmakumaris.com/soul-sustenance/avoid-showing-off-and-experience-humility/,https://www.brahmakumaris.com/soul-sustenance/ss-hindi/adhyatmik-vibration-ke-sath-bhojan-banaein-aur-khaaein-bhag-1/,Setup 301 Redirect to Primary Page and remove duplicate from sitemap
100.0%,https://www.brahmakumaris.com/soul-sustenance/avoid-showing-off-and-experience-humility/,https://www.brahmakumaris.com/soul-sustenance/overcoming-worry-about-what-others-think-of-you-part-2/,Setup 301 Redirect to Primary Page and remove duplicate from sitemap
100.0%,https://www.brahmakumaris.com/soul-sustenance/14th-aug-soul-sustenance/,https://www.brahmakumaris.com/soul-sustenance/avoid-showing-off-and-experience-humility/,Setup 301 Redirect to Primary Page and remove duplicate from sitemap
100.0%,https://www.brahmakumaris.com/soul-sustenance/avoid-showing-off-and-experience-humility/,https://www.brahmakumaris.com/soul-sustenance/ss-hindi/inner-aur-outer-safalta-create-karein/,Setup 301 Redirect to Primary Page and remove duplicate from sitemap
100.0%,https://www.brahmakumaris.com/soul-sustenance/avoid-showing-off-and-experience-humility/,https://www.brahmakumaris.com/soul-sustenance/10-new-beliefs-for-positive-living-part-1/,Setup 301 Redirect to Primary Page and remove duplicate from sitemap
100.0%,https://www.brahmakumaris.com/soul-sustenance/avoid-showing-off-and-experience-humility/,https://www.brahmakumaris.com/soul-sustenance/10th-apr-2023-ss/,Setup 301 Redirect to Primary Page and remove duplicate from sitemap
100.0%,https://www.brahmakumaris.com/soul-sustenance/01st-aug-soul-sustenance/,https://www.brahmakumaris.com/soul-sustenance/avoid-showing-off-and-experience-humility/,Setup 301 Redirect to Primary Page and remove duplicate from sitemap
100.0%,https://www.brahmakumaris.com/soul-sustenance/09th-nov-soul-sustenance/,https://www.brahmakumaris.com/soul-sustenance/avoid-showing-off-and-experience-humility/,Setup 301 Redirect to Primary Page and remove duplicate from sitemap
100.0%,https://www.brahmakumaris.com/soul-sustenance/avoid-showing-off-and-experience-humility/,https://www.brahmakumaris.com/soul-sustenance/ss-hindi/andar-ke-mein-ka-ahsaas-aur-anubhav-bhag-1/,Setup 301 Redirect to Primary Page and remove duplicate from sitemap
100.0%,https://www.brahmakumaris.com/soul-sustenance/avoid-showing-off-and-experience-humility/,https://www.brahmakumaris.com/soul-sustenance/ss-hindi/sahi-karm-ka-chunav-karien-bhag-2/,Setup 301 Redirect to Primary Page and remove duplicate from sitemap
100.0%,https://www.brahmakumaris.com/soul-sustenance/26th-june-soul-sustenance/,https://www.brahmakumaris.com/soul-sustenance/avoid-showing-off-and-experience-humility/,Setup 301 Redirect to Primary Page and remove duplicate from sitemap
100.0%,https://www.brahmakumaris.com/soul-sustenance/avoid-showing-off-and-experience-humility/,https://www.brahmakumaris.com/soul-sustenance/ss-hindi/2nd-jun-2023-ssh/,Setup 301 Redirect to Primary Page and remove duplicate from sitemap
100.0%,https://www.brahmakumaris.com/soul-sustenance/how-to-bless-people-and-situations/,https://www.brahmakumaris.com/soul-sustenance/avoid-showing-off-and-experience-humility/,Setup 301 Redirect to Primary Page and remove duplicate from sitemap
100.0%,https://www.brahmakumaris.com/soul-sustenance/avoid-showing-off-and-experience-humility/,https://www.brahmakumaris.com/soul-sustenance/7th-aug-2023-ss/,Setup 301 Redirect to Primary Page and remove duplicate from sitemap
100.0%,https://www.brahmakumaris.com/soul-sustenance/avoid-showing-off-and-experience-humility/,https://www.brahmakumaris.com/soul-sustenance/ss-hindi/adhyatmik-chetna-ke-sath-christmas-manaein/,Setup 301 Redirect to Primary Page and remove duplicate from sitemap
100.0%,https://www.brahmakumaris.com/soul-sustenance/avoid-showing-off-and-experience-humility/,https://www.brahmakumaris.com/soul-sustenance/ss-hindi/un-logon-prati-bhi-aabhari-rahein-jo-hamare-sath-sahi-nahi-hein/,Setup 301 Redirect to Primary Page and remove duplicate from sitemap
100.0%,https://www.brahmakumaris.com/soul-sustenance/5-keys-to-constant-happiness/,https://www.brahmakumaris.com/soul-sustenance/avoid-showing-off-and-experience-humility/,Setup 301 Redirect to Primary Page and remove duplicate from sitemap
100.0%,https://www.brahmakumaris.com/soul-sustenance/12th-sep-soul-sustenance/,https://www.brahmakumaris.com/soul-sustenance/avoid-showing-off-and-experience-humility/,Setup 301 Redirect to Primary Page and remove duplicate from sitemap
100.0%,https://www.brahmakumaris.com/soul-sustenance/avoid-showing-off-and-experience-humility/,https://www.brahmakumaris.com/soul-sustenance/ss-hindi/har-kadam-par-drudhnischayi-aur-sakaratmak-bane-rahein-bhag-3/,Setup 301 Redirect to Primary Page and remove duplicate from sitemap
100.0%,https://www.brahmakumaris.com/soul-sustenance/18th-nov-soul-sustenance/,https://www.brahmakumaris.com/soul-sustenance/avoid-showing-off-and-experience-humility/,Setup 301 Redirect to Primary Page and remove duplicate from sitemap
100.0%,https://www.brahmakumaris.com/soul-sustenance/avoid-showing-off-and-experience-humility/,https://www.brahmakumaris.com/soul-sustenance/16th-feb-2023-ss/,Setup 301 Redirect to Primary Page and remove duplicate from sitemap
100.0%,https://www.brahmakumaris.com/soul-sustenance/avoid-showing-off-and-experience-humility/,https://www.brahmakumaris.com/soul-sustenance/ss-hindi/dusron-ke-sath-urja-ke-len-den-ko-behtar-banaein-bhag-1/,Setup 301 Redirect to Primary Page and remove duplicate from sitemap
100.0%,https://www.brahmakumaris.com/soul-sustenance/avoid-showing-off-and-experience-humility/,https://www.brahmakumaris.com/soul-sustenance/ss-hindi/29th-jul-2023-ssh/,Setup 301 Redirect to Primary Page and remove duplicate from sitemap
100.0%,https://www.brahmakumaris.com/soul-sustenance/avoid-showing-off-and-experience-humility/,https://www.brahmakumaris.com/soul-sustenance/choose-your-actions-correctly-in-every-sphere-of-life-part-3/,Setup 301 Redirect to Primary Page and remove duplicate from sitemap
100.0%,https://www.brahmakumaris.com/soul-sustenance/avoid-showing-off-and-experience-humility/,https://www.brahmakumaris.com/soul-sustenance/ss-hindi/5th-may-2023-ssh/,Setup 301 Redirect to Primary Page and remove duplicate from sitemap
100.0%,https://www.brahmakumaris.com/soul-sustenance/avoid-showing-off-and-experience-humility/,https://www.brahmakumaris.com/soul-sustenance/bringing-loved-ones-moving-away-from-us-closer/,Setup 301 Redirect to Primary Page and remove duplicate from sitemap
100.0%,https://www.brahmakumaris.com/soul-sustenance/avoid-showing-off-and-experience-humility/,https://www.brahmakumaris.com/soul-sustenance/ss-hindi/ganesh-chaturthi-ka-aadhyatamik-mahatav-bhag-1/,Setup 301 Redirect to Primary Page and remove duplicate from sitemap
100.0%,https://www.brahmakumaris.com/soul-sustenance/avoid-showing-off-and-experience-humility/,https://www.brahmakumaris.com/soul-sustenance/ss-hindi/zindgi-ki-daud-mein-na-bhagein-present-moment-ko-enjoy-karein-bhag-4/,Setup 301 Redirect to Primary Page and remove duplicate from sitemap
100.0%,https://www.brahmakumaris.com/soul-sustenance/avoid-showing-off-and-experience-humility/,https://www.brahmakumaris.com/soul-sustenance/ss-hindi/vinamr-rahein-aur-sabhi-ko-samman-dein/,Setup 301 Redirect to Primary Page and remove duplicate from sitemap
100.0%,https://www.brahmakumaris.com/soul-sustenance/avoid-showing-off-and-experience-humility/,https://www.brahmakumaris.com/soul-sustenance/ss-hindi/3rd-july-2023-ssh/,Setup 301 Redirect to Primary Page and remove duplicate from sitemap
100.0%,https://www.brahmakumaris.com/soul-sustenance/avoid-showing-off-and-experience-humility/,https://www.brahmakumaris.com/soul-sustenance/ss-hindi/kya-pyaar-mujhe-dukh-pahuncha-sakta-hei/,Setup 301 Redirect to Primary Page and remove duplicate from sitemap
100.0%,https://www.brahmakumaris.com/soul-sustenance/avoid-showing-off-and-experience-humility/,https://www.brahmakumaris.com/soul-sustenance/ss-hindi/supreme-guru-parampita-parmatma-se-aashirvaad-lene-ke-5-tarike/,Setup 301 Redirect to Primary Page and remove duplicate from sitemap
100.0%,https://www.brahmakumaris.com/soul-sustenance/avoid-showing-off-and-experience-humility/,https://www.brahmakumaris.com/soul-sustenance/12th-mar-2023-ss/,Setup 301 Redirect to Primary Page and remove duplicate from sitemap
100.0%,https://www.brahmakumaris.com/soul-sustenance/17th-june-soul-sustenance/,https://www.brahmakumaris.com/soul-sustenance/avoid-showing-off-and-experience-humility/,Setup 301 Redirect to Primary Page and remove duplicate from sitemap
100.0%,https://www.brahmakumaris.com/soul-sustenance/avoid-showing-off-and-experience-humility/,https://www.brahmakumaris.com/soul-sustenance/ss-hindi/mansik-dabav-aur-tanaav-par-kaabu-kaise-paayein-bhag-2/,Setup 301 Redirect to Primary Page and remove duplicate from sitemap
100.0%,https://www.brahmakumaris.com/soul-sustenance/avoid-showing-off-and-experience-humility/,https://www.brahmakumaris.com/soul-sustenance/7-techniques-to-let-go-off-the-past-part-1/,Setup 301 Redirect to Primary Page and remove duplicate from sitemap
100.0%,https://www.brahmakumaris.com/soul-sustenance/avoid-showing-off-and-experience-humility/,https://www.brahmakumaris.com/soul-sustenance/ss-hindi/dusron-ke-baare-mein-sochne-ki-chinta-se-bahar-kaise-niklein-bhag-2/,Setup 301 Redirect to Primary Page and remove duplicate from sitemap
100.0%,https://www.brahmakumaris.com/soul-sustenance/avoid-showing-off-and-experience-humility/,https://www.brahmakumaris.com/soul-sustenance/experiencing-spiritual-success-in-every-sphere-of-life-part-2/,Setup 301 Redirect to Primary Page and remove duplicate from sitemap
100.0%,https://www.brahmakumaris.com/soul-sustenance/avoid-showing-off-and-experience-humility/,https://www.brahmakumaris.com/soul-sustenance/1st-jun-2023-ss/,Setup 301 Redirect to Primary Page and remove duplicate from sitemap
100.0%,https://www.brahmakumaris.com/soul-sustenance/keep-giving-to-others-constantly-part-1/,https://www.brahmakumaris.com/soul-sustenance/avoid-showing-off-and-experience-humility/,Setup 301 Redirect to Primary Page and remove duplicate from sitemap
100.0%,https://www.brahmakumaris.com/soul-sustenance/avoid-showing-off-and-experience-humility/,https://www.brahmakumaris.com/soul-sustenance/ss-hindi/safalata-ke-liye-5-tips-positive-affirmations-pushti/,Setup 301 Redirect to Primary Page and remove duplicate from sitemap
100.0%,https://www.brahmakumaris.com/soul-sustenance/avoid-showing-off-and-experience-humility/,https://www.brahmakumaris.com/soul-sustenance/16th-mar-soul-2023-ss/,Setup 301 Redirect to Primary Page and remove duplicate from sitemap
100.0%,https://www.brahmakumaris.com/soul-sustenance/avoid-showing-off-and-experience-humility/,https://www.brahmakumaris.com/soul-sustenance/ss-hindi/11th-jul-2023-ssh/,Setup 301 Redirect to Primary Page and remove duplicate from sitemap
100.0%,https://www.brahmakumaris.com/soul-sustenance/7-beautiful-benefits-of-meditation/,https://www.brahmakumaris.com/soul-sustenance/avoid-showing-off-and-experience-humility/,Setup 301 Redirect to Primary Page and remove duplicate from sitemap
100.0%,https://www.brahmakumaris.com/soul-sustenance/avoid-showing-off-and-experience-humility/,https://www.brahmakumaris.com/soul-sustenance/ss-hindi/4th-apr-2023-ssh/,Setup 301 Redirect to Primary Page and remove duplicate from sitemap
100.0%,https://www.brahmakumaris.com/soul-sustenance/avoid-showing-off-and-experience-humility/,https://www.brahmakumaris.com/soul-sustenance/ss-hindi/negative-energy-ke-exchange-ko-break-karein-bhag-4/,Setup 301 Redirect to Primary Page and remove duplicate from sitemap
100.0%,https://www.brahmakumaris.com/soul-sustenance/avoid-showing-off-and-experience-humility/,https://www.brahmakumaris.com/soul-sustenance/ss-hindi/prabal-vishwas-dwara-badhaon-par-vijay-prapt-karna-bhag-1/,Setup 301 Redirect to Primary Page and remove duplicate from sitemap
100.0%,https://www.brahmakumaris.com/soul-sustenance/avoid-showing-off-and-experience-humility/,https://www.brahmakumaris.com/soul-sustenance/ss-hindi/jo-eternal-aur-permanent-hei-uska-dhyan-rakhein/,Setup 301 Redirect to Primary Page and remove duplicate from sitemap
100.0%,https://www.brahmakumaris.com/soul-sustenance/11th-sep-soul-sustenance/,https://www.brahmakumaris.com/soul-sustenance/avoid-showing-off-and-experience-humility/,Setup 301 Redirect to Primary Page and remove duplicate from sitemap
100.0%,https://www.brahmakumaris.com/soul-sustenance/28th-february-soul-sustenance/,https://www.brahmakumaris.com/soul-sustenance/avoid-showing-off-and-experience-humility/,Setup 301 Redirect to Primary Page and remove duplicate from sitemap
100.0%,https://www.brahmakumaris.com/soul-sustenance/05th-oct-soul-sustenance/,https://www.brahmakumaris.com/soul-sustenance/avoid-showing-off-and-experience-humility/,Setup 301 Redirect to Primary Page and remove duplicate from sitemap
100.0%,https://www.brahmakumaris.com/soul-sustenance/avoid-showing-off-and-experience-humility/,https://www.brahmakumaris.com/soul-sustenance/choose-your-actions-correctly-in-every-sphere-of-life-part-1/,Setup 301 Redirect to Primary Page and remove duplicate from sitemap
100.0%,https://www.brahmakumaris.com/soul-sustenance/avoid-showing-off-and-experience-humility/,https://www.brahmakumaris.com/soul-sustenance/ss-hindi/swa-nirbharta-ka-utsav-swatantrata-divas-par-aadhytmik-sandesh/,Setup 301 Redirect to Primary Page and remove duplicate from sitemap
100.0%,https://www.brahmakumaris.com/soul-sustenance/avoid-showing-off-and-experience-humility/,https://www.brahmakumaris.com/soul-sustenance/ss-hindi/niswarth-prem-sundar-sambandhon-ki-chabhi-hei-bhag-4/,Setup 301 Redirect to Primary Page and remove duplicate from sitemap
100.0%,https://www.brahmakumaris.com/soul-sustenance/avoid-showing-off-and-experience-humility/,https://www.brahmakumaris.com/soul-sustenance/experiencing-spiritual-progress-in-groups-part-1/,Setup 301 Redirect to Primary Page and remove duplicate from sitemap
100.0%,https://www.brahmakumaris.com/soul-sustenance/avoid-showing-off-and-experience-humility/,https://www.brahmakumaris.com/soul-sustenance/ss-hindi/kya-hamne-parmatama-ka-dil-jeet-liya-hei/,Setup 301 Redirect to Primary Page and remove duplicate from sitemap
100.0%,https://www.brahmakumaris.com/soul-sustenance/ss-hindi/spashtata-rakhein-bhram-nahin/,https://www.brahmakumaris.com/soul-sustenance/avoid-showing-off-and-experience-humility/,Setup 301 Redirect to Primary Page and remove duplicate from sitemap
100.0%,https://www.brahmakumaris.com/soul-sustenance/06th-nov-soul-sustenance/,https://www.brahmakumaris.com/soul-sustenance/avoid-showing-off-and-experience-humility/,Setup 301 Redirect to Primary Page and remove duplicate from sitemap
100.0%,https://www.brahmakumaris.com/soul-sustenance/__trashed-7/,https://www.brahmakumaris.com/soul-sustenance/avoid-showing-off-and-experience-humility/,Setup 301 Redirect to Primary Page and remove duplicate from sitemap
100.0%,https://www.brahmakumaris.com/soul-sustenance/avoid-showing-off-and-experience-humility/,https://www.brahmakumaris.com/soul-sustenance/ss-hindi/negative-energy-ke-exchange-ko-break-karein-bhag-1/,Setup 301 Redirect to Primary Page and remove duplicate from sitemap
100.0%,https://www.brahmakumaris.com/soul-sustenance/avoid-showing-off-and-experience-humility/,https://www.brahmakumaris.com/soul-sustenance/mindset-of-surviving-or-a-mindset-of-serving/,Setup 301 Redirect to Primary Page and remove duplicate from sitemap
100.0%,https://www.brahmakumaris.com/soul-sustenance/avoid-showing-off-and-experience-humility/,https://www.brahmakumaris.com/soul-sustenance/ss-hindi/pariksha-mein-safalta-prapt-karne-ke-8-tarike-bhag-2/,Setup 301 Redirect to Primary Page and remove duplicate from sitemap
100.0%,https://www.brahmakumaris.com/soul-sustenance/avoid-showing-off-and-experience-humility/,https://www.brahmakumaris.com/soul-sustenance/ss-hindi/pratidin-apni-duaon-ke-khajane-jama-karein/,Setup 301 Redirect to Primary Page and remove duplicate from sitemap
100.0%,https://www.brahmakumaris.com/soul-sustenance/avoid-showing-off-and-experience-humility/,https://www.brahmakumaris.com/soul-sustenance/ss-hindi/ateet-ko-let-go-karne-ki-7-takniken-bhag-2/,Setup 301 Redirect to Primary Page and remove duplicate from sitemap
100.0%,https://www.brahmakumaris.com/soul-sustenance/17th-april-soul-sustenance/,https://www.brahmakumaris.com/soul-sustenance/avoid-showing-off-and-experience-humility/,Setup 301 Redirect to Primary Page and remove duplicate from sitemap
100.0%,https://www.brahmakumaris.com/soul-sustenance/avoid-showing-off-and-experience-humility/,https://www.brahmakumaris.com/soul-sustenance/should-we-be-emotional-or-not-part-2/,Setup 301 Redirect to Primary Page and remove duplicate from sitemap
100.0%,https://www.brahmakumaris.com/soul-sustenance/avoid-showing-off-and-experience-humility/,https://www.brahmakumaris.com/soul-sustenance/keep-your-aura-clean-and-clear-2/,Setup 301 Redirect to Primary Page and remove duplicate from sitemap
100.0%,https://www.brahmakumaris.com/soul-sustenance/avoid-showing-off-and-experience-humility/,https://www.brahmakumaris.com/soul-sustenance/ss-hindi/parmatma-aadhytmik-beej-ke-saath-judna/,Setup 301 Redirect to Primary Page and remove duplicate from sitemap
100.0%,https://www.brahmakumaris.com/soul-sustenance/avoid-showing-off-and-experience-humility/,https://www.brahmakumaris.com/soul-sustenance/5-benefits-of-experiencing-god-with-us-part-4/,Setup 301 Redirect to Primary Page and remove duplicate from sitemap
100.0%,https://www.brahmakumaris.com/soul-sustenance/avoid-showing-off-and-experience-humility/,https://www.brahmakumaris.com/soul-sustenance/ss-hindi/iss-diwali-divyata-ka-deep-jalaein-bhag-1/,Setup 301 Redirect to Primary Page and remove duplicate from sitemap
100.0%,https://www.brahmakumaris.com/soul-sustenance/avoiding-mood-swings/,https://www.brahmakumaris.com/soul-sustenance/avoid-showing-off-and-experience-humility/,Setup 301 Redirect to Primary Page and remove duplicate from sitemap
100.0%,https://www.brahmakumaris.com/soul-sustenance/avoid-showing-off-and-experience-humility/,https://www.brahmakumaris.com/soul-sustenance/ss-hindi/dusron-ki-parwah-karna-mana-unki-chinta-karna-bhag-2/,Setup 301 Redirect to Primary Page and remove duplicate from sitemap
100.0%,https://www.brahmakumaris.com/soul-sustenance/creating-a-nature-of-permanent-happiness/,https://www.brahmakumaris.com/soul-sustenance/avoid-showing-off-and-experience-humility/,Setup 301 Redirect to Primary Page and remove duplicate from sitemap
100.0%,https://www.brahmakumaris.com/soul-sustenance/avoid-showing-off-and-experience-humility/,https://www.brahmakumaris.com/soul-sustenance/08th-feb-2023-ss/,Setup 301 Redirect to Primary Page and remove duplicate from sitemap
100.0%,https://www.brahmakumaris.com/soul-sustenance/avoid-showing-off-and-experience-humility/,https://www.brahmakumaris.com/soul-sustenance/ss-hindi/chinta-aur-tanaav-se-mukt-sansaar-ki-rachna-karein-bhag-1/,Setup 301 Redirect to Primary Page and remove duplicate from sitemap
100.0%,https://www.brahmakumaris.com/soul-sustenance/avoid-showing-off-and-experience-humility/,https://www.brahmakumaris.com/soul-sustenance/the-7-days-course-of-the-brahma-kumaris-part-4/,Setup 301 Redirect to Primary Page and remove duplicate from sitemap
100.0%,https://www.brahmakumaris.com/soul-sustenance/avoid-showing-off-and-experience-humility/,https://www.brahmakumaris.com/soul-sustenance/ss-hindi/sambandho-ko-sundar-aur-anandmay-banayein/,Setup 301 Redirect to Primary Page and remove duplicate from sitemap
100.0%,https://www.brahmakumaris.com/soul-sustenance/avoid-showing-off-and-experience-humility/,https://www.brahmakumaris.com/soul-sustenance/do-love-and-pain-go-hand-in-hand-part-2/,Setup 301 Redirect to Primary Page and remove duplicate from sitemap
100.0%,https://www.brahmakumaris.com/soul-sustenance/avoid-showing-off-and-experience-humility/,https://www.brahmakumaris.com/soul-sustenance/31st-jul-2023-ss/,Setup 301 Redirect to Primary Page and remove duplicate from sitemap
100.0%,https://www.brahmakumaris.com/soul-sustenance/avoid-showing-off-and-experience-humility/,https://www.brahmakumaris.com/soul-sustenance/ss-hindi/nakaratmak-paristhitiyon-mein-sakaratmak-bane-rahne-ke-5-tips/,Setup 301 Redirect to Primary Page and remove duplicate from sitemap
100.0%,https://www.brahmakumaris.com/soul-sustenance/19th-june-soul-sustenance/,https://www.brahmakumaris.com/soul-sustenance/avoid-showing-off-and-experience-humility/,Setup 301 Redirect to Primary Page and remove duplicate from sitemap
100.0%,https://www.brahmakumaris.com/soul-sustenance/avoid-showing-off-and-experience-humility/,https://www.brahmakumaris.com/soul-sustenance/20th-dec-2022-ss/,Setup 301 Redirect to Primary Page and remove duplicate from sitemap
100.0%,https://www.brahmakumaris.com/soul-sustenance/avoid-showing-off-and-experience-humility/,https://www.brahmakumaris.com/soul-sustenance/04th-mar-2023-ss/,Setup 301 Redirect to Primary Page and remove duplicate from sitemap
100.0%,https://www.brahmakumaris.com/soul-sustenance/avoid-showing-off-and-experience-humility/,https://www.brahmakumaris.com/soul-sustenance/do-you-have-a-close-and-strong-relationship-with-god/,Setup 301 Redirect to Primary Page and remove duplicate from sitemap
100.0%,https://www.brahmakumaris.com/soul-sustenance/avoid-showing-off-and-experience-humility/,https://www.brahmakumaris.com/soul-sustenance/4th-apr-2023-ss/,Setup 301 Redirect to Primary Page and remove duplicate from sitemap
100.0%,https://www.brahmakumaris.com/soul-sustenance/avoid-showing-off-and-experience-humility/,https://www.brahmakumaris.com/soul-sustenance/stop-running-the-race-enjoy-the-present-moment-part-3/,Setup 301 Redirect to Primary Page and remove duplicate from sitemap
100.0%,https://www.brahmakumaris.com/soul-sustenance/avoid-showing-off-and-experience-humility/,https://www.brahmakumaris.com/soul-sustenance/ss-hindi/sakaratmak-jeevan-jeene-ke-liye-10-nai-manytaaein-belief-bhag-4/,Setup 301 Redirect to Primary Page and remove duplicate from sitemap
100.0%,https://www.brahmakumaris.com/soul-sustenance/27th-april-soul-sustenance/,https://www.brahmakumaris.com/soul-sustenance/avoid-showing-off-and-experience-humility/,Setup 301 Redirect to Primary Page and remove duplicate from sitemap
100.0%,https://www.brahmakumaris.com/soul-sustenance/flying-with-the-wings-of-gods-love/,https://www.brahmakumaris.com/soul-sustenance/avoid-showing-off-and-experience-humility/,Setup 301 Redirect to Primary Page and remove duplicate from sitemap
100.0%,https://www.brahmakumaris.com/soul-sustenance/avoid-showing-off-and-experience-humility/,https://www.brahmakumaris.com/soul-sustenance/ss-hindi/apni-asfaltaaon-ko-sakaratmak-aur-shaktishali-dhang-se-accept-karein-2/,Setup 301 Redirect to Primary Page and remove duplicate from sitemap
100.0%,https://www.brahmakumaris.com/soul-sustenance/avoid-showing-off-and-experience-humility/,https://www.brahmakumaris.com/soul-sustenance/ss-hindi/ganesh-chaturthi-ki-divyata-aur-aadhyatmikta-bhag-1/,Setup 301 Redirect to Primary Page and remove duplicate from sitemap
100.0%,https://www.brahmakumaris.com/soul-sustenance/13th-april-soul-sustenance/,https://www.brahmakumaris.com/soul-sustenance/avoid-showing-off-and-experience-humility/,Setup 301 Redirect to Primary Page and remove duplicate from sitemap
100.0%,https://www.brahmakumaris.com/soul-sustenance/avoid-showing-off-and-experience-humility/,https://www.brahmakumaris.com/soul-sustenance/ss-hindi/parmatma-ke-trustee-kaise-banein-bhag-3/,Setup 301 Redirect to Primary Page and remove duplicate from sitemap
100.0%,https://www.brahmakumaris.com/soul-sustenance/avoid-showing-off-and-experience-humility/,https://www.brahmakumaris.com/soul-sustenance/ss-hindi/17th-mar-2023-ssh/,Setup 301 Redirect to Primary Page and remove duplicate from sitemap
100.0%,https://www.brahmakumaris.com/soul-sustenance/avoid-showing-off-and-experience-humility/,https://www.brahmakumaris.com/soul-sustenance/ss-hindi/pruthvi-ko-pure-aur-sundar-banayein/,Setup 301 Redirect to Primary Page and remove duplicate from sitemap
100.0%,https://www.brahmakumaris.com/soul-sustenance/22nd-jul-soul-sustenance/,https://www.brahmakumaris.com/soul-sustenance/avoid-showing-off-and-experience-humility/,Setup 301 Redirect to Primary Page and remove duplicate from sitemap
100.0%,https://www.brahmakumaris.com/soul-sustenance/avoid-showing-off-and-experience-humility/,https://www.brahmakumaris.com/soul-sustenance/stop-running-the-race-enjoy-the-present-moment-part-4/,Setup 301 Redirect to Primary Page and remove duplicate from sitemap
100.0%,https://www.brahmakumaris.com/soul-sustenance/avoid-showing-off-and-experience-humility/,https://www.brahmakumaris.com/soul-sustenance/ss-hindi/sweekar-karna-takat-hei-kamjori-nahin/,Setup 301 Redirect to Primary Page and remove duplicate from sitemap
100.0%,https://www.brahmakumaris.com/soul-sustenance/avoid-showing-off-and-experience-humility/,https://www.brahmakumaris.com/soul-sustenance/19th-feb-2023-ss/,Setup 301 Redirect to Primary Page and remove duplicate from sitemap
100.0%,https://www.brahmakumaris.com/soul-sustenance/avoid-showing-off-and-experience-humility/,https://www.brahmakumaris.com/soul-sustenance/ss-hindi/kya-krodh-ko-dabana-theek-hai-ya-fir-ise-paida-hi-na-hone-dein/,Setup 301 Redirect to Primary Page and remove duplicate from sitemap
100.0%,https://www.brahmakumaris.com/soul-sustenance/avoid-showing-off-and-experience-humility/,https://www.brahmakumaris.com/soul-sustenance/18th-dec-2022-ss/,Setup 301 Redirect to Primary Page and remove duplicate from sitemap
100.0%,https://www.brahmakumaris.com/soul-sustenance/ss-hindi/sway-ko-bless-kaise-karein/,https://www.brahmakumaris.com/soul-sustenance/avoid-showing-off-and-experience-humility/,Setup 301 Redirect to Primary Page and remove duplicate from sitemap
100.0%,https://www.brahmakumaris.com/soul-sustenance/overcoming-self-doubt-and-insecurities/,https://www.brahmakumaris.com/soul-sustenance/avoid-showing-off-and-experience-humility/,Setup 301 Redirect to Primary Page and remove duplicate from sitemap
100.0%,https://www.brahmakumaris.com/soul-sustenance/07th-jul-soul-sustenance/,https://www.brahmakumaris.com/soul-sustenance/avoid-showing-off-and-experience-humility/,Setup 301 Redirect to Primary Page and remove duplicate from sitemap
100.0%,https://www.brahmakumaris.com/soul-sustenance/avoid-showing-off-and-experience-humility/,https://www.brahmakumaris.com/soul-sustenance/5-tips-for-overcoming-mental-fatigue-part-3/,Setup 301 Redirect to Primary Page and remove duplicate from sitemap
100.0%,https://www.brahmakumaris.com/soul-sustenance/avoid-showing-off-and-experience-humility/,https://www.brahmakumaris.com/soul-sustenance/13th-may-2023-ss/,Setup 301 Redirect to Primary Page and remove duplicate from sitemap
100.0%,https://www.brahmakumaris.com/soul-sustenance/ss-hindi/labhkaari-karmik-balance/,https://www.brahmakumaris.com/soul-sustenance/avoid-showing-off-and-experience-humility/,Setup 301 Redirect to Primary Page and remove duplicate from sitemap
100.0%,https://www.brahmakumaris.com/soul-sustenance/08th-aug-soul-sustenance/,https://www.brahmakumaris.com/soul-sustenance/avoid-showing-off-and-experience-humility/,Setup 301 Redirect to Primary Page and remove duplicate from sitemap
100.0%,https://www.brahmakumaris.com/soul-sustenance/avoid-showing-off-and-experience-humility/,https://www.brahmakumaris.com/soul-sustenance/ss-hindi/badlaav-ko-aasani-se-apnane-ki-5-aadhyatmik-saktiyan-bhag-1/,Setup 301 Redirect to Primary Page and remove duplicate from sitemap
100.0%,https://www.brahmakumaris.com/soul-sustenance/your-will-power-is-your-biggest-strength/,https://www.brahmakumaris.com/soul-sustenance/avoid-showing-off-and-experience-humility/,Setup 301 Redirect to Primary Page and remove duplicate from sitemap
100.0%,https://www.brahmakumaris.com/soul-sustenance/avoid-showing-off-and-experience-humility/,https://www.brahmakumaris.com/soul-sustenance/crossing-negative-situations-with-spiritual-power-part-3/,Setup 301 Redirect to Primary Page and remove duplicate from sitemap
100.0%,https://www.brahmakumaris.com/soul-sustenance/avoid-showing-off-and-experience-humility/,https://www.brahmakumaris.com/soul-sustenance/ss-hindi/hamare-dainik-jeevan-mein-shri-krishna-janamashtami-ka-mahatav/,Setup 301 Redirect to Primary Page and remove duplicate from sitemap
100.0%,https://www.brahmakumaris.com/soul-sustenance/avoid-showing-off-and-experience-humility/,https://www.brahmakumaris.com/soul-sustenance/breaking-the-cycle-of-negative-energy-exchanges-part-2/,Setup 301 Redirect to Primary Page and remove duplicate from sitemap
100.0%,https://www.brahmakumaris.com/soul-sustenance/avoid-showing-off-and-experience-humility/,https://www.brahmakumaris.com/soul-sustenance/ss-hindi/18th-jun-2023-ssh/,Setup 301 Redirect to Primary Page and remove duplicate from sitemap
100.0%,https://www.brahmakumaris.com/soul-sustenance/30th-march-soul-sustenance/,https://www.brahmakumaris.com/soul-sustenance/avoid-showing-off-and-experience-humility/,Setup 301 Redirect to Primary Page and remove duplicate from sitemap
100.0%,https://www.brahmakumaris.com/soul-sustenance/avoid-showing-off-and-experience-humility/,https://www.brahmakumaris.com/soul-sustenance/ss-hindi/sakaratamak-jeevan-shaily-ke-liye-10-steps-bhag-2/,Setup 301 Redirect to Primary Page and remove duplicate from sitemap
100.0%,https://www.brahmakumaris.com/soul-sustenance/avoid-showing-off-and-experience-humility/,https://www.brahmakumaris.com/soul-sustenance/resolving-negative-situations-in-3-steps-part-2/,Setup 301 Redirect to Primary Page and remove duplicate from sitemap
100.0%,https://www.brahmakumaris.com/soul-sustenance/avoid-showing-off-and-experience-humility/,https://www.brahmakumaris.com/soul-sustenance/ss-hindi/neend-ko-shantipurna-aur-anandmay-banane-ke-5-tips/,Setup 301 Redirect to Primary Page and remove duplicate from sitemap
100.0%,https://www.brahmakumaris.com/soul-sustenance/avoid-showing-off-and-experience-humility/,https://www.brahmakumaris.com/soul-sustenance/ss-hindi/aaweg-mein-diye-gaye-reaction-ko-justify-na-karein/,Setup 301 Redirect to Primary Page and remove duplicate from sitemap
100.0%,https://www.brahmakumaris.com/soul-sustenance/raise-the-vibration-of-your-words/,https://www.brahmakumaris.com/soul-sustenance/avoid-showing-off-and-experience-humility/,Setup 301 Redirect to Primary Page and remove duplicate from sitemap
100.0%,https://www.brahmakumaris.com/soul-sustenance/avoid-showing-off-and-experience-humility/,https://www.brahmakumaris.com/soul-sustenance/26th-may-2023-ss/,Setup 301 Redirect to Primary Page and remove duplicate from sitemap
100.0%,https://www.brahmakumaris.com/soul-sustenance/avoid-showing-off-and-experience-humility/,https://www.brahmakumaris.com/soul-sustenance/ss-hindi/18th-feb-2023-ssh/,Setup 301 Redirect to Primary Page and remove duplicate from sitemap
100.0%,https://www.brahmakumaris.com/soul-sustenance/28th-jul-soul-sustenance/,https://www.brahmakumaris.com/soul-sustenance/avoid-showing-off-and-experience-humility/,Setup 301 Redirect to Primary Page and remove duplicate from sitemap
100.0%,https://www.brahmakumaris.com/soul-sustenance/avoid-showing-off-and-experience-humility/,https://www.brahmakumaris.com/soul-sustenance/ss-hindi/man-ke-liye-healthy-emoman-ke-liye-healthy-emotional-diet-bhag-1tional-diet-bhag-1/,Setup 301 Redirect to Primary Page and remove duplicate from sitemap
100.0%,https://www.brahmakumaris.com/soul-sustenance/avoid-showing-off-and-experience-humility/,https://www.brahmakumaris.com/soul-sustenance/ss-hindi/aao-ek-sundar-aur-swatantra-sansar-banaein/,Setup 301 Redirect to Primary Page and remove duplicate from sitemap
100.0%,https://www.brahmakumaris.com/soul-sustenance/avoid-showing-off-and-experience-humility/,https://www.brahmakumaris.com/soul-sustenance/8th-may-2023-ss/,Setup 301 Redirect to Primary Page and remove duplicate from sitemap
100.0%,https://www.brahmakumaris.com/soul-sustenance/06th-may-soul-sustenance/,https://www.brahmakumaris.com/soul-sustenance/avoid-showing-off-and-experience-humility/,Setup 301 Redirect to Primary Page and remove duplicate from sitemap
100.0%,https://www.brahmakumaris.com/soul-sustenance/22nd-sep-soul-sustenance/,https://www.brahmakumaris.com/soul-sustenance/avoid-showing-off-and-experience-humility/,Setup 301 Redirect to Primary Page and remove duplicate from sitemap
100.0%,https://www.brahmakumaris.com/soul-sustenance/avoid-showing-off-and-experience-humility/,https://www.brahmakumaris.com/soul-sustenance/ss-hindi/20th-apr-2023-ssh/,Setup 301 Redirect to Primary Page and remove duplicate from sitemap
100.0%,https://www.brahmakumaris.com/soul-sustenance/avoid-showing-off-and-experience-humility/,https://www.brahmakumaris.com/soul-sustenance/5-beautiful-spiritual-qualities-of-doctors/,Setup 301 Redirect to Primary Page and remove duplicate from sitemap
100.0%,https://www.brahmakumaris.com/soul-sustenance/avoid-showing-off-and-experience-humility/,https://www.brahmakumaris.com/soul-sustenance/ss-hindi/man-ke-liye-healthy-emotional-diet-bhag-3/,Setup 301 Redirect to Primary Page and remove duplicate from sitemap
100.0%,https://www.brahmakumaris.com/soul-sustenance/be-easy-not-busy/,https://www.brahmakumaris.com/soul-sustenance/avoid-showing-off-and-experience-humility/,Setup 301 Redirect to Primary Page and remove duplicate from sitemap
100.0%,https://www.brahmakumaris.com/soul-sustenance/ss-hindi/ahankaar-ke-bina-drudh-rahna/,https://www.brahmakumaris.com/soul-sustenance/avoid-showing-off-and-experience-humility/,Setup 301 Redirect to Primary Page and remove duplicate from sitemap
100.0%,https://www.brahmakumaris.com/soul-sustenance/ss-hindi/man-ko-shant-kaise-kare/,https://www.brahmakumaris.com/soul-sustenance/avoid-showing-off-and-experience-humility/,Setup 301 Redirect to Primary Page and remove duplicate from sitemap
100.0%,https://www.brahmakumaris.com/soul-sustenance/avoid-showing-off-and-experience-humility/,https://www.brahmakumaris.com/soul-sustenance/ss-hindi/aantarik-shanti-aur-aanand-ke-liye-ghar-par-ek-sacred-corner-banaein/,Setup 301 Redirect to Primary Page and remove duplicate from sitemap
100.0%,https://www.brahmakumaris.com/soul-sustenance/avoid-showing-off-and-experience-humility/,https://www.brahmakumaris.com/soul-sustenance/ss-hindi/khushi-se-sambandhit-3-galat-manytaayein-aur-sachchai-bhag-1/,Setup 301 Redirect to Primary Page and remove duplicate from sitemap
100.0%,https://www.brahmakumaris.com/soul-sustenance/avoid-showing-off-and-experience-humility/,https://www.brahmakumaris.com/soul-sustenance/22nd-may-2023-ss/,Setup 301 Redirect to Primary Page and remove duplicate from sitemap
100.0%,https://www.brahmakumaris.com/soul-sustenance/avoid-showing-off-and-experience-humility/,https://www.brahmakumaris.com/soul-sustenance/1st-may-2023-ss/,Setup 301 Redirect to Primary Page and remove duplicate from sitemap
100.0%,https://www.brahmakumaris.com/soul-sustenance/speak-less-speak-slowly-and-speak-softly/,https://www.brahmakumaris.com/soul-sustenance/avoid-showing-off-and-experience-humility/,Setup 301 Redirect to Primary Page and remove duplicate from sitemap
100.0%,https://www.brahmakumaris.com/soul-sustenance/avoid-showing-off-and-experience-humility/,https://www.brahmakumaris.com/soul-sustenance/keeping-your-mood-happy-and-positive-always/,Setup 301 Redirect to Primary Page and remove duplicate from sitemap
100.0%,https://www.brahmakumaris.com/soul-sustenance/avoid-showing-off-and-experience-humility/,https://www.brahmakumaris.com/soul-sustenance/ss-hindi/aantarik-sundarta-inner-beauty-ke-teen-darpan-bhag-2/,Setup 301 Redirect to Primary Page and remove duplicate from sitemap
100.0%,https://www.brahmakumaris.com/soul-sustenance/avoid-showing-off-and-experience-humility/,https://www.brahmakumaris.com/soul-sustenance/ss-hindi/apne-communication-ko-swachch-aur-sundar-banaein/,Setup 301 Redirect to Primary Page and remove duplicate from sitemap
100.0%,https://www.brahmakumaris.com/soul-sustenance/ss-hindi/12th-feb-ssh/,https://www.brahmakumaris.com/soul-sustenance/avoid-showing-off-and-experience-humility/,Setup 301 Redirect to Primary Page and remove duplicate from sitemap
100.0%,https://www.brahmakumaris.com/soul-sustenance/4-benefits-of-negative-situations-part-1/,https://www.brahmakumaris.com/soul-sustenance/avoid-showing-off-and-experience-humility/,Setup 301 Redirect to Primary Page and remove duplicate from sitemap
100.0%,https://www.brahmakumaris.com/soul-sustenance/avoid-showing-off-and-experience-humility/,https://www.brahmakumaris.com/soul-sustenance/ss-hindi/12th-may-2023-ssh/,Setup 301 Redirect to Primary Page and remove duplicate from sitemap
100.0%,https://www.brahmakumaris.com/soul-sustenance/avoid-showing-off-and-experience-humility/,https://www.brahmakumaris.com/soul-sustenance/ss-hindi/dur-hote-hue-priyjanon-ko-kareeb-laaein/,Setup 301 Redirect to Primary Page and remove duplicate from sitemap
100.0%,https://www.brahmakumaris.com/soul-sustenance/avoid-showing-off-and-experience-humility/,https://www.brahmakumaris.com/soul-sustenance/5-ways-of-making-your-office-environment-spiritual/,Setup 301 Redirect to Primary Page and remove duplicate from sitemap
100.0%,https://www.brahmakumaris.com/soul-sustenance/avoid-showing-off-and-experience-humility/,https://www.brahmakumaris.com/soul-sustenance/12-characteristics-of-a-divine-soul-part-2/,Setup 301 Redirect to Primary Page and remove duplicate from sitemap
100.0%,https://www.brahmakumaris.com/soul-sustenance/25th-april-soul-sustenance/,https://www.brahmakumaris.com/soul-sustenance/avoid-showing-off-and-experience-humility/,Setup 301 Redirect to Primary Page and remove duplicate from sitemap
100.0%,https://www.brahmakumaris.com/soul-sustenance/avoid-showing-off-and-experience-humility/,https://www.brahmakumaris.com/soul-sustenance/ss-hindi/6th-may-2023-ssh/,Setup 301 Redirect to Primary Page and remove duplicate from sitemap
100.0%,https://www.brahmakumaris.com/soul-sustenance/avoid-showing-off-and-experience-humility/,https://www.brahmakumaris.com/soul-sustenance/gratitude-for-people-who-werent-right-to-us/,Setup 301 Redirect to Primary Page and remove duplicate from sitemap
100.0%,https://www.brahmakumaris.com/soul-sustenance/avoid-showing-off-and-experience-humility/,https://www.brahmakumaris.com/soul-sustenance/ss-hindi/kaam-ke-tanav-ko-dur-karne-ke-5-tips/,Setup 301 Redirect to Primary Page and remove duplicate from sitemap
100.0%,https://www.brahmakumaris.com/soul-sustenance/avoid-showing-off-and-experience-humility/,https://www.brahmakumaris.com/soul-sustenance/the-mind-in-control-part-3/,Setup 301 Redirect to Primary Page and remove duplicate from sitemap
100.0%,https://www.brahmakumaris.com/soul-sustenance/9th-march-soul-sustenance/,https://www.brahmakumaris.com/soul-sustenance/avoid-showing-off-and-experience-humility/,Setup 301 Redirect to Primary Page and remove duplicate from sitemap
100.0%,https://www.brahmakumaris.com/soul-sustenance/avoid-showing-off-and-experience-humility/,https://www.brahmakumaris.com/soul-sustenance/23rd-jan-2023-ss/,Setup 301 Redirect to Primary Page and remove duplicate from sitemap
100.0%,https://www.brahmakumaris.com/soul-sustenance/05th-dec-soul-sustenance/,https://www.brahmakumaris.com/soul-sustenance/avoid-showing-off-and-experience-humility/,Setup 301 Redirect to Primary Page and remove duplicate from sitemap
100.0%,https://www.brahmakumaris.com/soul-sustenance/being-stable-in-criticism/,https://www.brahmakumaris.com/soul-sustenance/avoid-showing-off-and-experience-humility/,Setup 301 Redirect to Primary Page and remove duplicate from sitemap
100.0%,https://www.brahmakumaris.com/soul-sustenance/17th-aug-soul-sustenance/,https://www.brahmakumaris.com/soul-sustenance/avoid-showing-off-and-experience-humility/,Setup 301 Redirect to Primary Page and remove duplicate from sitemap
100.0%,https://www.brahmakumaris.com/soul-sustenance/avoid-showing-off-and-experience-humility/,https://www.brahmakumaris.com/soul-sustenance/ss-hindi/16th-may-2023-ssh/,Setup 301 Redirect to Primary Page and remove duplicate from sitemap
100.0%,https://www.brahmakumaris.com/soul-sustenance/avoid-showing-off-and-experience-humility/,https://www.brahmakumaris.com/soul-sustenance/ss-hindi/dusron-ki-khushiyon-ka-jashn-manaein/,Setup 301 Redirect to Primary Page and remove duplicate from sitemap
100.0%,https://www.brahmakumaris.com/soul-sustenance/the-spiritual-meaning-of-holi-part-1/,https://www.brahmakumaris.com/soul-sustenance/avoid-showing-off-and-experience-humility/,Setup 301 Redirect to Primary Page and remove duplicate from sitemap
100.0%,https://www.brahmakumaris.com/soul-sustenance/14th-oct-soul-sustenance/,https://www.brahmakumaris.com/soul-sustenance/avoid-showing-off-and-experience-humility/,Setup 301 Redirect to Primary Page and remove duplicate from sitemap
100.0%,https://www.brahmakumaris.com/soul-sustenance/avoid-showing-off-and-experience-humility/,https://www.brahmakumaris.com/soul-sustenance/overcoming-mental-pressures-and-stress-part-1/,Setup 301 Redirect to Primary Page and remove duplicate from sitemap
100.0%,https://www.brahmakumaris.com/soul-sustenance/avoid-showing-off-and-experience-humility/,https://www.brahmakumaris.com/soul-sustenance/ss-hindi/aatma-aur-uske-dwara-kiye-jaane-wale-kaarya-ka-ahsas-hona-bhag-3/,Setup 301 Redirect to Primary Page and remove duplicate from sitemap
100.0%,https://www.brahmakumaris.com/soul-sustenance/avoid-showing-off-and-experience-humility/,https://www.brahmakumaris.com/soul-sustenance/ss-hindi/meditation-se-sakaratmak-vatavaran/,Setup 301 Redirect to Primary Page and remove duplicate from sitemap
100.0%,https://www.brahmakumaris.com/soul-sustenance/27th-march-soul-sustenance/,https://www.brahmakumaris.com/soul-sustenance/avoid-showing-off-and-experience-humility/,Setup 301 Redirect to Primary Page and remove duplicate from sitemap
100.0%,https://www.brahmakumaris.com/soul-sustenance/avoid-showing-off-and-experience-humility/,https://www.brahmakumaris.com/soul-sustenance/ss-hindi/kya-social-media-par-like-karna-mayne-rakhta-hei/,Setup 301 Redirect to Primary Page and remove duplicate from sitemap
100.0%,https://www.brahmakumaris.com/soul-sustenance/avoid-showing-off-and-experience-humility/,https://www.brahmakumaris.com/soul-sustenance/ss-hindi/13th-mar-2023-ssh/,Setup 301 Redirect to Primary Page and remove duplicate from sitemap
100.0%,https://www.brahmakumaris.com/soul-sustenance/28th-june-soul-sustenance/,https://www.brahmakumaris.com/soul-sustenance/avoid-showing-off-and-experience-humility/,Setup 301 Redirect to Primary Page and remove duplicate from sitemap
100.0%,https://www.brahmakumaris.com/soul-sustenance/avoid-showing-off-and-experience-humility/,https://www.brahmakumaris.com/soul-sustenance/ss-hindi/brahmakumaris-ka-7-divasiya-course-bhag-3/,Setup 301 Redirect to Primary Page and remove duplicate from sitemap
100.0%,https://www.brahmakumaris.com/soul-sustenance/avoid-showing-off-and-experience-humility/,https://www.brahmakumaris.com/soul-sustenance/ss-hindi/26th-jun-2023-ssh/,Setup 301 Redirect to Primary Page and remove duplicate from sitemap
100.0%,https://www.brahmakumaris.com/soul-sustenance/19th-aug-soul-sustenance/,https://www.brahmakumaris.com/soul-sustenance/avoid-showing-off-and-experience-humility/,Setup 301 Redirect to Primary Page and remove duplicate from sitemap
100.0%,https://www.brahmakumaris.com/soul-sustenance/avoid-showing-off-and-experience-humility/,https://www.brahmakumaris.com/soul-sustenance/ss-hindi/apni-khushiyon-ko-kal-par-na-taalein/,Setup 301 Redirect to Primary Page and remove duplicate from sitemap
100.0%,https://www.brahmakumaris.com/soul-sustenance/09th-june-soul-sustenance/,https://www.brahmakumaris.com/soul-sustenance/avoid-showing-off-and-experience-humility/,Setup 301 Redirect to Primary Page and remove duplicate from sitemap
100.0%,https://www.brahmakumaris.com/soul-sustenance/avoid-showing-off-and-experience-humility/,https://www.brahmakumaris.com/soul-sustenance/ss-hindi/christmas-ki-aadhytmaik-sundarta-ka-anubhav-karein-bhag-3/,Setup 301 Redirect to Primary Page and remove duplicate from sitemap
100.0%,https://www.brahmakumaris.com/soul-sustenance/avoid-showing-off-and-experience-humility/,https://www.brahmakumaris.com/soul-sustenance/ss-hindi/brahmakumaris-ka-7-divasiya-course-bhag-5/,Setup 301 Redirect to Primary Page and remove duplicate from sitemap
100.0%,https://www.brahmakumaris.com/soul-sustenance/08th-may-soul-sustenance/,https://www.brahmakumaris.com/soul-sustenance/avoid-showing-off-and-experience-humility/,Setup 301 Redirect to Primary Page and remove duplicate from sitemap
100.0%,https://www.brahmakumaris.com/soul-sustenance/avoid-showing-off-and-experience-humility/,https://www.brahmakumaris.com/soul-sustenance/ss-hindi/nakaratmak-vicharon-ko-aadhyatmik-shakti-se-badalna-bhag-3/,Setup 301 Redirect to Primary Page and remove duplicate from sitemap
100.0%,https://www.brahmakumaris.com/soul-sustenance/avoid-showing-off-and-experience-humility/,https://www.brahmakumaris.com/soul-sustenance/ss-hindi/29th-may-2023-ssh/,Setup 301 Redirect to Primary Page and remove duplicate from sitemap
100.0%,https://www.brahmakumaris.com/soul-sustenance/what-will-people-say/,https://www.brahmakumaris.com/soul-sustenance/avoid-showing-off-and-experience-humility/,Setup 301 Redirect to Primary Page and remove duplicate from sitemap
100.0%,https://www.brahmakumaris.com/soul-sustenance/avoid-showing-off-and-experience-humility/,https://www.brahmakumaris.com/soul-sustenance/ss-hindi/apne-beliefs-ko-check-karein-aur-chinta-par-kabu-paayein-bhag-2/,Setup 301 Redirect to Primary Page and remove duplicate from sitemap
100.0%,https://www.brahmakumaris.com/soul-sustenance/avoid-showing-off-and-experience-humility/,https://www.brahmakumaris.com/soul-sustenance/ss-hindi/24th-may-2023-ssh/,Setup 301 Redirect to Primary Page and remove duplicate from sitemap
100.0%,https://www.brahmakumaris.com/soul-sustenance/avoid-showing-off-and-experience-humility/,https://www.brahmakumaris.com/soul-sustenance/ss-hindi/negative-energy-ke-exchange-ko-break-karein-bhag-2/,Setup 301 Redirect to Primary Page and remove duplicate from sitemap
100.0%,https://www.brahmakumaris.com/soul-sustenance/avoid-showing-off-and-experience-humility/,https://www.brahmakumaris.com/soul-sustenance/ss-hindi/khud-ko-diye-gaye-nakaratmak-lebel-ko-badalna/,Setup 301 Redirect to Primary Page and remove duplicate from sitemap
100.0%,https://www.brahmakumaris.com/soul-sustenance/recording-scenes-carefully/,https://www.brahmakumaris.com/soul-sustenance/avoid-showing-off-and-experience-humility/,Setup 301 Redirect to Primary Page and remove duplicate from sitemap
100.0%,https://www.brahmakumaris.com/soul-sustenance/avoid-showing-off-and-experience-humility/,https://www.brahmakumaris.com/soul-sustenance/ss-hindi/khushi-se-sambandhit-3-galat-manytaayein-aur-sachchai-bhag-2/,Setup 301 Redirect to Primary Page and remove duplicate from sitemap
100.0%,https://www.brahmakumaris.com/soul-sustenance/10th-sep-soul-sustenance/,https://www.brahmakumaris.com/soul-sustenance/avoid-showing-off-and-experience-humility/,Setup 301 Redirect to Primary Page and remove duplicate from sitemap
100.0%,https://www.brahmakumaris.com/soul-sustenance/09th-oct-soul-sustenance/,https://www.brahmakumaris.com/soul-sustenance/avoid-showing-off-and-experience-humility/,Setup 301 Redirect to Primary Page and remove duplicate from sitemap
100.0%,https://www.brahmakumaris.com/soul-sustenance/avoid-showing-off-and-experience-humility/,https://www.brahmakumaris.com/soul-sustenance/ruling-the-kingdom-of-the-mind-part-2/,Setup 301 Redirect to Primary Page and remove duplicate from sitemap
100.0%,https://www.brahmakumaris.com/soul-sustenance/avoid-showing-off-and-experience-humility/,https://www.brahmakumaris.com/soul-sustenance/lets-be-human-beings-not-human-doings-part-2/,Setup 301 Redirect to Primary Page and remove duplicate from sitemap
100.0%,https://www.brahmakumaris.com/soul-sustenance/avoid-showing-off-and-experience-humility/,https://www.brahmakumaris.com/soul-sustenance/ss-hindi/aaiye-prem-aur-anand-ka-sandesh-dein-bhag-3/,Setup 301 Redirect to Primary Page and remove duplicate from sitemap
100.0%,https://www.brahmakumaris.com/soul-sustenance/avoid-showing-off-and-experience-humility/,https://www.brahmakumaris.com/soul-sustenance/renew-friendships-and-increase-spiritual-bonding/,Setup 301 Redirect to Primary Page and remove duplicate from sitemap
100.0%,https://www.brahmakumaris.com/soul-sustenance/avoid-showing-off-and-experience-humility/,https://www.brahmakumaris.com/soul-sustenance/ability-to-face-a-reflection-of-our-confidence-and-courage/,Setup 301 Redirect to Primary Page and remove duplicate from sitemap
100.0%,https://www.brahmakumaris.com/soul-sustenance/avoid-showing-off-and-experience-humility/,https://www.brahmakumaris.com/soul-sustenance/5-ways-to-be-positive-in-negative-situations-2/,Setup 301 Redirect to Primary Page and remove duplicate from sitemap
100.0%,https://www.brahmakumaris.com/soul-sustenance/avoid-showing-off-and-experience-humility/,https://www.brahmakumaris.com/soul-sustenance/ss-hindi/bhumika-nibhate-hue-apne-real-swarup-ka-anubhav-karien/,Setup 301 Redirect to Primary Page and remove duplicate from sitemap
100.0%,https://www.brahmakumaris.com/soul-sustenance/7th-march-soul-sustenance/,https://www.brahmakumaris.com/soul-sustenance/avoid-showing-off-and-experience-humility/,Setup 301 Redirect to Primary Page and remove duplicate from sitemap
100.0%,https://www.brahmakumaris.com/soul-sustenance/avoid-showing-off-and-experience-humility/,https://www.brahmakumaris.com/soul-sustenance/10-new-beliefs-for-positive-living-part-2/,Setup 301 Redirect to Primary Page and remove duplicate from sitemap
100.0%,https://www.brahmakumaris.com/soul-sustenance/avoid-showing-off-and-experience-humility/,https://www.brahmakumaris.com/soul-sustenance/a-message-from-god-on-maha-shivratri-part-3/,Setup 301 Redirect to Primary Page and remove duplicate from sitemap
100.0%,https://www.brahmakumaris.com/soul-sustenance/15th-april-soul-sustenance/,https://www.brahmakumaris.com/soul-sustenance/avoid-showing-off-and-experience-humility/,Setup 301 Redirect to Primary Page and remove duplicate from sitemap
100.0%,https://www.brahmakumaris.com/soul-sustenance/21st-march-soul-sustenance/,https://www.brahmakumaris.com/soul-sustenance/avoid-showing-off-and-experience-humility/,Setup 301 Redirect to Primary Page and remove duplicate from sitemap
100.0%,https://www.brahmakumaris.com/soul-sustenance/avoid-showing-off-and-experience-humility/,https://www.brahmakumaris.com/soul-sustenance/4th-jul-2023-ss/,Setup 301 Redirect to Primary Page and remove duplicate from sitemap
100.0%,https://www.brahmakumaris.com/soul-sustenance/avoid-showing-off-and-experience-humility/,https://www.brahmakumaris.com/soul-sustenance/ss-hindi/aadhytmikta-dwara-apne-man-aur-tan-ko-sanwarien-bhag-3/,Setup 301 Redirect to Primary Page and remove duplicate from sitemap
100.0%,https://www.brahmakumaris.com/soul-sustenance/avoid-showing-off-and-experience-humility/,https://www.brahmakumaris.com/soul-sustenance/3rd-apr-2023-ss/,Setup 301 Redirect to Primary Page and remove duplicate from sitemap
100.0%,https://www.brahmakumaris.com/soul-sustenance/avoid-showing-off-and-experience-humility/,https://www.brahmakumaris.com/soul-sustenance/ss-hindi/21st-feb-2023-ssh/,Setup 301 Redirect to Primary Page and remove duplicate from sitemap
100.0%,https://www.brahmakumaris.com/soul-sustenance/avoid-showing-off-and-experience-humility/,https://www.brahmakumaris.com/soul-sustenance/20th-feb-2023-ss/,Setup 301 Redirect to Primary Page and remove duplicate from sitemap
100.0%,https://www.brahmakumaris.com/soul-sustenance/avoid-showing-off-and-experience-humility/,https://www.brahmakumaris.com/soul-sustenance/ss-hindi/sahi-karm-ka-chunav-karien-bhag-1/,Setup 301 Redirect to Primary Page and remove duplicate from sitemap
100.0%,https://www.brahmakumaris.com/soul-sustenance/avoid-showing-off-and-experience-humility/,https://www.brahmakumaris.com/soul-sustenance/28th-dec-2022-ss/,Setup 301 Redirect to Primary Page and remove duplicate from sitemap
100.0%,https://www.brahmakumaris.com/soul-sustenance/discriminating-correctly-and-clearly/,https://www.brahmakumaris.com/soul-sustenance/avoid-showing-off-and-experience-humility/,Setup 301 Redirect to Primary Page and remove duplicate from sitemap
100.0%,https://www.brahmakumaris.com/soul-sustenance/avoid-showing-off-and-experience-humility/,https://www.brahmakumaris.com/soul-sustenance/the-three-mirrors-for-inner-beauty-part-3/,Setup 301 Redirect to Primary Page and remove duplicate from sitemap
100.0%,https://www.brahmakumaris.com/soul-sustenance/avoid-showing-off-and-experience-humility/,https://www.brahmakumaris.com/soul-sustenance/lets-be-human-beings-not-human-doings-part-3/,Setup 301 Redirect to Primary Page and remove duplicate from sitemap
100.0%,https://www.brahmakumaris.com/soul-sustenance/avoid-showing-off-and-experience-humility/,https://www.brahmakumaris.com/soul-sustenance/ss-hindi/rishton-ki-gunvatta-aur-madhurta-badhane-ke-10-prabhavshali-upay-bhag-2/,Setup 301 Redirect to Primary Page and remove duplicate from sitemap
100.0%,https://www.brahmakumaris.com/soul-sustenance/avoid-showing-off-and-experience-humility/,https://www.brahmakumaris.com/soul-sustenance/ss-hindi/%e0%a4%95%e0%a4%af-%e0%a4%86%e0%a4%aa%e0%a4%95-%e0%a4%86%e0%a4%a4%e0%a4%ae-%e0%a4%b8%e0%a4%ae%e0%a4%ae%e0%a4%a8-%e0%a4%b9%e0%a4%b0-%e0%a4%9c%e0%a4%a4-%e0%a4%aa%e0%a4%b0-%e0%a4%a8%e0%a4%b0%e0%a4%ad/,Setup 301 Redirect to Primary Page and remove duplicate from sitemap
100.0%,https://www.brahmakumaris.com/soul-sustenance/ss-hindi/apne-past-se-shekhein/,https://www.brahmakumaris.com/soul-sustenance/avoid-showing-off-and-experience-humility/,Setup 301 Redirect to Primary Page and remove duplicate from sitemap
100.0%,https://www.brahmakumaris.com/soul-sustenance/20th-february-soul-sustenance/,https://www.brahmakumaris.com/soul-sustenance/8-steps-on-the-road-to-success-part-1/,Setup 301 Redirect to Primary Page and remove duplicate from sitemap
100.0%,https://www.brahmakumaris.com/soul-sustenance/20th-february-soul-sustenance/,https://www.brahmakumaris.com/soul-sustenance/ss-hindi/har-kadam-par-nayapan-bhag-1/,Setup 301 Redirect to Primary Page and remove duplicate from sitemap
100.0%,https://www.brahmakumaris.com/soul-sustenance/25th-may-soul-sustenance/,https://www.brahmakumaris.com/soul-sustenance/20th-february-soul-sustenance/,Setup 301 Redirect to Primary Page and remove duplicate from sitemap
100.0%,https://www.brahmakumaris.com/soul-sustenance/20th-february-soul-sustenance/,https://www.brahmakumaris.com/soul-sustenance/start-influencing-stop-controlling/,Setup 301 Redirect to Primary Page and remove duplicate from sitemap
100.0%,https://www.brahmakumaris.com/soul-sustenance/01st-oct-soul-sustenance/,https://www.brahmakumaris.com/soul-sustenance/20th-february-soul-sustenance/,Setup 301 Redirect to Primary Page and remove duplicate from sitemap
100.0%,https://www.brahmakumaris.com/soul-sustenance/20th-february-soul-sustenance/,https://www.brahmakumaris.com/soul-sustenance/5-ways-to-bring-gods-wisdom-in-your-life/,Setup 301 Redirect to Primary Page and remove duplicate from sitemap
100.0%,https://www.brahmakumaris.com/soul-sustenance/20th-february-soul-sustenance/,https://www.brahmakumaris.com/soul-sustenance/ss-hindi/parmatm-saath-ke-labh/,Setup 301 Redirect to Primary Page and remove duplicate from sitemap
100.0%,https://www.brahmakumaris.com/soul-sustenance/10th-nov-soul-sustenance/,https://www.brahmakumaris.com/soul-sustenance/20th-february-soul-sustenance/,Setup 301 Redirect to Primary Page and remove duplicate from sitemap
100.0%,https://www.brahmakumaris.com/soul-sustenance/avoid-showing-off-and-experience-humility/,https://www.brahmakumaris.com/soul-sustenance/ss-hindi/perfect-relationship-ke-liye-aapsi-muddon-ko-suljhaein/,Setup 301 Redirect to Primary Page and remove duplicate from sitemap
100.0%,https://www.brahmakumaris.com/soul-sustenance/ss-hindi/main-karunga-naaki-koshish/,https://www.brahmakumaris.com/soul-sustenance/avoid-showing-off-and-experience-humility/,Setup 301 Redirect to Primary Page and remove duplicate from sitemap
100.0%,https://www.brahmakumaris.com/soul-sustenance/avoid-showing-off-and-experience-humility/,https://www.brahmakumaris.com/soul-sustenance/ss-hindi/kshmabhav-ka-sansar-create-karein-bhag-4/,Setup 301 Redirect to Primary Page and remove duplicate from sitemap
100.0%,https://www.brahmakumaris.com/soul-sustenance/avoid-showing-off-and-experience-humility/,https://www.brahmakumaris.com/soul-sustenance/7th-mar-2023-ss/,Setup 301 Redirect to Primary Page and remove duplicate from sitemap
100.0%,https://www.brahmakumaris.com/soul-sustenance/avoid-showing-off-and-experience-humility/,https://www.brahmakumaris.com/soul-sustenance/25th-jan-2023-ss/,Setup 301 Redirect to Primary Page and remove duplicate from sitemap
100.0%,https://www.brahmakumaris.com/soul-sustenance/avoid-showing-off-and-experience-humility/,https://www.brahmakumaris.com/soul-sustenance/connecting-to-god-with-the-umbilical-cord-of-meditation-part-3/,Setup 301 Redirect to Primary Page and remove duplicate from sitemap
100.0%,https://www.brahmakumaris.com/soul-sustenance/avoid-showing-off-and-experience-humility/,https://www.brahmakumaris.com/soul-sustenance/ss-hindi/ganesh-chaturthi-ki-divyata-aur-aadhyatmikta-bhag-2/,Setup 301 Redirect to Primary Page and remove duplicate from sitemap
100.0%,https://www.brahmakumaris.com/soul-sustenance/avoid-showing-off-and-experience-humility/,https://www.brahmakumaris.com/soul-sustenance/ss-hindi/apne-vyaktitva-mei-satytaa-laayein-bhag-3/,Setup 301 Redirect to Primary Page and remove duplicate from sitemap
100.0%,https://www.brahmakumaris.com/soul-sustenance/20th-february-soul-sustenance/,https://www.brahmakumaris.com/soul-sustenance/ruling-the-kingdom-of-the-mind-part-1/,Setup 301 Redirect to Primary Page and remove duplicate from sitemap
100.0%,https://www.brahmakumaris.com/soul-sustenance/31st-oct-soul-sustenance/,https://www.brahmakumaris.com/soul-sustenance/20th-february-soul-sustenance/,Setup 301 Redirect to Primary Page and remove duplicate from sitemap
100.0%,https://www.brahmakumaris.com/soul-sustenance/11th-march-soul-sustenance/,https://www.brahmakumaris.com/soul-sustenance/20th-february-soul-sustenance/,Setup 301 Redirect to Primary Page and remove duplicate from sitemap
100.0%,https://www.brahmakumaris.com/soul-sustenance/can-we-change-our-destiny/,https://www.brahmakumaris.com/soul-sustenance/20th-february-soul-sustenance/,Setup 301 Redirect to Primary Page and remove duplicate from sitemap
100.0%,https://www.brahmakumaris.com/soul-sustenance/14th-jul-soul-sustenance/,https://www.brahmakumaris.com/soul-sustenance/20th-february-soul-sustenance/,Setup 301 Redirect to Primary Page and remove duplicate from sitemap
100.0%,https://www.brahmakumaris.com/soul-sustenance/20th-february-soul-sustenance/,https://www.brahmakumaris.com/soul-sustenance/5-positive-affirmations-for-good-health/,Setup 301 Redirect to Primary Page and remove duplicate from sitemap
100.0%,https://www.brahmakumaris.com/soul-sustenance/you-can-change-any-habit/,https://www.brahmakumaris.com/soul-sustenance/20th-february-soul-sustenance/,Setup 301 Redirect to Primary Page and remove duplicate from sitemap
100.0%,https://www.brahmakumaris.com/soul-sustenance/20th-february-soul-sustenance/,https://www.brahmakumaris.com/soul-sustenance/18th-february-soul-sustenance/,Setup 301 Redirect to Primary Page and remove duplicate from sitemap
100.0%,https://www.brahmakumaris.com/soul-sustenance/29th-april-soul-sustenance/,https://www.brahmakumaris.com/soul-sustenance/avoid-showing-off-and-experience-humility/,Setup 301 Redirect to Primary Page and remove duplicate from sitemap
100.0%,https://www.brahmakumaris.com/soul-sustenance/avoid-showing-off-and-experience-humility/,https://www.brahmakumaris.com/soul-sustenance/ss-hindi/7th-apr-2023-ssh/,Setup 301 Redirect to Primary Page and remove duplicate from sitemap
100.0%,https://www.brahmakumaris.com/soul-sustenance/the-cycle-of-karmic-connections-part-1/,https://www.brahmakumaris.com/soul-sustenance/avoid-showing-off-and-experience-humility/,Setup 301 Redirect to Primary Page and remove duplicate from sitemap
100.0%,https://www.brahmakumaris.com/soul-sustenance/avoid-showing-off-and-experience-humility/,https://www.brahmakumaris.com/soul-sustenance/ss-hindi/7th-jun-2023-ssh/,Setup 301 Redirect to Primary Page and remove duplicate from sitemap
100.0%,https://www.brahmakumaris.com/soul-sustenance/avoid-showing-off-and-experience-humility/,https://www.brahmakumaris.com/soul-sustenance/ss-hindi/samay-ke-sath-shantipurn-rehna-1/,Setup 301 Redirect to Primary Page and remove duplicate from sitemap
100.0%,https://www.brahmakumaris.com/soul-sustenance/avoid-showing-off-and-experience-humility/,https://www.brahmakumaris.com/soul-sustenance/ss-hindi/achche-swasthya-ke-liye-5-positive-affirmation/,Setup 301 Redirect to Primary Page and remove duplicate from sitemap
100.0%,https://www.brahmakumaris.com/soul-sustenance/25th-jul-soul-sustenance/,https://www.brahmakumaris.com/soul-sustenance/avoid-showing-off-and-experience-humility/,Setup 301 Redirect to Primary Page and remove duplicate from sitemap
100.0%,https://www.brahmakumaris.com/soul-sustenance/20th-february-soul-sustenance/,https://www.brahmakumaris.com/soul-sustenance/give-yourself-an-emotional-detox/,Setup 301 Redirect to Primary Page and remove duplicate from sitemap
100.0%,https://www.brahmakumaris.com/soul-sustenance/20th-february-soul-sustenance/,https://www.brahmakumaris.com/soul-sustenance/ss-hindi/charitra-mein-sundarta-bhag-1/,Setup 301 Redirect to Primary Page and remove duplicate from sitemap
100.0%,https://www.brahmakumaris.com/soul-sustenance/20th-february-soul-sustenance/,https://www.brahmakumaris.com/soul-sustenance/ss-hindi/easy-rahein-busy-nahin/,Setup 301 Redirect to Primary Page and remove duplicate from sitemap
100.0%,https://www.brahmakumaris.com/soul-sustenance/ss-hindi/har-din-perfect-hei/,https://www.brahmakumaris.com/soul-sustenance/20th-february-soul-sustenance/,Setup 301 Redirect to Primary Page and remove duplicate from sitemap
100.0%,https://www.brahmakumaris.com/soul-sustenance/26th-jul-soul-sustenance/,https://www.brahmakumaris.com/soul-sustenance/20th-february-soul-sustenance/,Setup 301 Redirect to Primary Page and remove duplicate from sitemap
100.0%,https://www.brahmakumaris.com/soul-sustenance/learning-from-the-past/,https://www.brahmakumaris.com/soul-sustenance/20th-february-soul-sustenance/,Setup 301 Redirect to Primary Page and remove duplicate from sitemap
100.0%,https://www.brahmakumaris.com/soul-sustenance/28th-sep-soul-sustenance/,https://www.brahmakumaris.com/soul-sustenance/20th-february-soul-sustenance/,Setup 301 Redirect to Primary Page and remove duplicate from sitemap
100.0%,https://www.brahmakumaris.com/soul-sustenance/20th-february-soul-sustenance/,https://www.brahmakumaris.com/soul-sustenance/ss-hindi/samay-shrestha-healer-nahi-hei/,Setup 301 Redirect to Primary Page and remove duplicate from sitemap
100.0%,https://www.brahmakumaris.com/soul-sustenance/20th-aug-soul-sustenance/,https://www.brahmakumaris.com/soul-sustenance/20th-february-soul-sustenance/,Setup 301 Redirect to Primary Page and remove duplicate from sitemap
100.0%,https://www.brahmakumaris.com/soul-sustenance/14th-april-soul-sustenance/,https://www.brahmakumaris.com/soul-sustenance/20th-february-soul-sustenance/,Setup 301 Redirect to Primary Page and remove duplicate from sitemap
100.0%,https://www.brahmakumaris.com/soul-sustenance/27th-may-soul-sustenance/,https://www.brahmakumaris.com/soul-sustenance/20th-february-soul-sustenance/,Setup 301 Redirect to Primary Page and remove duplicate from sitemap
100.0%,https://www.brahmakumaris.com/soul-sustenance/10th-april-soul-sustenance/,https://www.brahmakumaris.com/soul-sustenance/20th-february-soul-sustenance/,Setup 301 Redirect to Primary Page and remove duplicate from sitemap
100.0%,https://www.brahmakumaris.com/soul-sustenance/26th-april-soul-sustenance/,https://www.brahmakumaris.com/soul-sustenance/20th-february-soul-sustenance/,Setup 301 Redirect to Primary Page and remove duplicate from sitemap
100.0%,https://www.brahmakumaris.com/soul-sustenance/20th-february-soul-sustenance/,https://www.brahmakumaris.com/soul-sustenance/ss-hindi/nishwarth-prem-ka-arth/,Setup 301 Redirect to Primary Page and remove duplicate from sitemap
100.0%,https://www.brahmakumaris.com/soul-sustenance/06th-sep-soul-sustenance/,https://www.brahmakumaris.com/soul-sustenance/20th-february-soul-sustenance/,Setup 301 Redirect to Primary Page and remove duplicate from sitemap
100.0%,https://www.brahmakumaris.com/soul-sustenance/20th-february-soul-sustenance/,https://www.brahmakumaris.com/soul-sustenance/ss-hindi/vishva-natak-antim-padav-par/,Setup 301 Redirect to Primary Page and remove duplicate from sitemap
100.0%,https://www.brahmakumaris.com/soul-sustenance/24th-oct-soul-sustenance/,https://www.brahmakumaris.com/soul-sustenance/20th-february-soul-sustenance/,Setup 301 Redirect to Primary Page and remove duplicate from sitemap
100.0%,https://www.brahmakumaris.com/soul-sustenance/writing-a-gratitude-diary/,https://www.brahmakumaris.com/soul-sustenance/20th-february-soul-sustenance/,Setup 301 Redirect to Primary Page and remove duplicate from sitemap
100.0%,https://www.brahmakumaris.com/soul-sustenance/04th-oct-soul-sustenance/,https://www.brahmakumaris.com/soul-sustenance/20th-february-soul-sustenance/,Setup 301 Redirect to Primary Page and remove duplicate from sitemap
100.0%,https://www.brahmakumaris.com/soul-sustenance/20th-february-soul-sustenance/,https://www.brahmakumaris.com/soul-sustenance/ss-hindi/mood-swing-se-bachein/,Setup 301 Redirect to Primary Page and remove duplicate from sitemap
100.0%,https://www.brahmakumaris.com/soul-sustenance/20th-february-soul-sustenance/,https://www.brahmakumaris.com/soul-sustenance/ss-hindi/aapka-man-bhi-ek-bachcha-hai/,Setup 301 Redirect to Primary Page and remove duplicate from sitemap
100.0%,https://www.brahmakumaris.com/soul-sustenance/09th-sep-soul-sustenance/,https://www.brahmakumaris.com/soul-sustenance/20th-february-soul-sustenance/,Setup 301 Redirect to Primary Page and remove duplicate from sitemap
100.0%,https://www.brahmakumaris.com/soul-sustenance/20th-february-soul-sustenance/,https://www.brahmakumaris.com/soul-sustenance/handling-rejection-from-loved-ones/,Setup 301 Redirect to Primary Page and remove duplicate from sitemap
100.0%,https://www.brahmakumaris.com/soul-sustenance/20th-february-soul-sustenance/,https://www.brahmakumaris.com/soul-sustenance/ss-hindi/aatma-ke-liye-jaruri-7-vitamins/,Setup 301 Redirect to Primary Page and remove duplicate from sitemap
100.0%,https://www.brahmakumaris.com/soul-sustenance/24th-may-soul-sustenance/,https://www.brahmakumaris.com/soul-sustenance/20th-february-soul-sustenance/,Setup 301 Redirect to Primary Page and remove duplicate from sitemap
100.0%,https://www.brahmakumaris.com/soul-sustenance/balance-5-types-of-health/,https://www.brahmakumaris.com/soul-sustenance/20th-february-soul-sustenance/,Setup 301 Redirect to Primary Page and remove duplicate from sitemap
100.0%,https://www.brahmakumaris.com/soul-sustenance/29th-sep-soul-sustenance/,https://www.brahmakumaris.com/soul-sustenance/20th-february-soul-sustenance/,Setup 301 Redirect to Primary Page and remove duplicate from sitemap
100.0%,https://www.brahmakumaris.com/soul-sustenance/22nd-aug-soul-sustenance/,https://www.brahmakumaris.com/soul-sustenance/20th-february-soul-sustenance/,Setup 301 Redirect to Primary Page and remove duplicate from sitemap
100.0%,https://www.brahmakumaris.com/soul-sustenance/20th-february-soul-sustenance/,https://www.brahmakumaris.com/soul-sustenance/relationships-are-built-by-thoughts/,Setup 301 Redirect to Primary Page and remove duplicate from sitemap
100.0%,https://www.brahmakumaris.com/soul-sustenance/07th-may-soul-sustenance/,https://www.brahmakumaris.com/soul-sustenance/20th-february-soul-sustenance/,Setup 301 Redirect to Primary Page and remove duplicate from sitemap
100.0%,https://www.brahmakumaris.com/soul-sustenance/10th-may-soul-sustenance/,https://www.brahmakumaris.com/soul-sustenance/20th-february-soul-sustenance/,Setup 301 Redirect to Primary Page and remove duplicate from sitemap
100.0%,https://www.brahmakumaris.com/soul-sustenance/ss-hindi/krutagyata-ka-bhav/,https://www.brahmakumaris.com/soul-sustenance/20th-february-soul-sustenance/,Setup 301 Redirect to Primary Page and remove duplicate from sitemap
100.0%,https://www.brahmakumaris.com/soul-sustenance/13th-march-soul-sustenance/,https://www.brahmakumaris.com/soul-sustenance/20th-february-soul-sustenance/,Setup 301 Redirect to Primary Page and remove duplicate from sitemap
100.0%,https://www.brahmakumaris.com/soul-sustenance/20th-february-soul-sustenance/,https://www.brahmakumaris.com/soul-sustenance/ss-hindi/chetna-ki-shuddhi-bhag-1/,Setup 301 Redirect to Primary Page and remove duplicate from sitemap
100.0%,https://www.brahmakumaris.com/soul-sustenance/20th-february-soul-sustenance/,https://www.brahmakumaris.com/soul-sustenance/delegating-responsibilities-to-others/,Setup 301 Redirect to Primary Page and remove duplicate from sitemap
100.0%,https://www.brahmakumaris.com/soul-sustenance/20th-february-soul-sustenance/,https://www.brahmakumaris.com/soul-sustenance/beautiful-intentions-create-good-karma/,Setup 301 Redirect to Primary Page and remove duplicate from sitemap
100.0%,https://www.brahmakumaris.com/soul-sustenance/26th-nov-soul-sustenance/,https://www.brahmakumaris.com/soul-sustenance/20th-february-soul-sustenance/,Setup 301 Redirect to Primary Page and remove duplicate from sitemap
100.0%,https://www.brahmakumaris.com/soul-sustenance/,https://www.brahmakumaris.com/soul-sustenance/20th-february-soul-sustenance/,Setup 301 Redirect to Primary Page and remove duplicate from sitemap
100.0%,https://www.brahmakumaris.com/soul-sustenance/04th-aug-soul-sustenance/,https://www.brahmakumaris.com/soul-sustenance/20th-february-soul-sustenance/,Setup 301 Redirect to Primary Page and remove duplicate from sitemap
100.0%,https://www.brahmakumaris.com/soul-sustenance/16th-oct-soul-sustenance/,https://www.brahmakumaris.com/soul-sustenance/20th-february-soul-sustenance/,Setup 301 Redirect to Primary Page and remove duplicate from sitemap
100.0%,https://www.brahmakumaris.com/soul-sustenance/20th-february-soul-sustenance/,https://www.brahmakumaris.com/soul-sustenance/ss-hindi/hamesha-santusht-kaise-rahein/,Setup 301 Redirect to Primary Page and remove duplicate from sitemap
100.0%,https://www.brahmakumaris.com/soul-sustenance/20th-february-soul-sustenance/,https://www.brahmakumaris.com/soul-sustenance/creating-an-india-of-gods-vision-part-1/,Setup 301 Redirect to Primary Page and remove duplicate from sitemap
100.0%,https://www.brahmakumaris.com/soul-sustenance/20th-february-soul-sustenance/,https://www.brahmakumaris.com/soul-sustenance/19th-february-soul-sustenance/,Setup 301 Redirect to Primary Page and remove duplicate from sitemap
100.0%,https://www.brahmakumaris.com/soul-sustenance/20th-february-soul-sustenance/,https://www.brahmakumaris.com/soul-sustenance/ss-hindi/apne-sukh-baantein-dukh-nahi/,Setup 301 Redirect to Primary Page and remove duplicate from sitemap
100.0%,https://www.brahmakumaris.com/soul-sustenance/24th-sep-soul-sustenance/,https://www.brahmakumaris.com/soul-sustenance/20th-february-soul-sustenance/,Setup 301 Redirect to Primary Page and remove duplicate from sitemap
100.0%,https://www.brahmakumaris.com/soul-sustenance/20th-february-soul-sustenance/,https://www.brahmakumaris.com/soul-sustenance/5-beautiful-aspects-of-success-part-1/,Setup 301 Redirect to Primary Page and remove duplicate from sitemap
100.0%,https://www.brahmakumaris.com/soul-sustenance/everyday-is-a-perfect-day/,https://www.brahmakumaris.com/soul-sustenance/20th-february-soul-sustenance/,Setup 301 Redirect to Primary Page and remove duplicate from sitemap
100.0%,https://www.brahmakumaris.com/soul-sustenance/03rd-nov-soul-sustenance/,https://www.brahmakumaris.com/soul-sustenance/20th-february-soul-sustenance/,Setup 301 Redirect to Primary Page and remove duplicate from sitemap
100.0%,https://www.brahmakumaris.com/soul-sustenance/20th-february-soul-sustenance/,https://www.brahmakumaris.com/soul-sustenance/why-do-we-need-spirituality-in-our-lives/,Setup 301 Redirect to Primary Page and remove duplicate from sitemap
100.0%,https://www.brahmakumaris.com/soul-sustenance/20th-february-soul-sustenance/,https://www.brahmakumaris.com/soul-sustenance/overcome-addiction-to-gadgets/,Setup 301 Redirect to Primary Page and remove duplicate from sitemap
100.0%,https://www.brahmakumaris.com/soul-sustenance/20th-february-soul-sustenance/,https://www.brahmakumaris.com/soul-sustenance/ss-hindi/sab-ko-unconditional-pyaar-dein/,Setup 301 Redirect to Primary Page and remove duplicate from sitemap
100.0%,https://www.brahmakumaris.com/soul-sustenance/20th-february-soul-sustenance/,https://www.brahmakumaris.com/soul-sustenance/lets-unite-with-god-in-his-task/,Setup 301 Redirect to Primary Page and remove duplicate from sitemap
100.0%,https://www.brahmakumaris.com/soul-sustenance/02nd-nov-soul-sustenance/,https://www.brahmakumaris.com/soul-sustenance/20th-february-soul-sustenance/,Setup 301 Redirect to Primary Page and remove duplicate from sitemap
100.0%,https://www.brahmakumaris.com/soul-sustenance/20th-february-soul-sustenance/,https://www.brahmakumaris.com/soul-sustenance/ss-hindi/adheerta-ko-kaise-deal-karien/,Setup 301 Redirect to Primary Page and remove duplicate from sitemap
100.0%,https://www.brahmakumaris.com/soul-sustenance/11th-aug-soul-sustenance/,https://www.brahmakumaris.com/soul-sustenance/20th-february-soul-sustenance/,Setup 301 Redirect to Primary Page and remove duplicate from sitemap
100.0%,https://www.brahmakumaris.com/soul-sustenance/23rd-march-soul-sustenance/,https://www.brahmakumaris.com/soul-sustenance/20th-february-soul-sustenance/,Setup 301 Redirect to Primary Page and remove duplicate from sitemap
100.0%,https://www.brahmakumaris.com/soul-sustenance/19th-may-soul-sustenance/,https://www.brahmakumaris.com/soul-sustenance/20th-february-soul-sustenance/,Setup 301 Redirect to Primary Page and remove duplicate from sitemap
100.0%,https://www.brahmakumaris.com/soul-sustenance/accepting-failures-with-ease/,https://www.brahmakumaris.com/soul-sustenance/20th-february-soul-sustenance/,Setup 301 Redirect to Primary Page and remove duplicate from sitemap
100.0%,https://www.brahmakumaris.com/soul-sustenance/20th-february-soul-sustenance/,https://www.brahmakumaris.com/soul-sustenance/keeping-a-worry-free-consciousness/,Setup 301 Redirect to Primary Page and remove duplicate from sitemap
100.0%,https://www.brahmakumaris.com/soul-sustenance/24th-jul-soul-sustenance/,https://www.brahmakumaris.com/soul-sustenance/20th-february-soul-sustenance/,Setup 301 Redirect to Primary Page and remove duplicate from sitemap
100.0%,https://www.brahmakumaris.com/soul-sustenance/hold-on-to-your-values/,https://www.brahmakumaris.com/soul-sustenance/20th-february-soul-sustenance/,Setup 301 Redirect to Primary Page and remove duplicate from sitemap
100.0%,https://www.brahmakumaris.com/soul-sustenance/29th-nov-soul-sustenance/,https://www.brahmakumaris.com/soul-sustenance/20th-february-soul-sustenance/,Setup 301 Redirect to Primary Page and remove duplicate from sitemap
100.0%,https://www.brahmakumaris.com/soul-sustenance/21st-nov-soul-sustenance/,https://www.brahmakumaris.com/soul-sustenance/20th-february-soul-sustenance/,Setup 301 Redirect to Primary Page and remove duplicate from sitemap
100.0%,https://www.brahmakumaris.com/soul-sustenance/15th-oct-soul-sustenance/,https://www.brahmakumaris.com/soul-sustenance/20th-february-soul-sustenance/,Setup 301 Redirect to Primary Page and remove duplicate from sitemap
100.0%,https://www.brahmakumaris.com/soul-sustenance/20th-february-soul-sustenance/,https://www.brahmakumaris.com/soul-sustenance/seeking-perfection-in-other-people/,Setup 301 Redirect to Primary Page and remove duplicate from sitemap
100.0%,https://www.brahmakumaris.com/soul-sustenance/20th-february-soul-sustenance/,https://www.brahmakumaris.com/soul-sustenance/start-feeling-peoples-vibrations/,Setup 301 Redirect to Primary Page and remove duplicate from sitemap
100.0%,https://www.brahmakumaris.com/soul-sustenance/20th-february-soul-sustenance/,https://www.brahmakumaris.com/soul-sustenance/emotional-independence-from-people/,Setup 301 Redirect to Primary Page and remove duplicate from sitemap
100.0%,https://www.brahmakumaris.com/soul-sustenance/18th-june-soul-sustenance/,https://www.brahmakumaris.com/soul-sustenance/20th-february-soul-sustenance/,Setup 301 Redirect to Primary Page and remove duplicate from sitemap
100.0%,https://www.brahmakumaris.com/soul-sustenance/27th-oct-soul-sustenance/,https://www.brahmakumaris.com/soul-sustenance/20th-february-soul-sustenance/,Setup 301 Redirect to Primary Page and remove duplicate from sitemap
100.0%,https://www.brahmakumaris.com/soul-sustenance/6th-april-soul-sustenance/,https://www.brahmakumaris.com/soul-sustenance/20th-february-soul-sustenance/,Setup 301 Redirect to Primary Page and remove duplicate from sitemap
100.0%,https://www.brahmakumaris.com/soul-sustenance/20th-february-soul-sustenance/,https://www.brahmakumaris.com/soul-sustenance/slow-down-dont-rush-through-life/,Setup 301 Redirect to Primary Page and remove duplicate from sitemap
100.0%,https://www.brahmakumaris.com/soul-sustenance/3rd-march-soul-sustenance/,https://www.brahmakumaris.com/soul-sustenance/20th-february-soul-sustenance/,Setup 301 Redirect to Primary Page and remove duplicate from sitemap
100.0%,https://www.brahmakumaris.com/soul-sustenance/2nd-april-soul-sustenance/,https://www.brahmakumaris.com/soul-sustenance/20th-february-soul-sustenance/,Setup 301 Redirect to Primary Page and remove duplicate from sitemap
100.0%,https://www.brahmakumaris.com/soul-sustenance/20th-february-soul-sustenance/,https://www.brahmakumaris.com/soul-sustenance/ss-hindi/tanaav-rahit-jeevan-jiyein/,Setup 301 Redirect to Primary Page and remove duplicate from sitemap
100.0%,https://www.brahmakumaris.com/soul-sustenance/20th-june-soul-sustenance/,https://www.brahmakumaris.com/soul-sustenance/20th-february-soul-sustenance/,Setup 301 Redirect to Primary Page and remove duplicate from sitemap
100.0%,https://www.brahmakumaris.com/soul-sustenance/20th-february-soul-sustenance/,https://www.brahmakumaris.com/soul-sustenance/14th-february-soul-sustenance/,Setup 301 Redirect to Primary Page and remove duplicate from sitemap
100.0%,https://www.brahmakumaris.com/soul-sustenance/5th-march-soul-sustenance/,https://www.brahmakumaris.com/soul-sustenance/20th-february-soul-sustenance/,Setup 301 Redirect to Primary Page and remove duplicate from sitemap
100.0%,https://www.brahmakumaris.com/soul-sustenance/20th-february-soul-sustenance/,https://www.brahmakumaris.com/soul-sustenance/consciousness-cleansing-part-1/,Setup 301 Redirect to Primary Page and remove duplicate from sitemap
100.0%,https://www.brahmakumaris.com/soul-sustenance/9th-april-soul-sustenance/,https://www.brahmakumaris.com/soul-sustenance/20th-february-soul-sustenance/,Setup 301 Redirect to Primary Page and remove duplicate from sitemap
100.0%,https://www.brahmakumaris.com/soul-sustenance/12th-may-soul-sustenance/,https://www.brahmakumaris.com/soul-sustenance/20th-february-soul-sustenance/,Setup 301 Redirect to Primary Page and remove duplicate from sitemap
100.0%,https://www.brahmakumaris.com/soul-sustenance/have-clarity-no-confusions/,https://www.brahmakumaris.com/soul-sustenance/20th-february-soul-sustenance/,Setup 301 Redirect to Primary Page and remove duplicate from sitemap
100.0%,https://www.brahmakumaris.com/soul-sustenance/20th-february-soul-sustenance/,https://www.brahmakumaris.com/soul-sustenance/freeing-yourself-from-hatred-for-anyone/,Setup 301 Redirect to Primary Page and remove duplicate from sitemap
100.0%,https://www.brahmakumaris.com/soul-sustenance/19th-april-soul-sustenance/,https://www.brahmakumaris.com/soul-sustenance/20th-february-soul-sustenance/,Setup 301 Redirect to Primary Page and remove duplicate from sitemap
100.0%,https://www.brahmakumaris.com/soul-sustenance/14th-may-soul-sustenance/,https://www.brahmakumaris.com/soul-sustenance/20th-february-soul-sustenance/,Setup 301 Redirect to Primary Page and remove duplicate from sitemap
100.0%,https://www.brahmakumaris.com/soul-sustenance/31st-march-soul-sustenance/,https://www.brahmakumaris.com/soul-sustenance/20th-february-soul-sustenance/,Setup 301 Redirect to Primary Page and remove duplicate from sitemap
100.0%,https://www.brahmakumaris.com/soul-sustenance/20th-february-soul-sustenance/,https://www.brahmakumaris.com/soul-sustenance/law-of-attraction-we-get-what-we-are/,Setup 301 Redirect to Primary Page and remove duplicate from sitemap
100.0%,https://www.brahmakumaris.com/soul-sustenance/20th-february-soul-sustenance/,https://www.brahmakumaris.com/soul-sustenance/ss-hindi/atma-samman-badhane-ke-tarike/,Setup 301 Redirect to Primary Page and remove duplicate from sitemap
100.0%,https://www.brahmakumaris.com/soul-sustenance/20th-february-soul-sustenance/,https://www.brahmakumaris.com/soul-sustenance/traffic-jam-on-the-road-or-in-the-mind/,Setup 301 Redirect to Primary Page and remove duplicate from sitemap
100.0%,https://www.brahmakumaris.com/soul-sustenance/23rd-april-soul-sustenance/,https://www.brahmakumaris.com/soul-sustenance/20th-february-soul-sustenance/,Setup 301 Redirect to Primary Page and remove duplicate from sitemap
100.0%,https://www.brahmakumaris.com/soul-sustenance/05th-aug-soul-sustenance/,https://www.brahmakumaris.com/soul-sustenance/20th-february-soul-sustenance/,Setup 301 Redirect to Primary Page and remove duplicate from sitemap
100.0%,https://www.brahmakumaris.com/soul-sustenance/20th-february-soul-sustenance/,https://www.brahmakumaris.com/soul-sustenance/17th-february-soul-sustenance/,Setup 301 Redirect to Primary Page and remove duplicate from sitemap
100.0%,https://www.brahmakumaris.com/soul-sustenance/20th-february-soul-sustenance/,https://www.brahmakumaris.com/soul-sustenance/ss-hindi/karm-bandhano-ka-chakra-bhag-1/,Setup 301 Redirect to Primary Page and remove duplicate from sitemap
100.0%,https://www.brahmakumaris.com/soul-sustenance/11th-oct-soul-sustenance/,https://www.brahmakumaris.com/soul-sustenance/20th-february-soul-sustenance/,Setup 301 Redirect to Primary Page and remove duplicate from sitemap
100.0%,https://www.brahmakumaris.com/soul-sustenance/18th-oct-soul-sustenance/,https://www.brahmakumaris.com/soul-sustenance/20th-february-soul-sustenance/,Setup 301 Redirect to Primary Page and remove duplicate from sitemap
100.0%,https://www.brahmakumaris.com/soul-sustenance/15th-nov-soul-sustenance/,https://www.brahmakumaris.com/soul-sustenance/20th-february-soul-sustenance/,Setup 301 Redirect to Primary Page and remove duplicate from sitemap
100.0%,https://www.brahmakumaris.com/soul-sustenance/15th-may-soul-sustenance/,https://www.brahmakumaris.com/soul-sustenance/20th-february-soul-sustenance/,Setup 301 Redirect to Primary Page and remove duplicate from sitemap
100.0%,https://www.brahmakumaris.com/soul-sustenance/20th-february-soul-sustenance/,https://www.brahmakumaris.com/soul-sustenance/inhale-strengths-exhale-weaknesses/,Setup 301 Redirect to Primary Page and remove duplicate from sitemap
100.0%,https://www.brahmakumaris.com/soul-sustenance/20th-february-soul-sustenance/,https://www.brahmakumaris.com/soul-sustenance/ss-hindi/holi-ke-aadhyatmik-rang/,Setup 301 Redirect to Primary Page and remove duplicate from sitemap
100.0%,https://www.brahmakumaris.com/soul-sustenance/16th-may-soul-sustenance/,https://www.brahmakumaris.com/soul-sustenance/20th-february-soul-sustenance/,Setup 301 Redirect to Primary Page and remove duplicate from sitemap
100.0%,https://www.brahmakumaris.com/soul-sustenance/5th-april-soul-sustenance/,https://www.brahmakumaris.com/soul-sustenance/20th-february-soul-sustenance/,Setup 301 Redirect to Primary Page and remove duplicate from sitemap
100.0%,https://www.brahmakumaris.com/soul-sustenance/20th-february-soul-sustenance/,https://www.brahmakumaris.com/soul-sustenance/ss-hindi/hamesha-khush-rahne-ke-5-steps/,Setup 301 Redirect to Primary Page and remove duplicate from sitemap
100.0%,https://www.brahmakumaris.com/soul-sustenance/22nd-june-soul-sustenance/,https://www.brahmakumaris.com/soul-sustenance/20th-february-soul-sustenance/,Setup 301 Redirect to Primary Page and remove duplicate from sitemap
100.0%,https://www.brahmakumaris.com/soul-sustenance/20th-february-soul-sustenance/,https://www.brahmakumaris.com/soul-sustenance/being-determined-to-be-who-you-are/,Setup 301 Redirect to Primary Page and remove duplicate from sitemap
100.0%,https://www.brahmakumaris.com/soul-sustenance/20th-february-soul-sustenance/,https://www.brahmakumaris.com/soul-sustenance/india-the-golden-sparrow-of-the-world/,Setup 301 Redirect to Primary Page and remove duplicate from sitemap
100.0%,https://www.brahmakumaris.com/soul-sustenance/19th-sep-soul-sustenance/,https://www.brahmakumaris.com/soul-sustenance/20th-february-soul-sustenance/,Setup 301 Redirect to Primary Page and remove duplicate from sitemap
100.0%,https://www.brahmakumaris.com/soul-sustenance/20th-nov-soul-sustenance/,https://www.brahmakumaris.com/soul-sustenance/20th-february-soul-sustenance/,Setup 301 Redirect to Primary Page and remove duplicate from sitemap
100.0%,https://www.brahmakumaris.com/soul-sustenance/20th-february-soul-sustenance/,https://www.brahmakumaris.com/soul-sustenance/overcome-frustration-a-form-of-anger/,Setup 301 Redirect to Primary Page and remove duplicate from sitemap
100.0%,https://www.brahmakumaris.com/soul-sustenance/20th-february-soul-sustenance/,https://www.brahmakumaris.com/soul-sustenance/ss-hindi/10-pearls-of-meditation-bhag-1/,Setup 301 Redirect to Primary Page and remove duplicate from sitemap
100.0%,https://www.brahmakumaris.com/soul-sustenance/05th-jul-soul-sustenance/,https://www.brahmakumaris.com/soul-sustenance/20th-february-soul-sustenance/,Setup 301 Redirect to Primary Page and remove duplicate from sitemap
100.0%,https://www.brahmakumaris.com/soul-sustenance/20th-february-soul-sustenance/,https://www.brahmakumaris.com/soul-sustenance/5-benefits-of-making-god-our-best-friend/,Setup 301 Redirect to Primary Page and remove duplicate from sitemap
100.0%,https://www.brahmakumaris.com/soul-sustenance/20th-february-soul-sustenance/,https://www.brahmakumaris.com/soul-sustenance/meet-people-with-a-clean-slate/,Setup 301 Redirect to Primary Page and remove duplicate from sitemap
100.0%,https://www.brahmakumaris.com/soul-sustenance/20th-february-soul-sustenance/,https://www.brahmakumaris.com/soul-sustenance/23rd-february-soul-sustenance/,Setup 301 Redirect to Primary Page and remove duplicate from sitemap
100.0%,https://www.brahmakumaris.com/soul-sustenance/19th-oct-soul-sustenance/,https://www.brahmakumaris.com/soul-sustenance/20th-february-soul-sustenance/,Setup 301 Redirect to Primary Page and remove duplicate from sitemap
100.0%,https://www.brahmakumaris.com/soul-sustenance/20th-february-soul-sustenance/,https://www.brahmakumaris.com/soul-sustenance/ss-hindi/din-ke-har-pal-ko-kimti-banaein/,Setup 301 Redirect to Primary Page and remove duplicate from sitemap
100.0%,https://www.brahmakumaris.com/soul-sustenance/is-reincarnation-a-reality/,https://www.brahmakumaris.com/soul-sustenance/20th-february-soul-sustenance/,Setup 301 Redirect to Primary Page and remove duplicate from sitemap
100.0%,https://www.brahmakumaris.com/soul-sustenance/18th-march-soul-sustenance/,https://www.brahmakumaris.com/soul-sustenance/20th-february-soul-sustenance/,Setup 301 Redirect to Primary Page and remove duplicate from sitemap
100.0%,https://www.brahmakumaris.com/soul-sustenance/20th-february-soul-sustenance/,https://www.brahmakumaris.com/soul-sustenance/make-a-to-be-list-and-check-it-everyday/,Setup 301 Redirect to Primary Page and remove duplicate from sitemap
100.0%,https://www.brahmakumaris.com/soul-sustenance/20th-february-soul-sustenance/,https://www.brahmakumaris.com/soul-sustenance/role-of-women-in-transforming-the-world/,Setup 301 Redirect to Primary Page and remove duplicate from sitemap
100.0%,https://www.brahmakumaris.com/soul-sustenance/20th-february-soul-sustenance/,https://www.brahmakumaris.com/soul-sustenance/discriminating-right-from-wrong-wisely/,Setup 301 Redirect to Primary Page and remove duplicate from sitemap
100.0%,https://www.brahmakumaris.com/soul-sustenance/15th-march-soul-sustenance/,https://www.brahmakumaris.com/soul-sustenance/20th-february-soul-sustenance/,Setup 301 Redirect to Primary Page and remove duplicate from sitemap
100.0%,https://www.brahmakumaris.com/soul-sustenance/23rd-oct-soul-sustenance/,https://www.brahmakumaris.com/soul-sustenance/20th-february-soul-sustenance/,Setup 301 Redirect to Primary Page and remove duplicate from sitemap
100.0%,https://www.brahmakumaris.com/soul-sustenance/20th-february-soul-sustenance/,https://www.brahmakumaris.com/soul-sustenance/the-art-of-respecting-your-body/,Setup 301 Redirect to Primary Page and remove duplicate from sitemap
100.0%,https://www.brahmakumaris.com/soul-sustenance/20th-february-soul-sustenance/,https://www.brahmakumaris.com/soul-sustenance/your-mind-is-your-inner-child/,Setup 301 Redirect to Primary Page and remove duplicate from sitemap
100.0%,https://www.brahmakumaris.com/soul-sustenance/20th-february-soul-sustenance/,https://www.brahmakumaris.com/soul-sustenance/the-hurting-of-the-ego-part-1/,Setup 301 Redirect to Primary Page and remove duplicate from sitemap
100.0%,https://www.brahmakumaris.com/soul-sustenance/freedom-from-guilt/,https://www.brahmakumaris.com/soul-sustenance/20th-february-soul-sustenance/,Setup 301 Redirect to Primary Page and remove duplicate from sitemap
100.0%,https://www.brahmakumaris.com/soul-sustenance/release-your-expectations/,https://www.brahmakumaris.com/soul-sustenance/20th-february-soul-sustenance/,Setup 301 Redirect to Primary Page and remove duplicate from sitemap
100.0%,https://www.brahmakumaris.com/soul-sustenance/20th-february-soul-sustenance/,https://www.brahmakumaris.com/soul-sustenance/ss-hindi/niswarth-prem-ki-sundarta/,Setup 301 Redirect to Primary Page and remove duplicate from sitemap
100.0%,https://www.brahmakumaris.com/soul-sustenance/27th-june-soul-sustenance/,https://www.brahmakumaris.com/soul-sustenance/20th-february-soul-sustenance/,Setup 301 Redirect to Primary Page and remove duplicate from sitemap
100.0%,https://www.brahmakumaris.com/soul-sustenance/20th-february-soul-sustenance/,https://www.brahmakumaris.com/soul-sustenance/ss-hindi/gyan-ko-vivek-mei-badlein/,Setup 301 Redirect to Primary Page and remove duplicate from sitemap
100.0%,https://www.brahmakumaris.com/soul-sustenance/20th-february-soul-sustenance/,https://www.brahmakumaris.com/soul-sustenance/creating-a-world-of-forgiveness-part-4/,Setup 301 Redirect to Primary Page and remove duplicate from sitemap
100.0%,https://www.brahmakumaris.com/soul-sustenance/20th-february-soul-sustenance/,https://www.brahmakumaris.com/soul-sustenance/rest-refresh-and-rejuvenate-your-mind/,Setup 301 Redirect to Primary Page and remove duplicate from sitemap
100.0%,https://www.brahmakumaris.com/soul-sustenance/20th-february-soul-sustenance/,https://www.brahmakumaris.com/soul-sustenance/life-is-always-fair-dont-call-it-unfair/,Setup 301 Redirect to Primary Page and remove duplicate from sitemap
100.0%,https://www.brahmakumaris.com/soul-sustenance/20th-february-soul-sustenance/,https://www.brahmakumaris.com/soul-sustenance/give-blessings-receive-blessings/,Setup 301 Redirect to Primary Page and remove duplicate from sitemap
100.0%,https://www.brahmakumaris.com/soul-sustenance/27th-jul-soul-sustenance/,https://www.brahmakumaris.com/soul-sustenance/20th-february-soul-sustenance/,Setup 301 Redirect to Primary Page and remove duplicate from sitemap
100.0%,https://www.brahmakumaris.com/soul-sustenance/20th-february-soul-sustenance/,https://www.brahmakumaris.com/soul-sustenance/earning-money-along-with-blessings/,Setup 301 Redirect to Primary Page and remove duplicate from sitemap
100.0%,https://www.brahmakumaris.com/soul-sustenance/04th-jul-soul-sustenance/,https://www.brahmakumaris.com/soul-sustenance/20th-february-soul-sustenance/,Setup 301 Redirect to Primary Page and remove duplicate from sitemap
100.0%,https://www.brahmakumaris.com/soul-sustenance/20th-february-soul-sustenance/,https://www.brahmakumaris.com/soul-sustenance/21st-february-soul-sustenance/,Setup 301 Redirect to Primary Page and remove duplicate from sitemap
100.0%,https://www.brahmakumaris.com/soul-sustenance/time-cannot-heal/,https://www.brahmakumaris.com/soul-sustenance/20th-february-soul-sustenance/,Setup 301 Redirect to Primary Page and remove duplicate from sitemap
100.0%,https://www.brahmakumaris.com/soul-sustenance/03rd-aug-soul-sustenance/,https://www.brahmakumaris.com/soul-sustenance/20th-february-soul-sustenance/,Setup 301 Redirect to Primary Page and remove duplicate from sitemap
100.0%,https://www.brahmakumaris.com/soul-sustenance/15th-sep-soul-sustenance/,https://www.brahmakumaris.com/soul-sustenance/20th-february-soul-sustenance/,Setup 301 Redirect to Primary Page and remove duplicate from sitemap
100.0%,https://www.brahmakumaris.com/soul-sustenance/20th-february-soul-sustenance/,https://www.brahmakumaris.com/soul-sustenance/ss-hindi/karmon-par-dhyan-dein/,Setup 301 Redirect to Primary Page and remove duplicate from sitemap
100.0%,https://www.brahmakumaris.com/soul-sustenance/20th-february-soul-sustenance/,https://www.brahmakumaris.com/soul-sustenance/heal-your-mind-to-heal-your-body/,Setup 301 Redirect to Primary Page and remove duplicate from sitemap
100.0%,https://www.brahmakumaris.com/soul-sustenance/20th-february-soul-sustenance/,https://www.brahmakumaris.com/soul-sustenance/adopting-a-clutter-free-lifestyle/,Setup 301 Redirect to Primary Page and remove duplicate from sitemap
100.0%,https://www.brahmakumaris.com/soul-sustenance/04th-june-soul-sustenance/,https://www.brahmakumaris.com/soul-sustenance/20th-february-soul-sustenance/,Setup 301 Redirect to Primary Page and remove duplicate from sitemap
100.0%,https://www.brahmakumaris.com/soul-sustenance/20th-february-soul-sustenance/,https://www.brahmakumaris.com/soul-sustenance/ss-hindi/nirbheek-banne-ke-5-tarike/,Setup 301 Redirect to Primary Page and remove duplicate from sitemap
100.0%,https://www.brahmakumaris.com/soul-sustenance/5-ways-to-become-fearless/,https://www.brahmakumaris.com/soul-sustenance/20th-february-soul-sustenance/,Setup 301 Redirect to Primary Page and remove duplicate from sitemap
100.0%,https://www.brahmakumaris.com/soul-sustenance/20th-february-soul-sustenance/,https://www.brahmakumaris.com/soul-sustenance/27th-february-soul-sustenance/,Setup 301 Redirect to Primary Page and remove duplicate from sitemap
100.0%,https://www.brahmakumaris.com/soul-sustenance/6th-march-soul-sustenance/,https://www.brahmakumaris.com/soul-sustenance/20th-february-soul-sustenance/,Setup 301 Redirect to Primary Page and remove duplicate from sitemap
100.0%,https://www.brahmakumaris.com/soul-sustenance/20th-february-soul-sustenance/,https://www.brahmakumaris.com/soul-sustenance/5-positive-affirmations-for-youth/,Setup 301 Redirect to Primary Page and remove duplicate from sitemap
100.0%,https://www.brahmakumaris.com/soul-sustenance/15th-june-soul-sustenance/,https://www.brahmakumaris.com/soul-sustenance/20th-february-soul-sustenance/,Setup 301 Redirect to Primary Page and remove duplicate from sitemap
100.0%,https://www.brahmakumaris.com/soul-sustenance/20th-february-soul-sustenance/,https://www.brahmakumaris.com/soul-sustenance/dont-make-people-dependent-on-you/,Setup 301 Redirect to Primary Page and remove duplicate from sitemap
100.0%,https://www.brahmakumaris.com/soul-sustenance/honesty-at-the-workplace/,https://www.brahmakumaris.com/soul-sustenance/20th-february-soul-sustenance/,Setup 301 Redirect to Primary Page and remove duplicate from sitemap
100.0%,https://www.brahmakumaris.com/soul-sustenance/20th-sep-soul-sustenance/,https://www.brahmakumaris.com/soul-sustenance/20th-february-soul-sustenance/,Setup 301 Redirect to Primary Page and remove duplicate from sitemap
100.0%,https://www.brahmakumaris.com/soul-sustenance/20th-february-soul-sustenance/,https://www.brahmakumaris.com/soul-sustenance/thought-vibrations-and-their-importance/,Setup 301 Redirect to Primary Page and remove duplicate from sitemap
100.0%,https://www.brahmakumaris.com/soul-sustenance/dont-postpone-your-happiness/,https://www.brahmakumaris.com/soul-sustenance/20th-february-soul-sustenance/,Setup 301 Redirect to Primary Page and remove duplicate from sitemap
100.0%,https://www.brahmakumaris.com/soul-sustenance/20th-february-soul-sustenance/,https://www.brahmakumaris.com/soul-sustenance/greet-everyone-you-meet-with-a-smile/,Setup 301 Redirect to Primary Page and remove duplicate from sitemap
100.0%,https://www.brahmakumaris.com/soul-sustenance/stable-in-appreciation/,https://www.brahmakumaris.com/soul-sustenance/20th-february-soul-sustenance/,Setup 301 Redirect to Primary Page and remove duplicate from sitemap
100.0%,https://www.brahmakumaris.com/soul-sustenance/03rd-june-soul-sustenance/,https://www.brahmakumaris.com/soul-sustenance/20th-february-soul-sustenance/,Setup 301 Redirect to Primary Page and remove duplicate from sitemap
100.0%,https://www.brahmakumaris.com/soul-sustenance/04th-may-soul-sustenance/,https://www.brahmakumaris.com/soul-sustenance/20th-february-soul-sustenance/,Setup 301 Redirect to Primary Page and remove duplicate from sitemap
100.0%,https://www.brahmakumaris.com/soul-sustenance/16th-aug-soul-sustenance/,https://www.brahmakumaris.com/soul-sustenance/20th-february-soul-sustenance/,Setup 301 Redirect to Primary Page and remove duplicate from sitemap
100.0%,https://www.brahmakumaris.com/soul-sustenance/20th-oct-soul-sustenance/,https://www.brahmakumaris.com/soul-sustenance/20th-february-soul-sustenance/,Setup 301 Redirect to Primary Page and remove duplicate from sitemap
100.0%,https://www.brahmakumaris.com/soul-sustenance/12th-nov-soul-sustenance/,https://www.brahmakumaris.com/soul-sustenance/20th-february-soul-sustenance/,Setup 301 Redirect to Primary Page and remove duplicate from sitemap
100.0%,https://www.brahmakumaris.com/soul-sustenance/20th-february-soul-sustenance/,https://www.brahmakumaris.com/soul-sustenance/dont-focus-on-people-who-criticize-you/,Setup 301 Redirect to Primary Page and remove duplicate from sitemap
100.0%,https://www.brahmakumaris.com/soul-sustenance/31st-jul-soul-sustenance/,https://www.brahmakumaris.com/soul-sustenance/20th-february-soul-sustenance/,Setup 301 Redirect to Primary Page and remove duplicate from sitemap
100.0%,https://www.brahmakumaris.com/soul-sustenance/13th-oct-soul-sustenance/,https://www.brahmakumaris.com/soul-sustenance/20th-february-soul-sustenance/,Setup 301 Redirect to Primary Page and remove duplicate from sitemap
100.0%,https://www.brahmakumaris.com/soul-sustenance/20th-february-soul-sustenance/,https://www.brahmakumaris.com/soul-sustenance/5-affirmations-for-experiencing-peace/,Setup 301 Redirect to Primary Page and remove duplicate from sitemap
100.0%,https://www.brahmakumaris.com/soul-sustenance/20th-february-soul-sustenance/,https://www.brahmakumaris.com/soul-sustenance/suppressing-anger-dont-even-create-it/,Setup 301 Redirect to Primary Page and remove duplicate from sitemap
100.0%,https://www.brahmakumaris.com/soul-sustenance/22nd-nov-soul-sustenance/,https://www.brahmakumaris.com/soul-sustenance/20th-february-soul-sustenance/,Setup 301 Redirect to Primary Page and remove duplicate from sitemap
100.0%,https://www.brahmakumaris.com/soul-sustenance/29th-aug-soul-sustenance/,https://www.brahmakumaris.com/soul-sustenance/20th-february-soul-sustenance/,Setup 301 Redirect to Primary Page and remove duplicate from sitemap
100.0%,https://www.brahmakumaris.com/soul-sustenance/20th-february-soul-sustenance/,https://www.brahmakumaris.com/soul-sustenance/ss-hindi/trikon-ki-aatmik-shakti/,Setup 301 Redirect to Primary Page and remove duplicate from sitemap
100.0%,https://www.brahmakumaris.com/soul-sustenance/profitable-karmic-balance/,https://www.brahmakumaris.com/soul-sustenance/20th-february-soul-sustenance/,Setup 301 Redirect to Primary Page and remove duplicate from sitemap
100.0%,https://www.brahmakumaris.com/soul-sustenance/20th-february-soul-sustenance/,https://www.brahmakumaris.com/soul-sustenance/overcoming-the-fear-of-public-speaking/,Setup 301 Redirect to Primary Page and remove duplicate from sitemap
100.0%,https://www.brahmakumaris.com/soul-sustenance/20th-february-soul-sustenance/,https://www.brahmakumaris.com/soul-sustenance/ss-hindi/duaaein-dein-duaaein-lein/,Setup 301 Redirect to Primary Page and remove duplicate from sitemap
100.0%,https://www.brahmakumaris.com/soul-sustenance/16th-nov-soul-sustenance/,https://www.brahmakumaris.com/soul-sustenance/20th-february-soul-sustenance/,Setup 301 Redirect to Primary Page and remove duplicate from sitemap
100.0%,https://www.brahmakumaris.com/soul-sustenance/21st-jul-soul-sustenance/,https://www.brahmakumaris.com/soul-sustenance/20th-february-soul-sustenance/,Setup 301 Redirect to Primary Page and remove duplicate from sitemap
100.0%,https://www.brahmakumaris.com/soul-sustenance/20th-february-soul-sustenance/,https://www.brahmakumaris.com/soul-sustenance/experiencing-high-self-esteem-constantly/,Setup 301 Redirect to Primary Page and remove duplicate from sitemap
100.0%,https://www.brahmakumaris.com/soul-sustenance/12th-march-soul-sustenance/,https://www.brahmakumaris.com/soul-sustenance/20th-february-soul-sustenance/,Setup 301 Redirect to Primary Page and remove duplicate from sitemap
100.0%,https://www.brahmakumaris.com/soul-sustenance/12th-oct-soul-sustenance/,https://www.brahmakumaris.com/soul-sustenance/20th-february-soul-sustenance/,Setup 301 Redirect to Primary Page and remove duplicate from sitemap
100.0%,https://www.brahmakumaris.com/soul-sustenance/20th-february-soul-sustenance/,https://www.brahmakumaris.com/soul-sustenance/tolerate-with-pleasure-not-with-pressure/,Setup 301 Redirect to Primary Page and remove duplicate from sitemap
100.0%,https://www.brahmakumaris.com/soul-sustenance/20th-february-soul-sustenance/,https://www.brahmakumaris.com/soul-sustenance/making-every-moment-of-the-day-precious/,Setup 301 Redirect to Primary Page and remove duplicate from sitemap
100.0%,https://www.brahmakumaris.com/soul-sustenance/20th-february-soul-sustenance/,https://www.brahmakumaris.com/soul-sustenance/overcoming-the-habit-of-worry-part-1/,Setup 301 Redirect to Primary Page and remove duplicate from sitemap
100.0%,https://www.brahmakumaris.com/soul-sustenance/attention-to-every-karma/,https://www.brahmakumaris.com/soul-sustenance/20th-february-soul-sustenance/,Setup 301 Redirect to Primary Page and remove duplicate from sitemap
100.0%,https://www.brahmakumaris.com/soul-sustenance/20th-february-soul-sustenance/,https://www.brahmakumaris.com/soul-sustenance/5-tips-for-overcoming-work-stress/,Setup 301 Redirect to Primary Page and remove duplicate from sitemap
100.0%,https://www.brahmakumaris.com/soul-sustenance/01st-nov-soul-sustenance/,https://www.brahmakumaris.com/soul-sustenance/20th-february-soul-sustenance/,Setup 301 Redirect to Primary Page and remove duplicate from sitemap
100.0%,https://www.brahmakumaris.com/soul-sustenance/letting-go-with-lightness/,https://www.brahmakumaris.com/soul-sustenance/20th-february-soul-sustenance/,Setup 301 Redirect to Primary Page and remove duplicate from sitemap
100.0%,https://www.brahmakumaris.com/soul-sustenance/20th-february-soul-sustenance/,https://www.brahmakumaris.com/soul-sustenance/ss-hindi/navratri-antarik-shaktiyaan/,Setup 301 Redirect to Primary Page and remove duplicate from sitemap
100.0%,https://www.brahmakumaris.com/soul-sustenance/29th-jul-soul-sustenance/,https://www.brahmakumaris.com/soul-sustenance/20th-february-soul-sustenance/,Setup 301 Redirect to Primary Page and remove duplicate from sitemap
100.0%,https://www.brahmakumaris.com/soul-sustenance/20th-february-soul-sustenance/,https://www.brahmakumaris.com/soul-sustenance/10-dos-and-donts-of-meditation-part-1/,Setup 301 Redirect to Primary Page and remove duplicate from sitemap
100.0%,https://www.brahmakumaris.com/soul-sustenance/20th-february-soul-sustenance/,https://www.brahmakumaris.com/soul-sustenance/achieving-healthy-work-life-balance/,Setup 301 Redirect to Primary Page and remove duplicate from sitemap
100.0%,https://www.brahmakumaris.com/soul-sustenance/increasing-your-inner-beauty/,https://www.brahmakumaris.com/soul-sustenance/20th-february-soul-sustenance/,Setup 301 Redirect to Primary Page and remove duplicate from sitemap
100.0%,https://www.brahmakumaris.com/soul-sustenance/20th-february-soul-sustenance/,https://www.brahmakumaris.com/soul-sustenance/5-new-year-promises-to-make-to-yourself/,Setup 301 Redirect to Primary Page and remove duplicate from sitemap
100.0%,https://www.brahmakumaris.com/soul-sustenance/love-yourself/,https://www.brahmakumaris.com/soul-sustenance/20th-february-soul-sustenance/,Setup 301 Redirect to Primary Page and remove duplicate from sitemap
100.0%,https://www.brahmakumaris.com/soul-sustenance/23rd-nov-soul-sustenance/,https://www.brahmakumaris.com/soul-sustenance/20th-february-soul-sustenance/,Setup 301 Redirect to Primary Page and remove duplicate from sitemap
100.0%,https://www.brahmakumaris.com/soul-sustenance/31st-aug-soul-sustenance/,https://www.brahmakumaris.com/soul-sustenance/20th-february-soul-sustenance/,Setup 301 Redirect to Primary Page and remove duplicate from sitemap
100.0%,https://www.brahmakumaris.com/soul-sustenance/20th-february-soul-sustenance/,https://www.brahmakumaris.com/soul-sustenance/abstain-from-gossip-and-criticism/,Setup 301 Redirect to Primary Page and remove duplicate from sitemap
100.0%,https://www.brahmakumaris.com/soul-sustenance/20th-march-soul-sustenance/,https://www.brahmakumaris.com/soul-sustenance/20th-february-soul-sustenance/,Setup 301 Redirect to Primary Page and remove duplicate from sitemap
100.0%,https://www.brahmakumaris.com/soul-sustenance/20th-february-soul-sustenance/,https://www.brahmakumaris.com/soul-sustenance/ss-hindi/nirnay-lene-ki-kshamata/,Setup 301 Redirect to Primary Page and remove duplicate from sitemap
100.0%,https://www.brahmakumaris.com/soul-sustenance/20th-february-soul-sustenance/,https://www.brahmakumaris.com/soul-sustenance/dont-label-yourself-negatively/,Setup 301 Redirect to Primary Page and remove duplicate from sitemap
100.0%,https://www.brahmakumaris.com/soul-sustenance/20th-february-soul-sustenance/,https://www.brahmakumaris.com/soul-sustenance/dont-label-people-give-respect/,Setup 301 Redirect to Primary Page and remove duplicate from sitemap
100.0%,https://www.brahmakumaris.com/soul-sustenance/05th-may-soul-sustenance/,https://www.brahmakumaris.com/soul-sustenance/20th-february-soul-sustenance/,Setup 301 Redirect to Primary Page and remove duplicate from sitemap
100.0%,https://www.brahmakumaris.com/soul-sustenance/20th-february-soul-sustenance/,https://www.brahmakumaris.com/soul-sustenance/its-the-final-moments-of-the-world-drama/,Setup 301 Redirect to Primary Page and remove duplicate from sitemap
100.0%,https://www.brahmakumaris.com/soul-sustenance/18th-sep-soul-sustenance/,https://www.brahmakumaris.com/soul-sustenance/20th-february-soul-sustenance/,Setup 301 Redirect to Primary Page and remove duplicate from sitemap
100.0%,https://www.brahmakumaris.com/soul-sustenance/28th-april-soul-sustenance/,https://www.brahmakumaris.com/soul-sustenance/20th-february-soul-sustenance/,Setup 301 Redirect to Primary Page and remove duplicate from sitemap
100.0%,https://www.brahmakumaris.com/soul-sustenance/13th-may-soul-sustenance/,https://www.brahmakumaris.com/soul-sustenance/20th-february-soul-sustenance/,Setup 301 Redirect to Primary Page and remove duplicate from sitemap
100.0%,https://www.brahmakumaris.com/soul-sustenance/18th-may-soul-sustenance/,https://www.brahmakumaris.com/soul-sustenance/20th-february-soul-sustenance/,Setup 301 Redirect to Primary Page and remove duplicate from sitemap
100.0%,https://www.brahmakumaris.com/soul-sustenance/29th-june-soul-sustenance/,https://www.brahmakumaris.com/soul-sustenance/20th-february-soul-sustenance/,Setup 301 Redirect to Primary Page and remove duplicate from sitemap
100.0%,https://www.brahmakumaris.com/soul-sustenance/30th-nov-soul-sustenance/,https://www.brahmakumaris.com/soul-sustenance/20th-february-soul-sustenance/,Setup 301 Redirect to Primary Page and remove duplicate from sitemap
100.0%,https://www.brahmakumaris.com/soul-sustenance/29th-march-soul-sustenance/,https://www.brahmakumaris.com/soul-sustenance/20th-february-soul-sustenance/,Setup 301 Redirect to Primary Page and remove duplicate from sitemap
100.0%,https://www.brahmakumaris.com/soul-sustenance/14th-june-soul-sustenance/,https://www.brahmakumaris.com/soul-sustenance/20th-february-soul-sustenance/,Setup 301 Redirect to Primary Page and remove duplicate from sitemap
100.0%,https://www.brahmakumaris.com/soul-sustenance/20th-february-soul-sustenance/,https://www.brahmakumaris.com/soul-sustenance/creating-a-good-work-life-balance/,Setup 301 Redirect to Primary Page and remove duplicate from sitemap
100.0%,https://www.brahmakumaris.com/soul-sustenance/dealing-with-impatience/,https://www.brahmakumaris.com/soul-sustenance/20th-february-soul-sustenance/,Setup 301 Redirect to Primary Page and remove duplicate from sitemap
100.0%,https://www.brahmakumaris.com/soul-sustenance/11th-june-soul-sustenance/,https://www.brahmakumaris.com/soul-sustenance/20th-february-soul-sustenance/,Setup 301 Redirect to Primary Page and remove duplicate from sitemap
100.0%,https://www.brahmakumaris.com/soul-sustenance/20th-february-soul-sustenance/,https://www.brahmakumaris.com/soul-sustenance/ss-hindi/parmatma-saath-ke-labh-4/,Setup 301 Redirect to Primary Page and remove duplicate from sitemap
100.0%,https://www.brahmakumaris.com/soul-sustenance/20th-february-soul-sustenance/,https://www.brahmakumaris.com/soul-sustenance/stop-doubting-people-start-trusting-them/,Setup 301 Redirect to Primary Page and remove duplicate from sitemap
100.0%,https://www.brahmakumaris.com/soul-sustenance/20th-february-soul-sustenance/,https://www.brahmakumaris.com/soul-sustenance/break-free-of-approval-addiction/,Setup 301 Redirect to Primary Page and remove duplicate from sitemap
100.0%,https://www.brahmakumaris.com/soul-sustenance/14th-nov-soul-sustenance/,https://www.brahmakumaris.com/soul-sustenance/20th-february-soul-sustenance/,Setup 301 Redirect to Primary Page and remove duplicate from sitemap
100.0%,https://www.brahmakumaris.com/soul-sustenance/20th-february-soul-sustenance/,https://www.brahmakumaris.com/soul-sustenance/basic-principles-of-true-success/,Setup 301 Redirect to Primary Page and remove duplicate from sitemap
100.0%,https://www.brahmakumaris.com/soul-sustenance/20th-february-soul-sustenance/,https://www.brahmakumaris.com/soul-sustenance/ss-hindi/rishton-mein-peeda-se-mukt-hona/,Setup 301 Redirect to Primary Page and remove duplicate from sitemap
100.0%,https://www.brahmakumaris.com/soul-sustenance/03rd-oct-soul-sustenance/,https://www.brahmakumaris.com/soul-sustenance/20th-february-soul-sustenance/,Setup 301 Redirect to Primary Page and remove duplicate from sitemap
100.0%,https://www.brahmakumaris.com/soul-sustenance/17th-march-soul-sustenance/,https://www.brahmakumaris.com/soul-sustenance/20th-february-soul-sustenance/,Setup 301 Redirect to Primary Page and remove duplicate from sitemap
100.0%,https://www.brahmakumaris.com/soul-sustenance/03rd-sep-soul-sustenance/,https://www.brahmakumaris.com/soul-sustenance/20th-february-soul-sustenance/,Setup 301 Redirect to Primary Page and remove duplicate from sitemap
100.0%,https://www.brahmakumaris.com/soul-sustenance/18th-april-soul-sustenance/,https://www.brahmakumaris.com/soul-sustenance/20th-february-soul-sustenance/,Setup 301 Redirect to Primary Page and remove duplicate from sitemap
100.0%,https://www.brahmakumaris.com/soul-sustenance/28th-nov-soul-sustenance/,https://www.brahmakumaris.com/soul-sustenance/20th-february-soul-sustenance/,Setup 301 Redirect to Primary Page and remove duplicate from sitemap
100.0%,https://www.brahmakumaris.com/soul-sustenance/20th-february-soul-sustenance/,https://www.brahmakumaris.com/soul-sustenance/10-steps-to-a-positive-lifestyle-part-1/,Setup 301 Redirect to Primary Page and remove duplicate from sitemap
100.0%,https://www.brahmakumaris.com/soul-sustenance/1st-march-soul-sustenance/,https://www.brahmakumaris.com/soul-sustenance/20th-february-soul-sustenance/,Setup 301 Redirect to Primary Page and remove duplicate from sitemap
100.0%,https://www.brahmakumaris.com/soul-sustenance/20th-february-soul-sustenance/,https://www.brahmakumaris.com/soul-sustenance/affirmations-5-tips-for-success/,Setup 301 Redirect to Primary Page and remove duplicate from sitemap
100.0%,https://www.brahmakumaris.com/soul-sustenance/20th-february-soul-sustenance/,https://www.brahmakumaris.com/soul-sustenance/visualizing-god-in-the-soul-world/,Setup 301 Redirect to Primary Page and remove duplicate from sitemap
100.0%,https://www.brahmakumaris.com/soul-sustenance/17th-nov-soul-sustenance/,https://www.brahmakumaris.com/soul-sustenance/20th-february-soul-sustenance/,Setup 301 Redirect to Primary Page and remove duplicate from sitemap
100.0%,https://www.brahmakumaris.com/soul-sustenance/03rd-dec-soul-sustenance/,https://www.brahmakumaris.com/soul-sustenance/20th-february-soul-sustenance/,Setup 301 Redirect to Primary Page and remove duplicate from sitemap
100.0%,https://www.brahmakumaris.com/soul-sustenance/11th-nov-soul-sustenance/,https://www.brahmakumaris.com/soul-sustenance/20th-february-soul-sustenance/,Setup 301 Redirect to Primary Page and remove duplicate from sitemap
100.0%,https://www.brahmakumaris.com/soul-sustenance/7-vitamins-for-the-soul/,https://www.brahmakumaris.com/soul-sustenance/20th-february-soul-sustenance/,Setup 301 Redirect to Primary Page and remove duplicate from sitemap
100.0%,https://www.brahmakumaris.com/soul-sustenance/20th-february-soul-sustenance/,https://www.brahmakumaris.com/soul-sustenance/make-everyday-a-no-complaint-day/,Setup 301 Redirect to Primary Page and remove duplicate from sitemap
100.0%,https://www.brahmakumaris.com/soul-sustenance/20th-february-soul-sustenance/,https://www.brahmakumaris.com/soul-sustenance/ss-hindi/emotional-detox-ke-fayde/,Setup 301 Redirect to Primary Page and remove duplicate from sitemap
100.0%,https://www.brahmakumaris.com/soul-sustenance/11th-may-soul-sustenance/,https://www.brahmakumaris.com/soul-sustenance/20th-february-soul-sustenance/,Setup 301 Redirect to Primary Page and remove duplicate from sitemap
100.0%,https://www.brahmakumaris.com/soul-sustenance/20th-february-soul-sustenance/,https://www.brahmakumaris.com/soul-sustenance/make-yourself-more-creative-everyday/,Setup 301 Redirect to Primary Page and remove duplicate from sitemap
100.0%,https://www.brahmakumaris.com/soul-sustenance/19th-march-soul-sustenance/,https://www.brahmakumaris.com/soul-sustenance/20th-february-soul-sustenance/,Setup 301 Redirect to Primary Page and remove duplicate from sitemap
100.0%,https://www.brahmakumaris.com/soul-sustenance/20th-february-soul-sustenance/,https://www.brahmakumaris.com/soul-sustenance/eating-less-and-eating-slowly/,Setup 301 Redirect to Primary Page and remove duplicate from sitemap
100.0%,https://www.brahmakumaris.com/soul-sustenance/celebrating-in-dependence/,https://www.brahmakumaris.com/soul-sustenance/20th-february-soul-sustenance/,Setup 301 Redirect to Primary Page and remove duplicate from sitemap
100.0%,https://www.brahmakumaris.com/soul-sustenance/01st-dec-soul-sustenance/,https://www.brahmakumaris.com/soul-sustenance/20th-february-soul-sustenance/,Setup 301 Redirect to Primary Page and remove duplicate from sitemap
100.0%,https://www.brahmakumaris.com/soul-sustenance/20th-february-soul-sustenance/,https://www.brahmakumaris.com/soul-sustenance/respect-and-regard-are-they-different/,Setup 301 Redirect to Primary Page and remove duplicate from sitemap
100.0%,https://www.brahmakumaris.com/soul-sustenance/25th-aug-soul-sustenance/,https://www.brahmakumaris.com/soul-sustenance/20th-february-soul-sustenance/,Setup 301 Redirect to Primary Page and remove duplicate from sitemap
100.0%,https://www.brahmakumaris.com/soul-sustenance/20th-february-soul-sustenance/,https://www.brahmakumaris.com/soul-sustenance/dont-impose-your-will-on-other-people/,Setup 301 Redirect to Primary Page and remove duplicate from sitemap
100.0%,https://www.brahmakumaris.com/soul-sustenance/14th-march-soul-sustenance/,https://www.brahmakumaris.com/soul-sustenance/20th-february-soul-sustenance/,Setup 301 Redirect to Primary Page and remove duplicate from sitemap
100.0%,https://www.brahmakumaris.com/soul-sustenance/4th-april-soul-sustenance/,https://www.brahmakumaris.com/soul-sustenance/20th-february-soul-sustenance/,Setup 301 Redirect to Primary Page and remove duplicate from sitemap
100.0%,https://www.brahmakumaris.com/soul-sustenance/24th-nov-soul-sustenance/,https://www.brahmakumaris.com/soul-sustenance/20th-february-soul-sustenance/,Setup 301 Redirect to Primary Page and remove duplicate from sitemap
100.0%,https://www.brahmakumaris.com/soul-sustenance/be-happy-when-others-do-well/,https://www.brahmakumaris.com/soul-sustenance/20th-february-soul-sustenance/,Setup 301 Redirect to Primary Page and remove duplicate from sitemap
100.0%,https://www.brahmakumaris.com/soul-sustenance/17th-jul-soul-sustenance/,https://www.brahmakumaris.com/soul-sustenance/20th-february-soul-sustenance/,Setup 301 Redirect to Primary Page and remove duplicate from sitemap
100.0%,https://www.brahmakumaris.com/soul-sustenance/18th-jul-soul-sustenance/,https://www.brahmakumaris.com/soul-sustenance/20th-february-soul-sustenance/,Setup 301 Redirect to Primary Page and remove duplicate from sitemap
100.0%,https://www.brahmakumaris.com/soul-sustenance/09th-jul-soul-sustenance/,https://www.brahmakumaris.com/soul-sustenance/20th-february-soul-sustenance/,Setup 301 Redirect to Primary Page and remove duplicate from sitemap
100.0%,https://www.brahmakumaris.com/soul-sustenance/stand-back-observe-and-steer/,https://www.brahmakumaris.com/soul-sustenance/20th-february-soul-sustenance/,Setup 301 Redirect to Primary Page and remove duplicate from sitemap
100.0%,https://www.brahmakumaris.com/soul-sustenance/ss-hindi/log-kya-kahenge/,https://www.brahmakumaris.com/soul-sustenance/20th-february-soul-sustenance/,Setup 301 Redirect to Primary Page and remove duplicate from sitemap
100.0%,https://www.brahmakumaris.com/soul-sustenance/20th-february-soul-sustenance/,https://www.brahmakumaris.com/soul-sustenance/how-does-god-purify-the-world-part-1/,Setup 301 Redirect to Primary Page and remove duplicate from sitemap
100.0%,https://www.brahmakumaris.com/soul-sustenance/06th-aug-soul-sustenance/,https://www.brahmakumaris.com/soul-sustenance/20th-february-soul-sustenance/,Setup 301 Redirect to Primary Page and remove duplicate from sitemap
100.0%,https://www.brahmakumaris.com/soul-sustenance/20th-february-soul-sustenance/,https://www.brahmakumaris.com/soul-sustenance/rising-above-physical-illnesses/,Setup 301 Redirect to Primary Page and remove duplicate from sitemap
100.0%,https://www.brahmakumaris.com/soul-sustenance/23rd-may-soul-sustenance/,https://www.brahmakumaris.com/soul-sustenance/20th-february-soul-sustenance/,Setup 301 Redirect to Primary Page and remove duplicate from sitemap
100.0%,https://www.brahmakumaris.com/soul-sustenance/06th-june-soul-sustenance/,https://www.brahmakumaris.com/soul-sustenance/20th-february-soul-sustenance/,Setup 301 Redirect to Primary Page and remove duplicate from sitemap
100.0%,https://www.brahmakumaris.com/soul-sustenance/24th-march-soul-sustenance/,https://www.brahmakumaris.com/soul-sustenance/20th-february-soul-sustenance/,Setup 301 Redirect to Primary Page and remove duplicate from sitemap
100.0%,https://www.brahmakumaris.com/soul-sustenance/20th-may-soul-sustenance/,https://www.brahmakumaris.com/soul-sustenance/20th-february-soul-sustenance/,Setup 301 Redirect to Primary Page and remove duplicate from sitemap
100.0%,https://www.brahmakumaris.com/soul-sustenance/leading-a-stress-free-life/,https://www.brahmakumaris.com/soul-sustenance/20th-february-soul-sustenance/,Setup 301 Redirect to Primary Page and remove duplicate from sitemap
100.0%,https://www.brahmakumaris.com/soul-sustenance/20th-february-soul-sustenance/,https://www.brahmakumaris.com/soul-sustenance/overcome-artificialness-and-manipulation/,Setup 301 Redirect to Primary Page and remove duplicate from sitemap
100.0%,https://www.brahmakumaris.com/soul-sustenance/26th-march-soul-sustenance/,https://www.brahmakumaris.com/soul-sustenance/20th-february-soul-sustenance/,Setup 301 Redirect to Primary Page and remove duplicate from sitemap
100.0%,https://www.brahmakumaris.com/soul-sustenance/20th-february-soul-sustenance/,https://www.brahmakumaris.com/soul-sustenance/ss-hindi/rishte-thoughts-se-bante-hein/,Setup 301 Redirect to Primary Page and remove duplicate from sitemap
100.0%,https://www.brahmakumaris.com/soul-sustenance/08th-nov-soul-sustenance/,https://www.brahmakumaris.com/soul-sustenance/20th-february-soul-sustenance/,Setup 301 Redirect to Primary Page and remove duplicate from sitemap
100.0%,https://www.brahmakumaris.com/soul-sustenance/20th-february-soul-sustenance/,https://www.brahmakumaris.com/soul-sustenance/ss-hindi/kya-punarjanam-ek-vastvikta-hei/,Setup 301 Redirect to Primary Page and remove duplicate from sitemap
100.0%,https://www.brahmakumaris.com/soul-sustenance/27th-aug-soul-sustenance/,https://www.brahmakumaris.com/soul-sustenance/20th-february-soul-sustenance/,Setup 301 Redirect to Primary Page and remove duplicate from sitemap
100.0%,https://www.brahmakumaris.com/soul-sustenance/26th-may-soul-sustenance/,https://www.brahmakumaris.com/soul-sustenance/20th-february-soul-sustenance/,Setup 301 Redirect to Primary Page and remove duplicate from sitemap
100.0%,https://www.brahmakumaris.com/soul-sustenance/happy-greetings-that-matter/,https://www.brahmakumaris.com/soul-sustenance/20th-february-soul-sustenance/,Setup 301 Redirect to Primary Page and remove duplicate from sitemap
100.0%,https://www.brahmakumaris.com/soul-sustenance/20th-february-soul-sustenance/,https://www.brahmakumaris.com/soul-sustenance/god-the-alpha-point-of-the-universe/,Setup 301 Redirect to Primary Page and remove duplicate from sitemap
100.0%,https://www.brahmakumaris.com/soul-sustenance/16th-june-soul-sustenance/,https://www.brahmakumaris.com/soul-sustenance/20th-february-soul-sustenance/,Setup 301 Redirect to Primary Page and remove duplicate from sitemap
100.0%,https://www.brahmakumaris.com/soul-sustenance/20th-february-soul-sustenance/,https://www.brahmakumaris.com/soul-sustenance/10-pearls-of-meditation-part-1/,Setup 301 Redirect to Primary Page and remove duplicate from sitemap
100.0%,https://www.brahmakumaris.com/soul-sustenance/27th-nov-soul-sustenance/,https://www.brahmakumaris.com/soul-sustenance/20th-february-soul-sustenance/,Setup 301 Redirect to Primary Page and remove duplicate from sitemap
100.0%,https://www.brahmakumaris.com/soul-sustenance/dealing-with-peer-pressure/,https://www.brahmakumaris.com/soul-sustenance/20th-february-soul-sustenance/,Setup 301 Redirect to Primary Page and remove duplicate from sitemap
100.0%,https://www.brahmakumaris.com/soul-sustenance/10th-oct-soul-sustenance/,https://www.brahmakumaris.com/soul-sustenance/20th-february-soul-sustenance/,Setup 301 Redirect to Primary Page and remove duplicate from sitemap
100.0%,https://www.brahmakumaris.com/soul-sustenance/13th-jul-soul-sustenance/,https://www.brahmakumaris.com/soul-sustenance/20th-february-soul-sustenance/,Setup 301 Redirect to Primary Page and remove duplicate from sitemap
100.0%,https://www.brahmakumaris.com/soul-sustenance/30th-may-soul-sustenance/,https://www.brahmakumaris.com/soul-sustenance/20th-february-soul-sustenance/,Setup 301 Redirect to Primary Page and remove duplicate from sitemap
100.0%,https://www.brahmakumaris.com/soul-sustenance/4th-march-soul-sustenance/,https://www.brahmakumaris.com/soul-sustenance/20th-february-soul-sustenance/,Setup 301 Redirect to Primary Page and remove duplicate from sitemap
100.0%,https://www.brahmakumaris.com/soul-sustenance/20th-february-soul-sustenance/,https://www.brahmakumaris.com/soul-sustenance/keeping-the-watchman-of-attention-alert/,Setup 301 Redirect to Primary Page and remove duplicate from sitemap
100.0%,https://www.brahmakumaris.com/soul-sustenance/16th-march-soul-sustenance/,https://www.brahmakumaris.com/soul-sustenance/20th-february-soul-sustenance/,Setup 301 Redirect to Primary Page and remove duplicate from sitemap
100.0%,https://www.brahmakumaris.com/soul-sustenance/19th-nov-soul-sustenance/,https://www.brahmakumaris.com/soul-sustenance/20th-february-soul-sustenance/,Setup 301 Redirect to Primary Page and remove duplicate from sitemap
100.0%,https://www.brahmakumaris.com/soul-sustenance/am-i-a-good-gods-child/,https://www.brahmakumaris.com/soul-sustenance/20th-february-soul-sustenance/,Setup 301 Redirect to Primary Page and remove duplicate from sitemap
100.0%,https://www.brahmakumaris.com/soul-sustenance/20th-february-soul-sustenance/,https://www.brahmakumaris.com/soul-sustenance/being-patient-in-every-scene-of-life/,Setup 301 Redirect to Primary Page and remove duplicate from sitemap
100.0%,https://www.brahmakumaris.com/soul-sustenance/have-we-won-gods-heart/,https://www.brahmakumaris.com/soul-sustenance/20th-february-soul-sustenance/,Setup 301 Redirect to Primary Page and remove duplicate from sitemap
100.0%,https://www.brahmakumaris.com/soul-sustenance/20th-february-soul-sustenance/,https://www.brahmakumaris.com/soul-sustenance/5-steps-to-make-the-world-paradise-again/,Setup 301 Redirect to Primary Page and remove duplicate from sitemap
100.0%,https://www.brahmakumaris.com/soul-sustenance/20th-february-soul-sustenance/,https://www.brahmakumaris.com/soul-sustenance/you-have-more-time-than-you-need/,Setup 301 Redirect to Primary Page and remove duplicate from sitemap
100.0%,https://www.brahmakumaris.com/soul-sustenance/05th-sep-soul-sustenance/,https://www.brahmakumaris.com/soul-sustenance/20th-february-soul-sustenance/,Setup 301 Redirect to Primary Page and remove duplicate from sitemap
100.0%,https://www.brahmakumaris.com/soul-sustenance/24th-june-soul-sustenance/,https://www.brahmakumaris.com/soul-sustenance/20th-february-soul-sustenance/,Setup 301 Redirect to Primary Page and remove duplicate from sitemap
100.0%,https://www.brahmakumaris.com/soul-sustenance/08th-oct-soul-sustenance/,https://www.brahmakumaris.com/soul-sustenance/20th-february-soul-sustenance/,Setup 301 Redirect to Primary Page and remove duplicate from sitemap
100.0%,https://www.brahmakumaris.com/soul-sustenance/newness-at-every-step-part-1/,https://www.brahmakumaris.com/soul-sustenance/20th-february-soul-sustenance/,Setup 301 Redirect to Primary Page and remove duplicate from sitemap
100.0%,https://www.brahmakumaris.com/soul-sustenance/03rd-jul-soul-sustenance/,https://www.brahmakumaris.com/soul-sustenance/20th-february-soul-sustenance/,Setup 301 Redirect to Primary Page and remove duplicate from sitemap
100.0%,https://www.brahmakumaris.com/soul-sustenance/let-go-of-ego/,https://www.brahmakumaris.com/soul-sustenance/20th-february-soul-sustenance/,Setup 301 Redirect to Primary Page and remove duplicate from sitemap
100.0%,https://www.brahmakumaris.com/soul-sustenance/20th-february-soul-sustenance/,https://www.brahmakumaris.com/soul-sustenance/dont-justify-impulsive-reactions/,Setup 301 Redirect to Primary Page and remove duplicate from sitemap
100.0%,https://www.brahmakumaris.com/soul-sustenance/11th-jun-soul-sustenance/,https://www.brahmakumaris.com/soul-sustenance/20th-february-soul-sustenance/,Setup 301 Redirect to Primary Page and remove duplicate from sitemap
100.0%,https://www.brahmakumaris.com/soul-sustenance/06th-dec-soul-sustenance/,https://www.brahmakumaris.com/soul-sustenance/20th-february-soul-sustenance/,Setup 301 Redirect to Primary Page and remove duplicate from sitemap
100.0%,https://www.brahmakumaris.com/soul-sustenance/20th-february-soul-sustenance/,https://www.brahmakumaris.com/soul-sustenance/5-tips-to-remain-free-from-hurry/,Setup 301 Redirect to Primary Page and remove duplicate from sitemap
100.0%,https://www.brahmakumaris.com/soul-sustenance/20th-february-soul-sustenance/,https://www.brahmakumaris.com/soul-sustenance/the-triangle-of-spiritual-energy/,Setup 301 Redirect to Primary Page and remove duplicate from sitemap
100.0%,https://www.brahmakumaris.com/soul-sustenance/20th-february-soul-sustenance/,https://www.brahmakumaris.com/soul-sustenance/what-you-believe-is-what-you-achieve/,Setup 301 Redirect to Primary Page and remove duplicate from sitemap
100.0%,https://www.brahmakumaris.com/soul-sustenance/20th-february-soul-sustenance/,https://www.brahmakumaris.com/soul-sustenance/ss-hindi/rishton-mein-peeda-se-mukti/,Setup 301 Redirect to Primary Page and remove duplicate from sitemap
100.0%,https://www.brahmakumaris.com/soul-sustenance/23rd-june-soul-sustenance/,https://www.brahmakumaris.com/soul-sustenance/20th-february-soul-sustenance/,Setup 301 Redirect to Primary Page and remove duplicate from sitemap
100.0%,https://www.brahmakumaris.com/soul-sustenance/distractions-cannot-heal/,https://www.brahmakumaris.com/soul-sustenance/20th-february-soul-sustenance/,Setup 301 Redirect to Primary Page and remove duplicate from sitemap
100.0%,https://www.brahmakumaris.com/soul-sustenance/21st-may-soul-sustenance/,https://www.brahmakumaris.com/soul-sustenance/20th-february-soul-sustenance/,Setup 301 Redirect to Primary Page and remove duplicate from sitemap
100.0%,https://www.brahmakumaris.com/soul-sustenance/seeds-of-a-relationship/,https://www.brahmakumaris.com/soul-sustenance/20th-february-soul-sustenance/,Setup 301 Redirect to Primary Page and remove duplicate from sitemap
100.0%,https://www.brahmakumaris.com/soul-sustenance/12th-jul-soul-sustenance/,https://www.brahmakumaris.com/soul-sustenance/20th-february-soul-sustenance/,Setup 301 Redirect to Primary Page and remove duplicate from sitemap
100.0%,https://www.brahmakumaris.com/soul-sustenance/02nd-aug-soul-sustenance/,https://www.brahmakumaris.com/soul-sustenance/20th-february-soul-sustenance/,Setup 301 Redirect to Primary Page and remove duplicate from sitemap
100.0%,https://www.brahmakumaris.com/soul-sustenance/20th-february-soul-sustenance/,https://www.brahmakumaris.com/soul-sustenance/know-your-strengths-and-weaknesses/,Setup 301 Redirect to Primary Page and remove duplicate from sitemap
100.0%,https://www.brahmakumaris.com/soul-sustenance/04th-sep-soul-sustenance/,https://www.brahmakumaris.com/soul-sustenance/20th-february-soul-sustenance/,Setup 301 Redirect to Primary Page and remove duplicate from sitemap
100.0%,https://www.brahmakumaris.com/soul-sustenance/an-attitude-of-abundance/,https://www.brahmakumaris.com/soul-sustenance/20th-february-soul-sustenance/,Setup 301 Redirect to Primary Page and remove duplicate from sitemap
100.0%,https://www.brahmakumaris.com/soul-sustenance/10th-june-soul-sustenance/,https://www.brahmakumaris.com/soul-sustenance/20th-february-soul-sustenance/,Setup 301 Redirect to Primary Page and remove duplicate from sitemap
100.0%,https://www.brahmakumaris.com/soul-sustenance/believe-and-you-will-succeed/,https://www.brahmakumaris.com/soul-sustenance/20th-february-soul-sustenance/,Setup 301 Redirect to Primary Page and remove duplicate from sitemap
100.0%,https://www.brahmakumaris.com/soul-sustenance/29th-oct-soul-sustenance/,https://www.brahmakumaris.com/soul-sustenance/20th-february-soul-sustenance/,Setup 301 Redirect to Primary Page and remove duplicate from sitemap
100.0%,https://www.brahmakumaris.com/soul-sustenance/meeting-peoples-expectations/,https://www.brahmakumaris.com/soul-sustenance/20th-february-soul-sustenance/,Setup 301 Redirect to Primary Page and remove duplicate from sitemap
100.0%,https://www.brahmakumaris.com/soul-sustenance/overcoming-absent-mindedness/,https://www.brahmakumaris.com/soul-sustenance/20th-february-soul-sustenance/,Setup 301 Redirect to Primary Page and remove duplicate from sitemap
100.0%,https://www.brahmakumaris.com/soul-sustenance/11th-april-soul-sustenance/,https://www.brahmakumaris.com/soul-sustenance/20th-february-soul-sustenance/,Setup 301 Redirect to Primary Page and remove duplicate from sitemap
100.0%,https://www.brahmakumaris.com/soul-sustenance/25th-oct-soul-sustenance/,https://www.brahmakumaris.com/soul-sustenance/20th-february-soul-sustenance/,Setup 301 Redirect to Primary Page and remove duplicate from sitemap
100.0%,https://www.brahmakumaris.com/soul-sustenance/the-mind-in-control-part-1/,https://www.brahmakumaris.com/soul-sustenance/20th-february-soul-sustenance/,Setup 301 Redirect to Primary Page and remove duplicate from sitemap
100.0%,https://www.brahmakumaris.com/soul-sustenance/02nd-jul-soul-sustenance/,https://www.brahmakumaris.com/soul-sustenance/20th-february-soul-sustenance/,Setup 301 Redirect to Primary Page and remove duplicate from sitemap
100.0%,https://www.brahmakumaris.com/soul-sustenance/20th-february-soul-sustenance/,https://www.brahmakumaris.com/soul-sustenance/stop-entangling-with-peoples-energies/,Setup 301 Redirect to Primary Page and remove duplicate from sitemap
100.0%,https://www.brahmakumaris.com/soul-sustenance/20th-february-soul-sustenance/,https://www.brahmakumaris.com/soul-sustenance/being-non-judgmental-in-relationships/,Setup 301 Redirect to Primary Page and remove duplicate from sitemap
100.0%,https://www.brahmakumaris.com/soul-sustenance/20th-february-soul-sustenance/,https://www.brahmakumaris.com/soul-sustenance/lets-create-a-beautiful-and-free-world/,Setup 301 Redirect to Primary Page and remove duplicate from sitemap
100.0%,https://www.brahmakumaris.com/soul-sustenance/20th-february-soul-sustenance/,https://www.brahmakumaris.com/soul-sustenance/when-to-tolerate-and-when-to-face/,Setup 301 Redirect to Primary Page and remove duplicate from sitemap
100.0%,https://www.brahmakumaris.com/soul-sustenance/20th-february-soul-sustenance/,https://www.brahmakumaris.com/soul-sustenance/5-ways-to-remain-stable-in-change/,Setup 301 Redirect to Primary Page and remove duplicate from sitemap
100.0%,https://www.brahmakumaris.com/soul-sustenance/how-to-bless-yourself/,https://www.brahmakumaris.com/soul-sustenance/20th-february-soul-sustenance/,Setup 301 Redirect to Primary Page and remove duplicate from sitemap
100.0%,https://www.brahmakumaris.com/soul-sustenance/20th-february-soul-sustenance/,https://www.brahmakumaris.com/soul-sustenance/ss-hindi/kya-aadar-aur-samman-alag-hein/,Setup 301 Redirect to Primary Page and remove duplicate from sitemap
100.0%,https://www.brahmakumaris.com/soul-sustenance/20th-february-soul-sustenance/,https://www.brahmakumaris.com/soul-sustenance/ss-hindi/man-ko-control-karna-bhag-1/,Setup 301 Redirect to Primary Page and remove duplicate from sitemap
100.0%,https://www.brahmakumaris.com/soul-sustenance/26th-sep-soul-sustenance/,https://www.brahmakumaris.com/soul-sustenance/20th-february-soul-sustenance/,Setup 301 Redirect to Primary Page and remove duplicate from sitemap
100.0%,https://www.brahmakumaris.com/soul-sustenance/20th-february-soul-sustenance/,https://www.brahmakumaris.com/soul-sustenance/ss-hindi/jeevan-mein-bahane-banana/,Setup 301 Redirect to Primary Page and remove duplicate from sitemap
100.0%,https://www.brahmakumaris.com/soul-sustenance/10th-march-soul-sustenance/,https://www.brahmakumaris.com/soul-sustenance/20th-february-soul-sustenance/,Setup 301 Redirect to Primary Page and remove duplicate from sitemap
100.0%,https://www.brahmakumaris.com/soul-sustenance/20th-february-soul-sustenance/,https://www.brahmakumaris.com/soul-sustenance/strengthening-your-shield-of-positivity/,Setup 301 Redirect to Primary Page and remove duplicate from sitemap
100.0%,https://www.brahmakumaris.com/soul-sustenance/20th-february-soul-sustenance/,https://www.brahmakumaris.com/soul-sustenance/people-dont-intentionally-harm-us/,Setup 301 Redirect to Primary Page and remove duplicate from sitemap
100.0%,https://www.brahmakumaris.com/soul-sustenance/20th-february-soul-sustenance/,https://www.brahmakumaris.com/soul-sustenance/24th-february-soul-sustenance/,Setup 301 Redirect to Primary Page and remove duplicate from sitemap
100.0%,https://www.brahmakumaris.com/soul-sustenance/20th-february-soul-sustenance/,https://www.brahmakumaris.com/soul-sustenance/ruling-and-controlling-the-5-senses/,Setup 301 Redirect to Primary Page and remove duplicate from sitemap
100.0%,https://www.brahmakumaris.com/soul-sustenance/23rd-jul-soul-sustenance/,https://www.brahmakumaris.com/soul-sustenance/20th-february-soul-sustenance/,Setup 301 Redirect to Primary Page and remove duplicate from sitemap
100.0%,https://www.brahmakumaris.com/soul-sustenance/20th-february-soul-sustenance/,https://www.brahmakumaris.com/soul-sustenance/hold-on-to-your-values-at-every-step/,Setup 301 Redirect to Primary Page and remove duplicate from sitemap
100.0%,https://www.brahmakumaris.com/soul-sustenance/20th-february-soul-sustenance/,https://www.brahmakumaris.com/soul-sustenance/15th-february-soul-sustenance/,Setup 301 Redirect to Primary Page and remove duplicate from sitemap
100.0%,https://www.brahmakumaris.com/soul-sustenance/07th-aug-soul-sustenance/,https://www.brahmakumaris.com/soul-sustenance/20th-february-soul-sustenance/,Setup 301 Redirect to Primary Page and remove duplicate from sitemap
100.0%,https://www.brahmakumaris.com/soul-sustenance/08th-sep-soul-sustenance/,https://www.brahmakumaris.com/soul-sustenance/20th-february-soul-sustenance/,Setup 301 Redirect to Primary Page and remove duplicate from sitemap
100.0%,https://www.brahmakumaris.com/soul-sustenance/15th-jul-soul-sustenance/,https://www.brahmakumaris.com/soul-sustenance/20th-february-soul-sustenance/,Setup 301 Redirect to Primary Page and remove duplicate from sitemap
100.0%,https://www.brahmakumaris.com/soul-sustenance/20th-february-soul-sustenance/,https://www.brahmakumaris.com/soul-sustenance/is-life-a-competition-for-you/,Setup 301 Redirect to Primary Page and remove duplicate from sitemap
100.0%,https://www.brahmakumaris.com/soul-sustenance/20th-february-soul-sustenance/,https://www.brahmakumaris.com/soul-sustenance/gratitude-for-challenging-situations/,Setup 301 Redirect to Primary Page and remove duplicate from sitemap
100.0%,https://www.brahmakumaris.com/soul-sustenance/20th-february-soul-sustenance/,https://www.brahmakumaris.com/soul-sustenance/ss-hindi/shanti-prem-ke-vibration/,Setup 301 Redirect to Primary Page and remove duplicate from sitemap
100.0%,https://www.brahmakumaris.com/soul-sustenance/2nd-march-soul-sustenance/,https://www.brahmakumaris.com/soul-sustenance/20th-february-soul-sustenance/,Setup 301 Redirect to Primary Page and remove duplicate from sitemap
100.0%,https://www.brahmakumaris.com/soul-sustenance/02nd-may-soul-sustenance/,https://www.brahmakumaris.com/soul-sustenance/20th-february-soul-sustenance/,Setup 301 Redirect to Primary Page and remove duplicate from sitemap
100.0%,https://www.brahmakumaris.com/soul-sustenance/ss-hindi/samay-abhi-hi-hei/,https://www.brahmakumaris.com/soul-sustenance/20th-february-soul-sustenance/,Setup 301 Redirect to Primary Page and remove duplicate from sitemap
100.0%,https://www.brahmakumaris.com/soul-sustenance/02nd-dec-soul-sustenance/,https://www.brahmakumaris.com/soul-sustenance/20th-february-soul-sustenance/,Setup 301 Redirect to Primary Page and remove duplicate from sitemap
100.0%,https://www.brahmakumaris.com/soul-sustenance/20th-february-soul-sustenance/,https://www.brahmakumaris.com/soul-sustenance/choosing-assertiveness-over-arrogance/,Setup 301 Redirect to Primary Page and remove duplicate from sitemap
100.0%,https://www.brahmakumaris.com/soul-sustenance/30th-jul-soul-sustenance/,https://www.brahmakumaris.com/soul-sustenance/20th-february-soul-sustenance/,Setup 301 Redirect to Primary Page and remove duplicate from sitemap
100.0%,https://www.brahmakumaris.com/soul-sustenance/22nd-oct-soul-sustenance/,https://www.brahmakumaris.com/soul-sustenance/20th-february-soul-sustenance/,Setup 301 Redirect to Primary Page and remove duplicate from sitemap
100.0%,https://www.brahmakumaris.com/soul-sustenance/10th-aug-soul-sustenance/,https://www.brahmakumaris.com/soul-sustenance/20th-february-soul-sustenance/,Setup 301 Redirect to Primary Page and remove duplicate from sitemap
100.0%,https://www.brahmakumaris.com/soul-sustenance/25th-nov-soul-sustenance/,https://www.brahmakumaris.com/soul-sustenance/20th-february-soul-sustenance/,Setup 301 Redirect to Primary Page and remove duplicate from sitemap
100.0%,https://www.brahmakumaris.com/soul-sustenance/31st-may-soul-sustenance/,https://www.brahmakumaris.com/soul-sustenance/20th-february-soul-sustenance/,Setup 301 Redirect to Primary Page and remove duplicate from sitemap
100.0%,https://www.brahmakumaris.com/soul-sustenance/28th-aug-soul-sustenance/,https://www.brahmakumaris.com/soul-sustenance/20th-february-soul-sustenance/,Setup 301 Redirect to Primary Page and remove duplicate from sitemap
100.0%,https://www.brahmakumaris.com/soul-sustenance/20th-february-soul-sustenance/,https://www.brahmakumaris.com/soul-sustenance/healing-and-deleting-past-hurt/,Setup 301 Redirect to Primary Page and remove duplicate from sitemap
100.0%,https://www.brahmakumaris.com/soul-sustenance/20th-february-soul-sustenance/,https://www.brahmakumaris.com/soul-sustenance/happier-you-for-a-healthier-you/,Setup 301 Redirect to Primary Page and remove duplicate from sitemap
100.0%,https://www.brahmakumaris.com/soul-sustenance/20th-february-soul-sustenance/,https://www.brahmakumaris.com/soul-sustenance/ss-hindi/halkepan-se-let-go-karein/,Setup 301 Redirect to Primary Page and remove duplicate from sitemap
100.0%,https://www.brahmakumaris.com/soul-sustenance/20th-february-soul-sustenance/,https://www.brahmakumaris.com/soul-sustenance/practice-listening-to-your-intuition/,Setup 301 Redirect to Primary Page and remove duplicate from sitemap
100.0%,https://www.brahmakumaris.com/soul-sustenance/20th-february-soul-sustenance/,https://www.brahmakumaris.com/soul-sustenance/think-and-talk-only-about-solutions/,Setup 301 Redirect to Primary Page and remove duplicate from sitemap
100.0%,https://www.brahmakumaris.com/soul-sustenance/04th-dec-soul-sustenance/,https://www.brahmakumaris.com/soul-sustenance/20th-february-soul-sustenance/,Setup 301 Redirect to Primary Page and remove duplicate from sitemap
100.0%,https://www.brahmakumaris.com/soul-sustenance/20th-february-soul-sustenance/,https://www.brahmakumaris.com/soul-sustenance/enjoy-and-love-every-moment-of-eating/,Setup 301 Redirect to Primary Page and remove duplicate from sitemap
100.0%,https://www.brahmakumaris.com/soul-sustenance/07th-dec-soul-sustenance/,https://www.brahmakumaris.com/soul-sustenance/20th-february-soul-sustenance/,Setup 301 Redirect to Primary Page and remove duplicate from sitemap
100.0%,https://www.brahmakumaris.com/soul-sustenance/19th-jul-soul-sustenance/,https://www.brahmakumaris.com/soul-sustenance/20th-february-soul-sustenance/,Setup 301 Redirect to Primary Page and remove duplicate from sitemap
100.0%,https://www.brahmakumaris.com/soul-sustenance/the-time-is-now/,https://www.brahmakumaris.com/soul-sustenance/20th-february-soul-sustenance/,Setup 301 Redirect to Primary Page and remove duplicate from sitemap
100.0%,https://www.brahmakumaris.com/soul-sustenance/29th-may-soul-sustenance/,https://www.brahmakumaris.com/soul-sustenance/20th-february-soul-sustenance/,Setup 301 Redirect to Primary Page and remove duplicate from sitemap
100.0%,https://www.brahmakumaris.com/soul-sustenance/an-attitude-of-gratitude/,https://www.brahmakumaris.com/soul-sustenance/20th-february-soul-sustenance/,Setup 301 Redirect to Primary Page and remove duplicate from sitemap
100.0%,https://www.brahmakumaris.com/soul-sustenance/20th-february-soul-sustenance/,https://www.brahmakumaris.com/soul-sustenance/practical-spirituality-in-daily-life/,Setup 301 Redirect to Primary Page and remove duplicate from sitemap
100.0%,https://www.brahmakumaris.com/soul-sustenance/20th-february-soul-sustenance/,https://www.brahmakumaris.com/soul-sustenance/the-beauty-of-unconditional-love/,Setup 301 Redirect to Primary Page and remove duplicate from sitemap
100.0%,https://www.brahmakumaris.com/soul-sustenance/pause-choose-respond/,https://www.brahmakumaris.com/soul-sustenance/20th-february-soul-sustenance/,Setup 301 Redirect to Primary Page and remove duplicate from sitemap
100.0%,https://www.brahmakumaris.com/soul-sustenance/09th-may-soul-sustenance/,https://www.brahmakumaris.com/soul-sustenance/20th-february-soul-sustenance/,Setup 301 Redirect to Primary Page and remove duplicate from sitemap
100.0%,https://www.brahmakumaris.com/soul-sustenance/20th-jul-soul-sustenance/,https://www.brahmakumaris.com/soul-sustenance/20th-february-soul-sustenance/,Setup 301 Redirect to Primary Page and remove duplicate from sitemap
100.0%,https://www.brahmakumaris.com/soul-sustenance/20th-february-soul-sustenance/,https://www.brahmakumaris.com/soul-sustenance/transform-knowledge-into-wisdom/,Setup 301 Redirect to Primary Page and remove duplicate from sitemap
100.0%,https://www.brahmakumaris.com/soul-sustenance/07th-oct-soul-sustenance/,https://www.brahmakumaris.com/soul-sustenance/20th-february-soul-sustenance/,Setup 301 Redirect to Primary Page and remove duplicate from sitemap
100.0%,https://www.brahmakumaris.com/soul-sustenance/say-i-will-not-i-will-try/,https://www.brahmakumaris.com/soul-sustenance/20th-february-soul-sustenance/,Setup 301 Redirect to Primary Page and remove duplicate from sitemap
100.0%,https://www.brahmakumaris.com/soul-sustenance/20th-february-soul-sustenance/,https://www.brahmakumaris.com/soul-sustenance/ss-hindi/sahyog-kareinpratispardha-nahin/,Setup 301 Redirect to Primary Page and remove duplicate from sitemap
100.0%,https://www.brahmakumaris.com/soul-sustenance/20th-february-soul-sustenance/,https://www.brahmakumaris.com/soul-sustenance/are-you-emotionally-overweight/,Setup 301 Redirect to Primary Page and remove duplicate from sitemap
100.0%,https://www.brahmakumaris.com/soul-sustenance/20th-february-soul-sustenance/,https://www.brahmakumaris.com/soul-sustenance/ss-hindi/chetna-ki-shuddhi-bhag3/,Setup 301 Redirect to Primary Page and remove duplicate from sitemap
100.0%,https://www.brahmakumaris.com/soul-sustenance/01st-sep-soul-sustenance/,https://www.brahmakumaris.com/soul-sustenance/20th-february-soul-sustenance/,Setup 301 Redirect to Primary Page and remove duplicate from sitemap
100.0%,https://www.brahmakumaris.com/soul-sustenance/20th-february-soul-sustenance/,https://www.brahmakumaris.com/soul-sustenance/when-we-change-others-change-part-1/,Setup 301 Redirect to Primary Page and remove duplicate from sitemap
100.0%,https://www.brahmakumaris.com/soul-sustenance/20th-february-soul-sustenance/,https://www.brahmakumaris.com/soul-sustenance/living-happiness-the-right-way-part-1/,Setup 301 Redirect to Primary Page and remove duplicate from sitemap
100.0%,https://www.brahmakumaris.com/soul-sustenance/ss-hindi/khushi-ek-yatra-hai/,https://www.brahmakumaris.com/soul-sustenance/20th-february-soul-sustenance/,Setup 301 Redirect to Primary Page and remove duplicate from sitemap
100.0%,https://www.brahmakumaris.com/soul-sustenance/7th-april-soul-sustenance/,https://www.brahmakumaris.com/soul-sustenance/20th-february-soul-sustenance/,Setup 301 Redirect to Primary Page and remove duplicate from sitemap
100.0%,https://www.brahmakumaris.com/soul-sustenance/20th-february-soul-sustenance/,https://www.brahmakumaris.com/soul-sustenance/5-steps-for-overcoming-addictions/,Setup 301 Redirect to Primary Page and remove duplicate from sitemap
100.0%,https://www.brahmakumaris.com/soul-sustenance/21st-june-soul-sustenance/,https://www.brahmakumaris.com/soul-sustenance/20th-february-soul-sustenance/,Setup 301 Redirect to Primary Page and remove duplicate from sitemap
100.0%,https://www.brahmakumaris.com/soul-sustenance/21st-oct-soul-sustenance/,https://www.brahmakumaris.com/soul-sustenance/20th-february-soul-sustenance/,Setup 301 Redirect to Primary Page and remove duplicate from sitemap
100.0%,https://www.brahmakumaris.com/soul-sustenance/20th-february-soul-sustenance/,https://www.brahmakumaris.com/soul-sustenance/22nd-february-soul-sustenance/,Setup 301 Redirect to Primary Page and remove duplicate from sitemap
100.0%,https://www.brahmakumaris.com/soul-sustenance/20th-february-soul-sustenance/,https://www.brahmakumaris.com/soul-sustenance/contentment-imbibe-and-radiate/,Setup 301 Redirect to Primary Page and remove duplicate from sitemap
100.0%,https://www.brahmakumaris.com/soul-sustenance/likes-on-social-media-matter/,https://www.brahmakumaris.com/soul-sustenance/20th-february-soul-sustenance/,Setup 301 Redirect to Primary Page and remove duplicate from sitemap
100.0%,https://www.brahmakumaris.com/soul-sustenance/07th-june-soul-sustenance/,https://www.brahmakumaris.com/soul-sustenance/20th-february-soul-sustenance/,Setup 301 Redirect to Primary Page and remove duplicate from sitemap
100.0%,https://www.brahmakumaris.com/soul-sustenance/30th-june-soul-sustenance/,https://www.brahmakumaris.com/soul-sustenance/20th-february-soul-sustenance/,Setup 301 Redirect to Primary Page and remove duplicate from sitemap
100.0%,https://www.brahmakumaris.com/soul-sustenance/15th-aug-soul-sustenance/,https://www.brahmakumaris.com/soul-sustenance/20th-february-soul-sustenance/,Setup 301 Redirect to Primary Page and remove duplicate from sitemap
100.0%,https://www.brahmakumaris.com/soul-sustenance/lets-co-operate-not-compete/,https://www.brahmakumaris.com/soul-sustenance/20th-february-soul-sustenance/,Setup 301 Redirect to Primary Page and remove duplicate from sitemap
100.0%,https://www.brahmakumaris.com/soul-sustenance/20th-february-soul-sustenance/,https://www.brahmakumaris.com/soul-sustenance/ss-hindi/parmatma-ko-dein-5-uphaar/,Setup 301 Redirect to Primary Page and remove duplicate from sitemap
100.0%,https://www.brahmakumaris.com/soul-sustenance/13th-aug-soul-sustenance/,https://www.brahmakumaris.com/soul-sustenance/20th-february-soul-sustenance/,Setup 301 Redirect to Primary Page and remove duplicate from sitemap
100.0%,https://www.brahmakumaris.com/soul-sustenance/the-mind-and-its-creations/,https://www.brahmakumaris.com/soul-sustenance/20th-february-soul-sustenance/,Setup 301 Redirect to Primary Page and remove duplicate from sitemap
100.0%,https://www.brahmakumaris.com/soul-sustenance/20th-february-soul-sustenance/,https://www.brahmakumaris.com/soul-sustenance/making-the-earth-beautiful-and-pure/,Setup 301 Redirect to Primary Page and remove duplicate from sitemap
100.0%,https://www.brahmakumaris.com/soul-sustenance/20th-february-soul-sustenance/,https://www.brahmakumaris.com/soul-sustenance/master-the-art-of-self-control/,Setup 301 Redirect to Primary Page and remove duplicate from sitemap
100.0%,https://www.brahmakumaris.com/soul-sustenance/20th-february-soul-sustenance/,https://www.brahmakumaris.com/soul-sustenance/stability-in-appreciation-and-criticism/,Setup 301 Redirect to Primary Page and remove duplicate from sitemap
100.0%,https://www.brahmakumaris.com/soul-sustenance/14th-sep-soul-sustenance/,https://www.brahmakumaris.com/soul-sustenance/20th-february-soul-sustenance/,Setup 301 Redirect to Primary Page and remove duplicate from sitemap
100.0%,https://www.brahmakumaris.com/soul-sustenance/20th-february-soul-sustenance/,https://www.brahmakumaris.com/soul-sustenance/dont-search-for-happiness-create-it/,Setup 301 Redirect to Primary Page and remove duplicate from sitemap
100.0%,https://www.brahmakumaris.com/soul-sustenance/01st-june-soul-sustenance/,https://www.brahmakumaris.com/soul-sustenance/20th-february-soul-sustenance/,Setup 301 Redirect to Primary Page and remove duplicate from sitemap
100.0%,https://www.brahmakumaris.com/soul-sustenance/16th-jul-soul-sustenance/,https://www.brahmakumaris.com/soul-sustenance/20th-february-soul-sustenance/,Setup 301 Redirect to Primary Page and remove duplicate from sitemap
100.0%,https://www.brahmakumaris.com/soul-sustenance/17th-sep-soul-sustenance/,https://www.brahmakumaris.com/soul-sustenance/20th-february-soul-sustenance/,Setup 301 Redirect to Primary Page and remove duplicate from sitemap
100.0%,https://www.brahmakumaris.com/soul-sustenance/26th-oct-soul-sustenance/,https://www.brahmakumaris.com/soul-sustenance/20th-february-soul-sustenance/,Setup 301 Redirect to Primary Page and remove duplicate from sitemap
100.0%,https://www.brahmakumaris.com/soul-sustenance/beauty-in-character-part-1/,https://www.brahmakumaris.com/soul-sustenance/20th-february-soul-sustenance/,Setup 301 Redirect to Primary Page and remove duplicate from sitemap
100.0%,https://www.brahmakumaris.com/soul-sustenance/20th-february-soul-sustenance/,https://www.brahmakumaris.com/soul-sustenance/create-success-inside-and-outside/,Setup 301 Redirect to Primary Page and remove duplicate from sitemap
100.0%,https://www.brahmakumaris.com/soul-sustenance/20th-february-soul-sustenance/,https://www.brahmakumaris.com/soul-sustenance/creating-a-personality-of-truth-part-1/,Setup 301 Redirect to Primary Page and remove duplicate from sitemap
100.0%,https://www.brahmakumaris.com/soul-sustenance/12th-april-soul-sustenance/,https://www.brahmakumaris.com/soul-sustenance/20th-february-soul-sustenance/,Setup 301 Redirect to Primary Page and remove duplicate from sitemap
100.0%,https://www.brahmakumaris.com/soul-sustenance/20th-february-soul-sustenance/,https://www.brahmakumaris.com/soul-sustenance/making-concentration-your-nature/,Setup 301 Redirect to Primary Page and remove duplicate from sitemap
100.0%,https://www.brahmakumaris.com/soul-sustenance/30th-april-soul-sustenance/,https://www.brahmakumaris.com/soul-sustenance/20th-february-soul-sustenance/,Setup 301 Redirect to Primary Page and remove duplicate from sitemap
100.0%,https://www.brahmakumaris.com/soul-sustenance/02nd-june-soul-sustenance/,https://www.brahmakumaris.com/soul-sustenance/20th-february-soul-sustenance/,Setup 301 Redirect to Primary Page and remove duplicate from sitemap
100.0%,https://www.brahmakumaris.com/soul-sustenance/22nd-april-soul-sustenance/,https://www.brahmakumaris.com/soul-sustenance/20th-february-soul-sustenance/,Setup 301 Redirect to Primary Page and remove duplicate from sitemap
100.0%,https://www.brahmakumaris.com/soul-sustenance/20th-february-soul-sustenance/,https://www.brahmakumaris.com/soul-sustenance/26th-february-soul-sustenance/,Setup 301 Redirect to Primary Page and remove duplicate from sitemap
100.0%,https://www.brahmakumaris.com/soul-sustenance/20th-february-soul-sustenance/,https://www.brahmakumaris.com/soul-sustenance/ss-hindi/prashansa-mein-sthir-rahein/,Setup 301 Redirect to Primary Page and remove duplicate from sitemap
100.0%,https://www.brahmakumaris.com/soul-sustenance/28th-oct-soul-sustenance/,https://www.brahmakumaris.com/soul-sustenance/20th-february-soul-sustenance/,Setup 301 Redirect to Primary Page and remove duplicate from sitemap
100.0%,https://www.brahmakumaris.com/soul-sustenance/20th-february-soul-sustenance/,https://www.brahmakumaris.com/soul-sustenance/positive-thinking-and-visualization/,Setup 301 Redirect to Primary Page and remove duplicate from sitemap
100.0%,https://www.brahmakumaris.com/soul-sustenance/20th-february-soul-sustenance/,https://www.brahmakumaris.com/soul-sustenance/the-divine-meaning-of-dussehra-part-1/,Setup 301 Redirect to Primary Page and remove duplicate from sitemap
100.0%,https://www.brahmakumaris.com/soul-sustenance/18th-aug-soul-sustenance/,https://www.brahmakumaris.com/soul-sustenance/20th-february-soul-sustenance/,Setup 301 Redirect to Primary Page and remove duplicate from sitemap
100.0%,https://www.brahmakumaris.com/soul-sustenance/20th-february-soul-sustenance/,https://www.brahmakumaris.com/soul-sustenance/ss-hindi/5-prakar-ka-swasthya-santulan/,Setup 301 Redirect to Primary Page and remove duplicate from sitemap
100.0%,https://www.brahmakumaris.com/soul-sustenance/10th-jul-soul-sustenance/,https://www.brahmakumaris.com/soul-sustenance/20th-february-soul-sustenance/,Setup 301 Redirect to Primary Page and remove duplicate from sitemap
100.0%,https://www.brahmakumaris.com/soul-sustenance/20th-february-soul-sustenance/,https://www.brahmakumaris.com/soul-sustenance/ss-hindi/sweekrati-ki-lat-se-mukt-rahein/,Setup 301 Redirect to Primary Page and remove duplicate from sitemap
100.0%,https://www.brahmakumaris.com/soul-sustenance/09th-aug-soul-sustenance/,https://www.brahmakumaris.com/soul-sustenance/20th-february-soul-sustenance/,Setup 301 Redirect to Primary Page and remove duplicate from sitemap
100.0%,https://www.brahmakumaris.com/soul-sustenance/20th-february-soul-sustenance/,https://www.brahmakumaris.com/soul-sustenance/steps-for-overcoming-job-insecurity/,Setup 301 Redirect to Primary Page and remove duplicate from sitemap
100.0%,https://www.brahmakumaris.com/soul-sustenance/20th-february-soul-sustenance/,https://www.brahmakumaris.com/soul-sustenance/celebrating-the-happiness-of-others/,Setup 301 Redirect to Primary Page and remove duplicate from sitemap
100.0%,https://www.brahmakumaris.com/soul-sustenance/20th-february-soul-sustenance/,https://www.brahmakumaris.com/soul-sustenance/how-to-study-gods-wisdom-everyday/,Setup 301 Redirect to Primary Page and remove duplicate from sitemap
100.0%,https://www.brahmakumaris.com/soul-sustenance/03rd-may-soul-sustenance/,https://www.brahmakumaris.com/soul-sustenance/20th-february-soul-sustenance/,Setup 301 Redirect to Primary Page and remove duplicate from sitemap
100.0%,https://www.brahmakumaris.com/soul-sustenance/20th-february-soul-sustenance/,https://www.brahmakumaris.com/soul-sustenance/ss-hindi/vishw-ki-sone-ki-chidiya-bharat/,Setup 301 Redirect to Primary Page and remove duplicate from sitemap
100.0%,https://www.brahmakumaris.com/soul-sustenance/8th-march-soul-sustenance/,https://www.brahmakumaris.com/soul-sustenance/20th-february-soul-sustenance/,Setup 301 Redirect to Primary Page and remove duplicate from sitemap
100.0%,https://www.brahmakumaris.com/soul-sustenance/20th-february-soul-sustenance/,https://www.brahmakumaris.com/soul-sustenance/be-the-giver-in-your-relationships/,Setup 301 Redirect to Primary Page and remove duplicate from sitemap
100.0%,https://www.brahmakumaris.com/soul-sustenance/20th-february-soul-sustenance/,https://www.brahmakumaris.com/soul-sustenance/5-beautiful-specialties-of-god/,Setup 301 Redirect to Primary Page and remove duplicate from sitemap
100.0%,https://www.brahmakumaris.com/soul-sustenance/17th-oct-soul-sustenance/,https://www.brahmakumaris.com/soul-sustenance/20th-february-soul-sustenance/,Setup 301 Redirect to Primary Page and remove duplicate from sitemap
100.0%,https://www.brahmakumaris.com/soul-sustenance/20th-february-soul-sustenance/,https://www.brahmakumaris.com/soul-sustenance/ss-hindi/pratispardha-ya-sahyog/,Setup 301 Redirect to Primary Page and remove duplicate from sitemap
100.0%,https://www.brahmakumaris.com/soul-sustenance/12th-june-soul-sustenance/,https://www.brahmakumaris.com/soul-sustenance/20th-february-soul-sustenance/,Setup 301 Redirect to Primary Page and remove duplicate from sitemap
100.0%,https://www.brahmakumaris.com/soul-sustenance/1st-april-soul-sustenance/,https://www.brahmakumaris.com/soul-sustenance/20th-february-soul-sustenance/,Setup 301 Redirect to Primary Page and remove duplicate from sitemap
100.0%,https://www.brahmakumaris.com/soul-sustenance/20th-february-soul-sustenance/,https://www.brahmakumaris.com/soul-sustenance/ss-hindi/expectation-na-karein/,Setup 301 Redirect to Primary Page and remove duplicate from sitemap
100.0%,https://www.brahmakumaris.com/soul-sustenance/27th-sep-soul-sustenance/,https://www.brahmakumaris.com/soul-sustenance/20th-february-soul-sustenance/,Setup 301 Redirect to Primary Page and remove duplicate from sitemap
100.0%,https://www.brahmakumaris.com/soul-sustenance/05th-nov-soul-sustenance/,https://www.brahmakumaris.com/soul-sustenance/20th-february-soul-sustenance/,Setup 301 Redirect to Primary Page and remove duplicate from sitemap
100.0%,https://www.brahmakumaris.com/soul-sustenance/25th-march-soul-sustenance/,https://www.brahmakumaris.com/soul-sustenance/20th-february-soul-sustenance/,Setup 301 Redirect to Primary Page and remove duplicate from sitemap
100.0%,https://www.brahmakumaris.com/soul-sustenance/01st-may-soul-sustenance/,https://www.brahmakumaris.com/soul-sustenance/20th-february-soul-sustenance/,Setup 301 Redirect to Primary Page and remove duplicate from sitemap
100.0%,https://www.brahmakumaris.com/soul-sustenance/20th-february-soul-sustenance/,https://www.brahmakumaris.com/soul-sustenance/ss-hindi/yog-ke-7-sundar-laabh/,Setup 301 Redirect to Primary Page and remove duplicate from sitemap
100.0%,https://www.brahmakumaris.com/soul-sustenance/06th-jul-soul-sustenance/,https://www.brahmakumaris.com/soul-sustenance/20th-february-soul-sustenance/,Setup 301 Redirect to Primary Page and remove duplicate from sitemap
100.0%,https://www.brahmakumaris.com/soul-sustenance/20th-february-soul-sustenance/,https://www.brahmakumaris.com/soul-sustenance/ss-hindi/bharpurta-ka-drushtikon/,Setup 301 Redirect to Primary Page and remove duplicate from sitemap
100.0%,https://www.brahmakumaris.com/soul-sustenance/ss-hindi/rishton-ki-neev/,https://www.brahmakumaris.com/soul-sustenance/20th-february-soul-sustenance/,Setup 301 Redirect to Primary Page and remove duplicate from sitemap
100.0%,https://www.brahmakumaris.com/soul-sustenance/20th-february-soul-sustenance/,https://www.brahmakumaris.com/soul-sustenance/executing-right-habits-consistently/,Setup 301 Redirect to Primary Page and remove duplicate from sitemap
100.0%,https://www.brahmakumaris.com/soul-sustenance/20th-february-soul-sustenance/,https://www.brahmakumaris.com/soul-sustenance/ss-hindi/devi-devtaon-ki-5-yogyataein/,Setup 301 Redirect to Primary Page and remove duplicate from sitemap
100.0%,https://www.brahmakumaris.com/soul-sustenance/13th-nov-soul-sustenance/,https://www.brahmakumaris.com/soul-sustenance/20th-february-soul-sustenance/,Setup 301 Redirect to Primary Page and remove duplicate from sitemap
100.0%,https://www.brahmakumaris.com/soul-sustenance/02nd-sep-soul-sustenance/,https://www.brahmakumaris.com/soul-sustenance/20th-february-soul-sustenance/,Setup 301 Redirect to Primary Page and remove duplicate from sitemap
100.0%,https://www.brahmakumaris.com/soul-sustenance/28th-march-soul-sustenance/,https://www.brahmakumaris.com/soul-sustenance/20th-february-soul-sustenance/,Setup 301 Redirect to Primary Page and remove duplicate from sitemap
100.0%,https://www.brahmakumaris.com/soul-sustenance/22nd-march-soul-sustenance/,https://www.brahmakumaris.com/soul-sustenance/20th-february-soul-sustenance/,Setup 301 Redirect to Primary Page and remove duplicate from sitemap
100.0%,https://www.brahmakumaris.com/soul-sustenance/20th-february-soul-sustenance/,https://www.brahmakumaris.com/soul-sustenance/take-and-apply-one-value-for-each-day/,Setup 301 Redirect to Primary Page and remove duplicate from sitemap
100.0%,https://www.brahmakumaris.com/soul-sustenance/20th-february-soul-sustenance/,https://www.brahmakumaris.com/soul-sustenance/our-role-when-a-loved-one-is-in-pain/,Setup 301 Redirect to Primary Page and remove duplicate from sitemap
100.0%,https://www.brahmakumaris.com/soul-sustenance/20th-february-soul-sustenance/,https://www.brahmakumaris.com/soul-sustenance/ss-hindi/divya-aatma-ke-12-gun-bhag-1/,Setup 301 Redirect to Primary Page and remove duplicate from sitemap
100.0%,https://www.brahmakumaris.com/soul-sustenance/asserting-without-arrogance/,https://www.brahmakumaris.com/soul-sustenance/20th-february-soul-sustenance/,Setup 301 Redirect to Primary Page and remove duplicate from sitemap
100.0%,https://www.brahmakumaris.com/soul-sustenance/3rd-april-soul-sustenance/,https://www.brahmakumaris.com/soul-sustenance/20th-february-soul-sustenance/,Setup 301 Redirect to Primary Page and remove duplicate from sitemap
100.0%,https://www.brahmakumaris.com/soul-sustenance/20th-february-soul-sustenance/,https://www.brahmakumaris.com/soul-sustenance/connecting-with-god-the-spiritual-seed/,Setup 301 Redirect to Primary Page and remove duplicate from sitemap
100.0%,https://www.brahmakumaris.com/soul-sustenance/8th-april-soul-sustenance/,https://www.brahmakumaris.com/soul-sustenance/20th-february-soul-sustenance/,Setup 301 Redirect to Primary Page and remove duplicate from sitemap
100.0%,https://www.brahmakumaris.com/soul-sustenance/20th-february-soul-sustenance/,https://www.brahmakumaris.com/soul-sustenance/ss-hindi/holi-ka-aadhyatmik-arth-1/,Setup 301 Redirect to Primary Page and remove duplicate from sitemap
100.0%,https://www.brahmakumaris.com/soul-sustenance/letting-go-easily/,https://www.brahmakumaris.com/soul-sustenance/20th-february-soul-sustenance/,Setup 301 Redirect to Primary Page and remove duplicate from sitemap
100.0%,https://www.brahmakumaris.com/soul-sustenance/competition-and-co-operation/,https://www.brahmakumaris.com/soul-sustenance/20th-february-soul-sustenance/,Setup 301 Redirect to Primary Page and remove duplicate from sitemap
100.0%,https://www.brahmakumaris.com/soul-sustenance/20th-february-soul-sustenance/,https://www.brahmakumaris.com/soul-sustenance/start-listening-more-be-less-judgmental/,Setup 301 Redirect to Primary Page and remove duplicate from sitemap
100.0%,https://www.brahmakumaris.com/soul-sustenance/01st-jul-soul-sustenance/,https://www.brahmakumaris.com/soul-sustenance/20th-february-soul-sustenance/,Setup 301 Redirect to Primary Page and remove duplicate from sitemap
100.0%,https://www.brahmakumaris.com/soul-sustenance/20th-february-soul-sustenance/,https://www.brahmakumaris.com/soul-sustenance/learning-to-be-at-peace-with-time-part-1/,Setup 301 Redirect to Primary Page and remove duplicate from sitemap
100.0%,https://www.brahmakumaris.com/soul-sustenance/13th-sep-soul-sustenance/,https://www.brahmakumaris.com/soul-sustenance/20th-february-soul-sustenance/,Setup 301 Redirect to Primary Page and remove duplicate from sitemap
100.0%,https://www.brahmakumaris.com/soul-sustenance/20th-february-soul-sustenance/,https://www.brahmakumaris.com/soul-sustenance/allow-simplicity-to-take-over-your-life/,Setup 301 Redirect to Primary Page and remove duplicate from sitemap
100.0%,https://www.brahmakumaris.com/soul-sustenance/04th-nov-soul-sustenance/,https://www.brahmakumaris.com/soul-sustenance/20th-february-soul-sustenance/,Setup 301 Redirect to Primary Page and remove duplicate from sitemap
100.0%,https://www.brahmakumaris.com/soul-sustenance/24th-april-soul-sustenance/,https://www.brahmakumaris.com/soul-sustenance/20th-february-soul-sustenance/,Setup 301 Redirect to Primary Page and remove duplicate from sitemap
100.0%,https://www.brahmakumaris.com/soul-sustenance/20th-february-soul-sustenance/,https://www.brahmakumaris.com/soul-sustenance/creating-a-world-of-forgiveness-part-1/,Setup 301 Redirect to Primary Page and remove duplicate from sitemap
100.0%,https://www.brahmakumaris.com/soul-sustenance/20th-february-soul-sustenance/,https://www.brahmakumaris.com/soul-sustenance/who-is-responsible-for-my-destiny/,Setup 301 Redirect to Primary Page and remove duplicate from sitemap
100.0%,https://www.brahmakumaris.com/soul-sustenance/20th-february-soul-sustenance/,https://www.brahmakumaris.com/soul-sustenance/check-your-adaptability-quotient/,Setup 301 Redirect to Primary Page and remove duplicate from sitemap
100.0%,https://www.brahmakumaris.com/soul-sustenance/17th-may-soul-sustenance/,https://www.brahmakumaris.com/soul-sustenance/20th-february-soul-sustenance/,Setup 301 Redirect to Primary Page and remove duplicate from sitemap
100.0%,https://www.brahmakumaris.com/soul-sustenance/28th-may-soul-sustenance/,https://www.brahmakumaris.com/soul-sustenance/20th-february-soul-sustenance/,Setup 301 Redirect to Primary Page and remove duplicate from sitemap
100.0%,https://www.brahmakumaris.com/soul-sustenance/20th-february-soul-sustenance/,https://www.brahmakumaris.com/soul-sustenance/ss-hindi/kshama-karein-aur-bhool-jayein/,Setup 301 Redirect to Primary Page and remove duplicate from sitemap
100.0%,https://www.brahmakumaris.com/soul-sustenance/5-gifts-to-god/,https://www.brahmakumaris.com/soul-sustenance/20th-february-soul-sustenance/,Setup 301 Redirect to Primary Page and remove duplicate from sitemap
100.0%,https://www.brahmakumaris.com/soul-sustenance/20th-february-soul-sustenance/,https://www.brahmakumaris.com/soul-sustenance/spiritual-roses-of-the-supreme-gardener/,Setup 301 Redirect to Primary Page and remove duplicate from sitemap
100.0%,https://www.brahmakumaris.com/soul-sustenance/20th-april-soul-sustenance/,https://www.brahmakumaris.com/soul-sustenance/20th-february-soul-sustenance/,Setup 301 Redirect to Primary Page and remove duplicate from sitemap
100.0%,https://www.brahmakumaris.com/soul-sustenance/being-before-doing/,https://www.brahmakumaris.com/soul-sustenance/20th-february-soul-sustenance/,Setup 301 Redirect to Primary Page and remove duplicate from sitemap
100.0%,https://www.brahmakumaris.com/soul-sustenance/20th-february-soul-sustenance/,https://www.brahmakumaris.com/soul-sustenance/should-we-be-emotional-or-not-part-1/,Setup 301 Redirect to Primary Page and remove duplicate from sitemap
100.0%,https://www.brahmakumaris.com/soul-sustenance/08th-june-soul-sustenance/,https://www.brahmakumaris.com/soul-sustenance/20th-february-soul-sustenance/,Setup 301 Redirect to Primary Page and remove duplicate from sitemap
100.0%,https://www.brahmakumaris.com/soul-sustenance/30th-oct-soul-sustenance/,https://www.brahmakumaris.com/soul-sustenance/20th-february-soul-sustenance/,Setup 301 Redirect to Primary Page and remove duplicate from sitemap
100.0%,https://www.brahmakumaris.com/soul-sustenance/20th-february-soul-sustenance/,https://www.brahmakumaris.com/soul-sustenance/ss-hindi/swayam-se-prem-karein/,Setup 301 Redirect to Primary Page and remove duplicate from sitemap
100.0%,https://www.brahmakumaris.com/soul-sustenance/21st-aug-soul-sustenance/,https://www.brahmakumaris.com/soul-sustenance/20th-february-soul-sustenance/,Setup 301 Redirect to Primary Page and remove duplicate from sitemap
100.0%,https://www.brahmakumaris.com/soul-sustenance/20th-february-soul-sustenance/,https://www.brahmakumaris.com/soul-sustenance/ss-hindi/baaton-ko-aasani-se-jaane-dein/,Setup 301 Redirect to Primary Page and remove duplicate from sitemap
100.0%,https://www.brahmakumaris.com/soul-sustenance/20th-february-soul-sustenance/,https://www.brahmakumaris.com/soul-sustenance/acceptance-is-strength-not-weakness/,Setup 301 Redirect to Primary Page and remove duplicate from sitemap
100.0%,https://www.brahmakumaris.com/soul-sustenance/30th-sep-soul-sustenance/,https://www.brahmakumaris.com/soul-sustenance/20th-february-soul-sustenance/,Setup 301 Redirect to Primary Page and remove duplicate from sitemap
100.0%,https://www.brahmakumaris.com/soul-sustenance/13th-june-soul-sustenance/,https://www.brahmakumaris.com/soul-sustenance/20th-february-soul-sustenance/,Setup 301 Redirect to Primary Page and remove duplicate from sitemap
100.0%,https://www.brahmakumaris.com/soul-sustenance/22nd-may-soul-sustenance/,https://www.brahmakumaris.com/soul-sustenance/20th-february-soul-sustenance/,Setup 301 Redirect to Primary Page and remove duplicate from sitemap
100.0%,https://www.brahmakumaris.com/soul-sustenance/05th-june-soul-sustenance/,https://www.brahmakumaris.com/soul-sustenance/20th-february-soul-sustenance/,Setup 301 Redirect to Primary Page and remove duplicate from sitemap
100.0%,https://www.brahmakumaris.com/soul-sustenance/02nd-oct-soul-sustenance/,https://www.brahmakumaris.com/soul-sustenance/20th-february-soul-sustenance/,Setup 301 Redirect to Primary Page and remove duplicate from sitemap
100.0%,https://www.brahmakumaris.com/soul-sustenance/16th-sep-soul-sustenance/,https://www.brahmakumaris.com/soul-sustenance/20th-february-soul-sustenance/,Setup 301 Redirect to Primary Page and remove duplicate from sitemap
100.0%,https://www.brahmakumaris.com/soul-sustenance/20th-february-soul-sustenance/,https://www.brahmakumaris.com/soul-sustenance/happiness-is-a-journey-not-a-destination/,Setup 301 Redirect to Primary Page and remove duplicate from sitemap
100.0%,https://www.brahmakumaris.com/soul-sustenance/20th-february-soul-sustenance/,https://www.brahmakumaris.com/soul-sustenance/god-as-the-supreme-father-and-mother/,Setup 301 Redirect to Primary Page and remove duplicate from sitemap
100.0%,https://www.brahmakumaris.com/soul-sustenance/forgive-and-forget/,https://www.brahmakumaris.com/soul-sustenance/20th-february-soul-sustenance/,Setup 301 Redirect to Primary Page and remove duplicate from sitemap
100.0%,https://www.brahmakumaris.com/soul-sustenance/20th-february-soul-sustenance/,https://www.brahmakumaris.com/soul-sustenance/ss-hindi/hamesha-niswarth-prem-karein/,Setup 301 Redirect to Primary Page and remove duplicate from sitemap
100.0%,https://www.brahmakumaris.com/soul-sustenance/can-love-hurt-me/,https://www.brahmakumaris.com/soul-sustenance/20th-february-soul-sustenance/,Setup 301 Redirect to Primary Page and remove duplicate from sitemap
100.0%,https://www.brahmakumaris.com/soul-sustenance/21st-sep-soul-sustenance/,https://www.brahmakumaris.com/soul-sustenance/20th-february-soul-sustenance/,Setup 301 Redirect to Primary Page and remove duplicate from sitemap
100.0%,https://www.brahmakumaris.com/soul-sustenance/20th-february-soul-sustenance/,https://www.brahmakumaris.com/soul-sustenance/ss-hindi/ahankar-par-kaabu-paayein/,Setup 301 Redirect to Primary Page and remove duplicate from sitemap
100.0%,https://www.brahmakumaris.com/soul-sustenance/25th-sep-soul-sustenance/,https://www.brahmakumaris.com/soul-sustenance/20th-february-soul-sustenance/,Setup 301 Redirect to Primary Page and remove duplicate from sitemap
100.0%,https://www.brahmakumaris.com/soul-sustenance/20th-february-soul-sustenance/,https://www.brahmakumaris.com/soul-sustenance/ss-hindi/parmatma-se-sundar-bhagya/,Setup 301 Redirect to Primary Page and remove duplicate from sitemap
100.0%,https://www.brahmakumaris.com/soul-sustenance/07th-nov-soul-sustenance/,https://www.brahmakumaris.com/soul-sustenance/20th-february-soul-sustenance/,Setup 301 Redirect to Primary Page and remove duplicate from sitemap
100.0%,https://www.brahmakumaris.com/soul-sustenance/20th-february-soul-sustenance/,https://www.brahmakumaris.com/soul-sustenance/25th-february-soul-sustenance/,Setup 301 Redirect to Primary Page and remove duplicate from sitemap
100.0%,https://www.brahmakumaris.com/soul-sustenance/20th-february-soul-sustenance/,https://www.brahmakumaris.com/soul-sustenance/ss-hindi/man-aur-uski-rachnaein/,Setup 301 Redirect to Primary Page and remove duplicate from sitemap
100.0%,https://www.brahmakumaris.com/soul-sustenance/07th-sep-soul-sustenance/,https://www.brahmakumaris.com/soul-sustenance/20th-february-soul-sustenance/,Setup 301 Redirect to Primary Page and remove duplicate from sitemap
100.0%,https://www.brahmakumaris.com/soul-sustenance/14th-aug-soul-sustenance/,https://www.brahmakumaris.com/soul-sustenance/20th-february-soul-sustenance/,Setup 301 Redirect to Primary Page and remove duplicate from sitemap
100.0%,https://www.brahmakumaris.com/soul-sustenance/20th-february-soul-sustenance/,https://www.brahmakumaris.com/soul-sustenance/5-steps-to-a-stress-free-life-part-1/,Setup 301 Redirect to Primary Page and remove duplicate from sitemap
100.0%,https://www.brahmakumaris.com/soul-sustenance/20th-february-soul-sustenance/,https://www.brahmakumaris.com/soul-sustenance/look-at-solutions-not-at-problems/,Setup 301 Redirect to Primary Page and remove duplicate from sitemap
100.0%,https://www.brahmakumaris.com/soul-sustenance/5-keys-to-constant-happiness/,https://www.brahmakumaris.com/soul-sustenance/20th-february-soul-sustenance/,Setup 301 Redirect to Primary Page and remove duplicate from sitemap
100.0%,https://www.brahmakumaris.com/soul-sustenance/12th-sep-soul-sustenance/,https://www.brahmakumaris.com/soul-sustenance/20th-february-soul-sustenance/,Setup 301 Redirect to Primary Page and remove duplicate from sitemap
100.0%,https://www.brahmakumaris.com/soul-sustenance/18th-nov-soul-sustenance/,https://www.brahmakumaris.com/soul-sustenance/20th-february-soul-sustenance/,Setup 301 Redirect to Primary Page and remove duplicate from sitemap
100.0%,https://www.brahmakumaris.com/soul-sustenance/26th-aug-soul-sustenance/,https://www.brahmakumaris.com/soul-sustenance/20th-february-soul-sustenance/,Setup 301 Redirect to Primary Page and remove duplicate from sitemap
100.0%,https://www.brahmakumaris.com/soul-sustenance/20th-february-soul-sustenance/,https://www.brahmakumaris.com/soul-sustenance/be-humble-and-give-regard-to-everyone/,Setup 301 Redirect to Primary Page and remove duplicate from sitemap
100.0%,https://www.brahmakumaris.com/soul-sustenance/20th-february-soul-sustenance/,https://www.brahmakumaris.com/soul-sustenance/pure-bites-5-tips-for-pure-eating/,Setup 301 Redirect to Primary Page and remove duplicate from sitemap
100.0%,https://www.brahmakumaris.com/soul-sustenance/20th-february-soul-sustenance/,https://www.brahmakumaris.com/soul-sustenance/16th-february-soul-sustenance/,Setup 301 Redirect to Primary Page and remove duplicate from sitemap
100.0%,https://www.brahmakumaris.com/soul-sustenance/11th-jul-soul-sustenance/,https://www.brahmakumaris.com/soul-sustenance/20th-february-soul-sustenance/,Setup 301 Redirect to Primary Page and remove duplicate from sitemap
100.0%,https://www.brahmakumaris.com/soul-sustenance/20th-february-soul-sustenance/,https://www.brahmakumaris.com/soul-sustenance/why-are-we-losing-self-control/,Setup 301 Redirect to Primary Page and remove duplicate from sitemap
100.0%,https://www.brahmakumaris.com/soul-sustenance/20th-february-soul-sustenance/,https://www.brahmakumaris.com/soul-sustenance/ss-hindi/dawai-lete-samay-sahi-soch/,Setup 301 Redirect to Primary Page and remove duplicate from sitemap
100.0%,https://www.brahmakumaris.com/soul-sustenance/20th-february-soul-sustenance/,https://www.brahmakumaris.com/soul-sustenance/positive-thought-based-living-part-1/,Setup 301 Redirect to Primary Page and remove duplicate from sitemap
100.0%,https://www.brahmakumaris.com/soul-sustenance/20th-february-soul-sustenance/,https://www.brahmakumaris.com/soul-sustenance/giving-unconditional-love-to-everyone/,Setup 301 Redirect to Primary Page and remove duplicate from sitemap
100.0%,https://www.brahmakumaris.com/soul-sustenance/11th-sep-soul-sustenance/,https://www.brahmakumaris.com/soul-sustenance/20th-february-soul-sustenance/,Setup 301 Redirect to Primary Page and remove duplicate from sitemap
100.0%,https://www.brahmakumaris.com/soul-sustenance/20th-february-soul-sustenance/,https://www.brahmakumaris.com/soul-sustenance/28th-february-soul-sustenance/,Setup 301 Redirect to Primary Page and remove duplicate from sitemap
100.0%,https://www.brahmakumaris.com/soul-sustenance/05th-oct-soul-sustenance/,https://www.brahmakumaris.com/soul-sustenance/20th-february-soul-sustenance/,Setup 301 Redirect to Primary Page and remove duplicate from sitemap
100.0%,https://www.brahmakumaris.com/soul-sustenance/17th-april-soul-sustenance/,https://www.brahmakumaris.com/soul-sustenance/20th-february-soul-sustenance/,Setup 301 Redirect to Primary Page and remove duplicate from sitemap
100.0%,https://www.brahmakumaris.com/soul-sustenance/20th-february-soul-sustenance/,https://www.brahmakumaris.com/soul-sustenance/keep-giving-to-others-constantly-part-1/,Setup 301 Redirect to Primary Page and remove duplicate from sitemap
100.0%,https://www.brahmakumaris.com/soul-sustenance/20th-february-soul-sustenance/,https://www.brahmakumaris.com/soul-sustenance/7-beautiful-benefits-of-meditation/,Setup 301 Redirect to Primary Page and remove duplicate from sitemap
100.0%,https://www.brahmakumaris.com/soul-sustenance/19th-june-soul-sustenance/,https://www.brahmakumaris.com/soul-sustenance/20th-february-soul-sustenance/,Setup 301 Redirect to Primary Page and remove duplicate from sitemap
100.0%,https://www.brahmakumaris.com/soul-sustenance/20th-february-soul-sustenance/,https://www.brahmakumaris.com/soul-sustenance/ss-hindi/spashtata-rakhein-bhram-nahin/,Setup 301 Redirect to Primary Page and remove duplicate from sitemap
100.0%,https://www.brahmakumaris.com/soul-sustenance/06th-oct-soul-sustenance/,https://www.brahmakumaris.com/soul-sustenance/20th-february-soul-sustenance/,Setup 301 Redirect to Primary Page and remove duplicate from sitemap
100.0%,https://www.brahmakumaris.com/soul-sustenance/12th-aug-soul-sustenance/,https://www.brahmakumaris.com/soul-sustenance/20th-february-soul-sustenance/,Setup 301 Redirect to Primary Page and remove duplicate from sitemap
100.0%,https://www.brahmakumaris.com/soul-sustenance/20th-february-soul-sustenance/,https://www.brahmakumaris.com/soul-sustenance/how-does-the-law-of-karma-work/,Setup 301 Redirect to Primary Page and remove duplicate from sitemap
100.0%,https://www.brahmakumaris.com/soul-sustenance/20th-february-soul-sustenance/,https://www.brahmakumaris.com/soul-sustenance/shifting-from-control-to-concern/,Setup 301 Redirect to Primary Page and remove duplicate from sitemap
100.0%,https://www.brahmakumaris.com/soul-sustenance/20th-february-soul-sustenance/,https://www.brahmakumaris.com/soul-sustenance/do-love-and-pain-go-hand-in-hand/,Setup 301 Redirect to Primary Page and remove duplicate from sitemap
100.0%,https://www.brahmakumaris.com/soul-sustenance/20th-february-soul-sustenance/,https://www.brahmakumaris.com/soul-sustenance/how-to-become-a-trustee-of-god-part-1/,Setup 301 Redirect to Primary Page and remove duplicate from sitemap
100.0%,https://www.brahmakumaris.com/soul-sustenance/23rd-sep-soul-sustenance/,https://www.brahmakumaris.com/soul-sustenance/20th-february-soul-sustenance/,Setup 301 Redirect to Primary Page and remove duplicate from sitemap
100.0%,https://www.brahmakumaris.com/soul-sustenance/20th-february-soul-sustenance/,https://www.brahmakumaris.com/soul-sustenance/ss-hindi/man-ko-chintamukt-rakhein/,Setup 301 Redirect to Primary Page and remove duplicate from sitemap
100.0%,https://www.brahmakumaris.com/soul-sustenance/20th-february-soul-sustenance/,https://www.brahmakumaris.com/soul-sustenance/flying-with-the-wings-of-gods-love/,Setup 301 Redirect to Primary Page and remove duplicate from sitemap
100.0%,https://www.brahmakumaris.com/soul-sustenance/13th-april-soul-sustenance/,https://www.brahmakumaris.com/soul-sustenance/20th-february-soul-sustenance/,Setup 301 Redirect to Primary Page and remove duplicate from sitemap
100.0%,https://www.brahmakumaris.com/soul-sustenance/06th-may-soul-sustenance/,https://www.brahmakumaris.com/soul-sustenance/20th-february-soul-sustenance/,Setup 301 Redirect to Primary Page and remove duplicate from sitemap
100.0%,https://www.brahmakumaris.com/soul-sustenance/22nd-sep-soul-sustenance/,https://www.brahmakumaris.com/soul-sustenance/20th-february-soul-sustenance/,Setup 301 Redirect to Primary Page and remove duplicate from sitemap
100.0%,https://www.brahmakumaris.com/soul-sustenance/be-easy-not-busy/,https://www.brahmakumaris.com/soul-sustenance/20th-february-soul-sustenance/,Setup 301 Redirect to Primary Page and remove duplicate from sitemap
100.0%,https://www.brahmakumaris.com/soul-sustenance/20th-february-soul-sustenance/,https://www.brahmakumaris.com/soul-sustenance/ss-hindi/ahankaar-ke-bina-drudh-rahna/,Setup 301 Redirect to Primary Page and remove duplicate from sitemap
100.0%,https://www.brahmakumaris.com/soul-sustenance/20th-february-soul-sustenance/,https://www.brahmakumaris.com/soul-sustenance/ss-hindi/sway-ko-bless-kaise-karein/,Setup 301 Redirect to Primary Page and remove duplicate from sitemap
100.0%,https://www.brahmakumaris.com/soul-sustenance/20th-february-soul-sustenance/,https://www.brahmakumaris.com/soul-sustenance/overcoming-self-doubt-and-insecurities/,Setup 301 Redirect to Primary Page and remove duplicate from sitemap
100.0%,https://www.brahmakumaris.com/soul-sustenance/21st-april-soul-sustenance/,https://www.brahmakumaris.com/soul-sustenance/20th-february-soul-sustenance/,Setup 301 Redirect to Primary Page and remove duplicate from sitemap
100.0%,https://www.brahmakumaris.com/soul-sustenance/how-to-be-contented-always/,https://www.brahmakumaris.com/soul-sustenance/20th-february-soul-sustenance/,Setup 301 Redirect to Primary Page and remove duplicate from sitemap
100.0%,https://www.brahmakumaris.com/soul-sustenance/25th-june-soul-sustenance/,https://www.brahmakumaris.com/soul-sustenance/20th-february-soul-sustenance/,Setup 301 Redirect to Primary Page and remove duplicate from sitemap
100.0%,https://www.brahmakumaris.com/soul-sustenance/17th-june-soul-sustenance/,https://www.brahmakumaris.com/soul-sustenance/20th-february-soul-sustenance/,Setup 301 Redirect to Primary Page and remove duplicate from sitemap
100.0%,https://www.brahmakumaris.com/soul-sustenance/01st-aug-soul-sustenance/,https://www.brahmakumaris.com/soul-sustenance/20th-february-soul-sustenance/,Setup 301 Redirect to Primary Page and remove duplicate from sitemap
100.0%,https://www.brahmakumaris.com/soul-sustenance/09th-nov-soul-sustenance/,https://www.brahmakumaris.com/soul-sustenance/20th-february-soul-sustenance/,Setup 301 Redirect to Primary Page and remove duplicate from sitemap
100.0%,https://www.brahmakumaris.com/soul-sustenance/26th-june-soul-sustenance/,https://www.brahmakumaris.com/soul-sustenance/20th-february-soul-sustenance/,Setup 301 Redirect to Primary Page and remove duplicate from sitemap
100.0%,https://www.brahmakumaris.com/soul-sustenance/20th-february-soul-sustenance/,https://www.brahmakumaris.com/soul-sustenance/how-to-bless-people-and-situations/,Setup 301 Redirect to Primary Page and remove duplicate from sitemap
100.0%,https://www.brahmakumaris.com/soul-sustenance/17th-aug-soul-sustenance/,https://www.brahmakumaris.com/soul-sustenance/20th-february-soul-sustenance/,Setup 301 Redirect to Primary Page and remove duplicate from sitemap
100.0%,https://www.brahmakumaris.com/soul-sustenance/20th-february-soul-sustenance/,https://www.brahmakumaris.com/soul-sustenance/the-spiritual-meaning-of-holi-part-1/,Setup 301 Redirect to Primary Page and remove duplicate from sitemap
100.0%,https://www.brahmakumaris.com/soul-sustenance/14th-oct-soul-sustenance/,https://www.brahmakumaris.com/soul-sustenance/20th-february-soul-sustenance/,Setup 301 Redirect to Primary Page and remove duplicate from sitemap
100.0%,https://www.brahmakumaris.com/soul-sustenance/20th-february-soul-sustenance/,https://www.brahmakumaris.com/soul-sustenance/ss-hindi/man-ko-shant-kaise-kare/,Setup 301 Redirect to Primary Page and remove duplicate from sitemap
100.0%,https://www.brahmakumaris.com/soul-sustenance/20th-february-soul-sustenance/,https://www.brahmakumaris.com/soul-sustenance/speak-less-speak-slowly-and-speak-softly/,Setup 301 Redirect to Primary Page and remove duplicate from sitemap
100.0%,https://www.brahmakumaris.com/soul-sustenance/09th-june-soul-sustenance/,https://www.brahmakumaris.com/soul-sustenance/20th-february-soul-sustenance/,Setup 301 Redirect to Primary Page and remove duplicate from sitemap
100.0%,https://www.brahmakumaris.com/soul-sustenance/08th-may-soul-sustenance/,https://www.brahmakumaris.com/soul-sustenance/20th-february-soul-sustenance/,Setup 301 Redirect to Primary Page and remove duplicate from sitemap
100.0%,https://www.brahmakumaris.com/soul-sustenance/what-will-people-say/,https://www.brahmakumaris.com/soul-sustenance/20th-february-soul-sustenance/,Setup 301 Redirect to Primary Page and remove duplicate from sitemap
100.0%,https://www.brahmakumaris.com/soul-sustenance/06th-nov-soul-sustenance/,https://www.brahmakumaris.com/soul-sustenance/20th-february-soul-sustenance/,Setup 301 Redirect to Primary Page and remove duplicate from sitemap
100.0%,https://www.brahmakumaris.com/soul-sustenance/__trashed-7/,https://www.brahmakumaris.com/soul-sustenance/20th-february-soul-sustenance/,Setup 301 Redirect to Primary Page and remove duplicate from sitemap
100.0%,https://www.brahmakumaris.com/soul-sustenance/22nd-jul-soul-sustenance/,https://www.brahmakumaris.com/soul-sustenance/20th-february-soul-sustenance/,Setup 301 Redirect to Primary Page and remove duplicate from sitemap
100.0%,https://www.brahmakumaris.com/soul-sustenance/avoiding-mood-swings/,https://www.brahmakumaris.com/soul-sustenance/20th-february-soul-sustenance/,Setup 301 Redirect to Primary Page and remove duplicate from sitemap
100.0%,https://www.brahmakumaris.com/soul-sustenance/20th-february-soul-sustenance/,https://www.brahmakumaris.com/soul-sustenance/creating-a-nature-of-permanent-happiness/,Setup 301 Redirect to Primary Page and remove duplicate from sitemap
100.0%,https://www.brahmakumaris.com/soul-sustenance/20th-february-soul-sustenance/,https://www.brahmakumaris.com/soul-sustenance/your-will-power-is-your-biggest-strength/,Setup 301 Redirect to Primary Page and remove duplicate from sitemap
100.0%,https://www.brahmakumaris.com/soul-sustenance/30th-march-soul-sustenance/,https://www.brahmakumaris.com/soul-sustenance/20th-february-soul-sustenance/,Setup 301 Redirect to Primary Page and remove duplicate from sitemap
100.0%,https://www.brahmakumaris.com/soul-sustenance/27th-april-soul-sustenance/,https://www.brahmakumaris.com/soul-sustenance/20th-february-soul-sustenance/,Setup 301 Redirect to Primary Page and remove duplicate from sitemap
100.0%,https://www.brahmakumaris.com/soul-sustenance/20th-february-soul-sustenance/,https://www.brahmakumaris.com/soul-sustenance/ss-hindi/apne-past-se-shekhein/,Setup 301 Redirect to Primary Page and remove duplicate from sitemap
100.0%,https://www.brahmakumaris.com/soul-sustenance/recording-scenes-carefully/,https://www.brahmakumaris.com/soul-sustenance/20th-february-soul-sustenance/,Setup 301 Redirect to Primary Page and remove duplicate from sitemap
100.0%,https://www.brahmakumaris.com/soul-sustenance/10th-sep-soul-sustenance/,https://www.brahmakumaris.com/soul-sustenance/20th-february-soul-sustenance/,Setup 301 Redirect to Primary Page and remove duplicate from sitemap
100.0%,https://www.brahmakumaris.com/soul-sustenance/09th-oct-soul-sustenance/,https://www.brahmakumaris.com/soul-sustenance/20th-february-soul-sustenance/,Setup 301 Redirect to Primary Page and remove duplicate from sitemap
100.0%,https://www.brahmakumaris.com/soul-sustenance/20th-february-soul-sustenance/,https://www.brahmakumaris.com/soul-sustenance/ss-hindi/main-karunga-naaki-koshish/,Setup 301 Redirect to Primary Page and remove duplicate from sitemap
100.0%,https://www.brahmakumaris.com/soul-sustenance/15th-april-soul-sustenance/,https://www.brahmakumaris.com/soul-sustenance/20th-february-soul-sustenance/,Setup 301 Redirect to Primary Page and remove duplicate from sitemap
100.0%,https://www.brahmakumaris.com/soul-sustenance/21st-march-soul-sustenance/,https://www.brahmakumaris.com/soul-sustenance/20th-february-soul-sustenance/,Setup 301 Redirect to Primary Page and remove duplicate from sitemap
100.0%,https://www.brahmakumaris.com/soul-sustenance/29th-april-soul-sustenance/,https://www.brahmakumaris.com/soul-sustenance/20th-february-soul-sustenance/,Setup 301 Redirect to Primary Page and remove duplicate from sitemap
100.0%,https://www.brahmakumaris.com/soul-sustenance/07th-jul-soul-sustenance/,https://www.brahmakumaris.com/soul-sustenance/20th-february-soul-sustenance/,Setup 301 Redirect to Primary Page and remove duplicate from sitemap
100.0%,https://www.brahmakumaris.com/soul-sustenance/20th-february-soul-sustenance/,https://www.brahmakumaris.com/soul-sustenance/ss-hindi/labhkaari-karmik-balance/,Setup 301 Redirect to Primary Page and remove duplicate from sitemap
100.0%,https://www.brahmakumaris.com/soul-sustenance/08th-aug-soul-sustenance/,https://www.brahmakumaris.com/soul-sustenance/20th-february-soul-sustenance/,Setup 301 Redirect to Primary Page and remove duplicate from sitemap
100.0%,https://www.brahmakumaris.com/soul-sustenance/ss-hindi/12th-feb-ssh/,https://www.brahmakumaris.com/soul-sustenance/20th-february-soul-sustenance/,Setup 301 Redirect to Primary Page and remove duplicate from sitemap
100.0%,https://www.brahmakumaris.com/soul-sustenance/20th-february-soul-sustenance/,https://www.brahmakumaris.com/soul-sustenance/4-benefits-of-negative-situations-part-1/,Setup 301 Redirect to Primary Page and remove duplicate from sitemap
100.0%,https://www.brahmakumaris.com/soul-sustenance/25th-april-soul-sustenance/,https://www.brahmakumaris.com/soul-sustenance/20th-february-soul-sustenance/,Setup 301 Redirect to Primary Page and remove duplicate from sitemap
100.0%,https://www.brahmakumaris.com/soul-sustenance/20th-february-soul-sustenance/,https://www.brahmakumaris.com/soul-sustenance/raise-the-vibration-of-your-words/,Setup 301 Redirect to Primary Page and remove duplicate from sitemap
100.0%,https://www.brahmakumaris.com/soul-sustenance/28th-jul-soul-sustenance/,https://www.brahmakumaris.com/soul-sustenance/20th-february-soul-sustenance/,Setup 301 Redirect to Primary Page and remove duplicate from sitemap
100.0%,https://www.brahmakumaris.com/soul-sustenance/25th-may-soul-sustenance/,https://www.brahmakumaris.com/soul-sustenance/17th-may-soul-sustenance/,Setup 301 Redirect to Primary Page and remove duplicate from sitemap
100.0%,https://www.brahmakumaris.com/soul-sustenance/25th-may-soul-sustenance/,https://www.brahmakumaris.com/soul-sustenance/28th-may-soul-sustenance/,Setup 301 Redirect to Primary Page and remove duplicate from sitemap
100.0%,https://www.brahmakumaris.com/soul-sustenance/5-gifts-to-god/,https://www.brahmakumaris.com/soul-sustenance/25th-may-soul-sustenance/,Setup 301 Redirect to Primary Page and remove duplicate from sitemap
100.0%,https://www.brahmakumaris.com/soul-sustenance/25th-may-soul-sustenance/,https://www.brahmakumaris.com/soul-sustenance/20th-april-soul-sustenance/,Setup 301 Redirect to Primary Page and remove duplicate from sitemap
100.0%,https://www.brahmakumaris.com/soul-sustenance/being-before-doing/,https://www.brahmakumaris.com/soul-sustenance/25th-may-soul-sustenance/,Setup 301 Redirect to Primary Page and remove duplicate from sitemap
100.0%,https://www.brahmakumaris.com/soul-sustenance/25th-may-soul-sustenance/,https://www.brahmakumaris.com/soul-sustenance/11th-jul-soul-sustenance/,Setup 301 Redirect to Primary Page and remove duplicate from sitemap
100.0%,https://www.brahmakumaris.com/soul-sustenance/20th-february-soul-sustenance/,https://www.brahmakumaris.com/soul-sustenance/the-cycle-of-karmic-connections-part-1/,Setup 301 Redirect to Primary Page and remove duplicate from sitemap
100.0%,https://www.brahmakumaris.com/soul-sustenance/25th-jul-soul-sustenance/,https://www.brahmakumaris.com/soul-sustenance/20th-february-soul-sustenance/,Setup 301 Redirect to Primary Page and remove duplicate from sitemap
100.0%,https://www.brahmakumaris.com/soul-sustenance/9th-march-soul-sustenance/,https://www.brahmakumaris.com/soul-sustenance/20th-february-soul-sustenance/,Setup 301 Redirect to Primary Page and remove duplicate from sitemap
100.0%,https://www.brahmakumaris.com/soul-sustenance/05th-dec-soul-sustenance/,https://www.brahmakumaris.com/soul-sustenance/20th-february-soul-sustenance/,Setup 301 Redirect to Primary Page and remove duplicate from sitemap
100.0%,https://www.brahmakumaris.com/soul-sustenance/being-stable-in-criticism/,https://www.brahmakumaris.com/soul-sustenance/20th-february-soul-sustenance/,Setup 301 Redirect to Primary Page and remove duplicate from sitemap
100.0%,https://www.brahmakumaris.com/soul-sustenance/7th-march-soul-sustenance/,https://www.brahmakumaris.com/soul-sustenance/20th-february-soul-sustenance/,Setup 301 Redirect to Primary Page and remove duplicate from sitemap
100.0%,https://www.brahmakumaris.com/soul-sustenance/27th-march-soul-sustenance/,https://www.brahmakumaris.com/soul-sustenance/20th-february-soul-sustenance/,Setup 301 Redirect to Primary Page and remove duplicate from sitemap
100.0%,https://www.brahmakumaris.com/soul-sustenance/28th-june-soul-sustenance/,https://www.brahmakumaris.com/soul-sustenance/20th-february-soul-sustenance/,Setup 301 Redirect to Primary Page and remove duplicate from sitemap
100.0%,https://www.brahmakumaris.com/soul-sustenance/19th-aug-soul-sustenance/,https://www.brahmakumaris.com/soul-sustenance/20th-february-soul-sustenance/,Setup 301 Redirect to Primary Page and remove duplicate from sitemap
100.0%,https://www.brahmakumaris.com/soul-sustenance/20th-february-soul-sustenance/,https://www.brahmakumaris.com/soul-sustenance/discriminating-correctly-and-clearly/,Setup 301 Redirect to Primary Page and remove duplicate from sitemap
100.0%,https://www.brahmakumaris.com/soul-sustenance/25th-may-soul-sustenance/,https://www.brahmakumaris.com/soul-sustenance/06th-jul-soul-sustenance/,Setup 301 Redirect to Primary Page and remove duplicate from sitemap
100.0%,https://www.brahmakumaris.com/soul-sustenance/25th-may-soul-sustenance/,https://www.brahmakumaris.com/soul-sustenance/ss-hindi/rishton-ki-neev/,Setup 301 Redirect to Primary Page and remove duplicate from sitemap
100.0%,https://www.brahmakumaris.com/soul-sustenance/25th-may-soul-sustenance/,https://www.brahmakumaris.com/soul-sustenance/08th-june-soul-sustenance/,Setup 301 Redirect to Primary Page and remove duplicate from sitemap
100.0%,https://www.brahmakumaris.com/soul-sustenance/25th-may-soul-sustenance/,https://www.brahmakumaris.com/soul-sustenance/30th-oct-soul-sustenance/,Setup 301 Redirect to Primary Page and remove duplicate from sitemap
100.0%,https://www.brahmakumaris.com/soul-sustenance/25th-may-soul-sustenance/,https://www.brahmakumaris.com/soul-sustenance/21st-aug-soul-sustenance/,Setup 301 Redirect to Primary Page and remove duplicate from sitemap
100.0%,https://www.brahmakumaris.com/soul-sustenance/25th-may-soul-sustenance/,https://www.brahmakumaris.com/soul-sustenance/30th-sep-soul-sustenance/,Setup 301 Redirect to Primary Page and remove duplicate from sitemap
100.0%,https://www.brahmakumaris.com/soul-sustenance/25th-may-soul-sustenance/,https://www.brahmakumaris.com/soul-sustenance/13th-june-soul-sustenance/,Setup 301 Redirect to Primary Page and remove duplicate from sitemap
100.0%,https://www.brahmakumaris.com/soul-sustenance/25th-may-soul-sustenance/,https://www.brahmakumaris.com/soul-sustenance/3rd-april-soul-sustenance/,Setup 301 Redirect to Primary Page and remove duplicate from sitemap
100.0%,https://www.brahmakumaris.com/soul-sustenance/25th-may-soul-sustenance/,https://www.brahmakumaris.com/soul-sustenance/8th-april-soul-sustenance/,Setup 301 Redirect to Primary Page and remove duplicate from sitemap
100.0%,https://www.brahmakumaris.com/soul-sustenance/letting-go-easily/,https://www.brahmakumaris.com/soul-sustenance/25th-may-soul-sustenance/,Setup 301 Redirect to Primary Page and remove duplicate from sitemap
100.0%,https://www.brahmakumaris.com/soul-sustenance/25th-may-soul-sustenance/,https://www.brahmakumaris.com/soul-sustenance/competition-and-co-operation/,Setup 301 Redirect to Primary Page and remove duplicate from sitemap
100.0%,https://www.brahmakumaris.com/soul-sustenance/25th-may-soul-sustenance/,https://www.brahmakumaris.com/soul-sustenance/01st-jul-soul-sustenance/,Setup 301 Redirect to Primary Page and remove duplicate from sitemap
100.0%,https://www.brahmakumaris.com/soul-sustenance/can-love-hurt-me/,https://www.brahmakumaris.com/soul-sustenance/25th-may-soul-sustenance/,Setup 301 Redirect to Primary Page and remove duplicate from sitemap
100.0%,https://www.brahmakumaris.com/soul-sustenance/25th-may-soul-sustenance/,https://www.brahmakumaris.com/soul-sustenance/21st-sep-soul-sustenance/,Setup 301 Redirect to Primary Page and remove duplicate from sitemap
100.0%,https://www.brahmakumaris.com/soul-sustenance/25th-may-soul-sustenance/,https://www.brahmakumaris.com/soul-sustenance/25th-sep-soul-sustenance/,Setup 301 Redirect to Primary Page and remove duplicate from sitemap
100.0%,https://www.brahmakumaris.com/soul-sustenance/25th-may-soul-sustenance/,https://www.brahmakumaris.com/soul-sustenance/07th-nov-soul-sustenance/,Setup 301 Redirect to Primary Page and remove duplicate from sitemap
100.0%,https://www.brahmakumaris.com/soul-sustenance/25th-may-soul-sustenance/,https://www.brahmakumaris.com/soul-sustenance/30th-april-soul-sustenance/,Setup 301 Redirect to Primary Page and remove duplicate from sitemap
100.0%,https://www.brahmakumaris.com/soul-sustenance/25th-may-soul-sustenance/,https://www.brahmakumaris.com/soul-sustenance/02nd-june-soul-sustenance/,Setup 301 Redirect to Primary Page and remove duplicate from sitemap
100.0%,https://www.brahmakumaris.com/soul-sustenance/25th-may-soul-sustenance/,https://www.brahmakumaris.com/soul-sustenance/22nd-april-soul-sustenance/,Setup 301 Redirect to Primary Page and remove duplicate from sitemap
100.0%,https://www.brahmakumaris.com/soul-sustenance/25th-may-soul-sustenance/,https://www.brahmakumaris.com/soul-sustenance/13th-nov-soul-sustenance/,Setup 301 Redirect to Primary Page and remove duplicate from sitemap
100.0%,https://www.brahmakumaris.com/soul-sustenance/25th-may-soul-sustenance/,https://www.brahmakumaris.com/soul-sustenance/02nd-sep-soul-sustenance/,Setup 301 Redirect to Primary Page and remove duplicate from sitemap
100.0%,https://www.brahmakumaris.com/soul-sustenance/25th-may-soul-sustenance/,https://www.brahmakumaris.com/soul-sustenance/28th-march-soul-sustenance/,Setup 301 Redirect to Primary Page and remove duplicate from sitemap
100.0%,https://www.brahmakumaris.com/soul-sustenance/25th-may-soul-sustenance/,https://www.brahmakumaris.com/soul-sustenance/22nd-march-soul-sustenance/,Setup 301 Redirect to Primary Page and remove duplicate from sitemap
100.0%,https://www.brahmakumaris.com/soul-sustenance/25th-may-soul-sustenance/,https://www.brahmakumaris.com/soul-sustenance/asserting-without-arrogance/,Setup 301 Redirect to Primary Page and remove duplicate from sitemap
100.0%,https://www.brahmakumaris.com/soul-sustenance/25th-may-soul-sustenance/,https://www.brahmakumaris.com/soul-sustenance/09th-aug-soul-sustenance/,Setup 301 Redirect to Primary Page and remove duplicate from sitemap
100.0%,https://www.brahmakumaris.com/soul-sustenance/25th-may-soul-sustenance/,https://www.brahmakumaris.com/soul-sustenance/03rd-may-soul-sustenance/,Setup 301 Redirect to Primary Page and remove duplicate from sitemap
100.0%,https://www.brahmakumaris.com/soul-sustenance/25th-may-soul-sustenance/,https://www.brahmakumaris.com/soul-sustenance/8th-march-soul-sustenance/,Setup 301 Redirect to Primary Page and remove duplicate from sitemap
100.0%,https://www.brahmakumaris.com/soul-sustenance/25th-may-soul-sustenance/,https://www.brahmakumaris.com/soul-sustenance/13th-sep-soul-sustenance/,Setup 301 Redirect to Primary Page and remove duplicate from sitemap
100.0%,https://www.brahmakumaris.com/soul-sustenance/25th-may-soul-sustenance/,https://www.brahmakumaris.com/soul-sustenance/04th-nov-soul-sustenance/,Setup 301 Redirect to Primary Page and remove duplicate from sitemap
100.0%,https://www.brahmakumaris.com/soul-sustenance/25th-may-soul-sustenance/,https://www.brahmakumaris.com/soul-sustenance/24th-april-soul-sustenance/,Setup 301 Redirect to Primary Page and remove duplicate from sitemap
100.0%,https://www.brahmakumaris.com/soul-sustenance/25th-may-soul-sustenance/,https://www.brahmakumaris.com/soul-sustenance/25th-march-soul-sustenance/,Setup 301 Redirect to Primary Page and remove duplicate from sitemap
100.0%,https://www.brahmakumaris.com/soul-sustenance/25th-may-soul-sustenance/,https://www.brahmakumaris.com/soul-sustenance/01st-may-soul-sustenance/,Setup 301 Redirect to Primary Page and remove duplicate from sitemap
100.0%,https://www.brahmakumaris.com/soul-sustenance/25th-may-soul-sustenance/,https://www.brahmakumaris.com/soul-sustenance/01st-sep-soul-sustenance/,Setup 301 Redirect to Primary Page and remove duplicate from sitemap
100.0%,https://www.brahmakumaris.com/soul-sustenance/25th-may-soul-sustenance/,https://www.brahmakumaris.com/soul-sustenance/ss-hindi/khushi-ek-yatra-hai/,Setup 301 Redirect to Primary Page and remove duplicate from sitemap
100.0%,https://www.brahmakumaris.com/soul-sustenance/25th-may-soul-sustenance/,https://www.brahmakumaris.com/soul-sustenance/28th-oct-soul-sustenance/,Setup 301 Redirect to Primary Page and remove duplicate from sitemap
100.0%,https://www.brahmakumaris.com/soul-sustenance/25th-may-soul-sustenance/,https://www.brahmakumaris.com/soul-sustenance/18th-aug-soul-sustenance/,Setup 301 Redirect to Primary Page and remove duplicate from sitemap
100.0%,https://www.brahmakumaris.com/soul-sustenance/25th-may-soul-sustenance/,https://www.brahmakumaris.com/soul-sustenance/10th-jul-soul-sustenance/,Setup 301 Redirect to Primary Page and remove duplicate from sitemap
100.0%,https://www.brahmakumaris.com/soul-sustenance/25th-may-soul-sustenance/,https://www.brahmakumaris.com/soul-sustenance/30th-june-soul-sustenance/,Setup 301 Redirect to Primary Page and remove duplicate from sitemap
100.0%,https://www.brahmakumaris.com/soul-sustenance/25th-may-soul-sustenance/,https://www.brahmakumaris.com/soul-sustenance/15th-aug-soul-sustenance/,Setup 301 Redirect to Primary Page and remove duplicate from sitemap
100.0%,https://www.brahmakumaris.com/soul-sustenance/25th-may-soul-sustenance/,https://www.brahmakumaris.com/soul-sustenance/lets-co-operate-not-compete/,Setup 301 Redirect to Primary Page and remove duplicate from sitemap
100.0%,https://www.brahmakumaris.com/soul-sustenance/25th-may-soul-sustenance/,https://www.brahmakumaris.com/soul-sustenance/13th-aug-soul-sustenance/,Setup 301 Redirect to Primary Page and remove duplicate from sitemap
100.0%,https://www.brahmakumaris.com/soul-sustenance/25th-may-soul-sustenance/,https://www.brahmakumaris.com/soul-sustenance/the-mind-and-its-creations/,Setup 301 Redirect to Primary Page and remove duplicate from sitemap
100.0%,https://www.brahmakumaris.com/soul-sustenance/25th-may-soul-sustenance/,https://www.brahmakumaris.com/soul-sustenance/17th-oct-soul-sustenance/,Setup 301 Redirect to Primary Page and remove duplicate from sitemap
100.0%,https://www.brahmakumaris.com/soul-sustenance/25th-may-soul-sustenance/,https://www.brahmakumaris.com/soul-sustenance/12th-june-soul-sustenance/,Setup 301 Redirect to Primary Page and remove duplicate from sitemap
100.0%,https://www.brahmakumaris.com/soul-sustenance/25th-may-soul-sustenance/,https://www.brahmakumaris.com/soul-sustenance/1st-april-soul-sustenance/,Setup 301 Redirect to Primary Page and remove duplicate from sitemap
100.0%,https://www.brahmakumaris.com/soul-sustenance/25th-may-soul-sustenance/,https://www.brahmakumaris.com/soul-sustenance/27th-sep-soul-sustenance/,Setup 301 Redirect to Primary Page and remove duplicate from sitemap
100.0%,https://www.brahmakumaris.com/soul-sustenance/25th-may-soul-sustenance/,https://www.brahmakumaris.com/soul-sustenance/05th-nov-soul-sustenance/,Setup 301 Redirect to Primary Page and remove duplicate from sitemap
100.0%,https://www.brahmakumaris.com/soul-sustenance/25th-may-soul-sustenance/,https://www.brahmakumaris.com/soul-sustenance/12th-april-soul-sustenance/,Setup 301 Redirect to Primary Page and remove duplicate from sitemap
100.0%,https://www.brahmakumaris.com/soul-sustenance/25th-may-soul-sustenance/,https://www.brahmakumaris.com/soul-sustenance/21st-june-soul-sustenance/,Setup 301 Redirect to Primary Page and remove duplicate from sitemap
100.0%,https://www.brahmakumaris.com/soul-sustenance/25th-may-soul-sustenance/,https://www.brahmakumaris.com/soul-sustenance/21st-oct-soul-sustenance/,Setup 301 Redirect to Primary Page and remove duplicate from sitemap
100.0%,https://www.brahmakumaris.com/soul-sustenance/25th-may-soul-sustenance/,https://www.brahmakumaris.com/soul-sustenance/likes-on-social-media-matter/,Setup 301 Redirect to Primary Page and remove duplicate from sitemap
100.0%,https://www.brahmakumaris.com/soul-sustenance/25th-may-soul-sustenance/,https://www.brahmakumaris.com/soul-sustenance/07th-june-soul-sustenance/,Setup 301 Redirect to Primary Page and remove duplicate from sitemap
100.0%,https://www.brahmakumaris.com/soul-sustenance/25th-may-soul-sustenance/,https://www.brahmakumaris.com/soul-sustenance/04th-dec-soul-sustenance/,Setup 301 Redirect to Primary Page and remove duplicate from sitemap
100.0%,https://www.brahmakumaris.com/soul-sustenance/25th-may-soul-sustenance/,https://www.brahmakumaris.com/soul-sustenance/07th-dec-soul-sustenance/,Setup 301 Redirect to Primary Page and remove duplicate from sitemap
100.0%,https://www.brahmakumaris.com/soul-sustenance/25th-may-soul-sustenance/,https://www.brahmakumaris.com/soul-sustenance/19th-jul-soul-sustenance/,Setup 301 Redirect to Primary Page and remove duplicate from sitemap
100.0%,https://www.brahmakumaris.com/soul-sustenance/the-time-is-now/,https://www.brahmakumaris.com/soul-sustenance/25th-may-soul-sustenance/,Setup 301 Redirect to Primary Page and remove duplicate from sitemap
100.0%,https://www.brahmakumaris.com/soul-sustenance/25th-may-soul-sustenance/,https://www.brahmakumaris.com/soul-sustenance/29th-may-soul-sustenance/,Setup 301 Redirect to Primary Page and remove duplicate from sitemap
100.0%,https://www.brahmakumaris.com/soul-sustenance/25th-may-soul-sustenance/,https://www.brahmakumaris.com/soul-sustenance/14th-sep-soul-sustenance/,Setup 301 Redirect to Primary Page and remove duplicate from sitemap
100.0%,https://www.brahmakumaris.com/soul-sustenance/25th-may-soul-sustenance/,https://www.brahmakumaris.com/soul-sustenance/01st-june-soul-sustenance/,Setup 301 Redirect to Primary Page and remove duplicate from sitemap
100.0%,https://www.brahmakumaris.com/soul-sustenance/25th-may-soul-sustenance/,https://www.brahmakumaris.com/soul-sustenance/16th-jul-soul-sustenance/,Setup 301 Redirect to Primary Page and remove duplicate from sitemap
100.0%,https://www.brahmakumaris.com/soul-sustenance/25th-may-soul-sustenance/,https://www.brahmakumaris.com/soul-sustenance/17th-sep-soul-sustenance/,Setup 301 Redirect to Primary Page and remove duplicate from sitemap
100.0%,https://www.brahmakumaris.com/soul-sustenance/25th-may-soul-sustenance/,https://www.brahmakumaris.com/soul-sustenance/26th-oct-soul-sustenance/,Setup 301 Redirect to Primary Page and remove duplicate from sitemap
100.0%,https://www.brahmakumaris.com/soul-sustenance/25th-may-soul-sustenance/,https://www.brahmakumaris.com/soul-sustenance/beauty-in-character-part-1/,Setup 301 Redirect to Primary Page and remove duplicate from sitemap
100.0%,https://www.brahmakumaris.com/soul-sustenance/25th-may-soul-sustenance/,https://www.brahmakumaris.com/soul-sustenance/say-i-will-not-i-will-try/,Setup 301 Redirect to Primary Page and remove duplicate from sitemap
100.0%,https://www.brahmakumaris.com/soul-sustenance/25th-may-soul-sustenance/,https://www.brahmakumaris.com/soul-sustenance/25th-nov-soul-sustenance/,Setup 301 Redirect to Primary Page and remove duplicate from sitemap
100.0%,https://www.brahmakumaris.com/soul-sustenance/25th-may-soul-sustenance/,https://www.brahmakumaris.com/soul-sustenance/31st-may-soul-sustenance/,Setup 301 Redirect to Primary Page and remove duplicate from sitemap
100.0%,https://www.brahmakumaris.com/soul-sustenance/25th-may-soul-sustenance/,https://www.brahmakumaris.com/soul-sustenance/28th-aug-soul-sustenance/,Setup 301 Redirect to Primary Page and remove duplicate from sitemap
100.0%,https://www.brahmakumaris.com/soul-sustenance/25th-may-soul-sustenance/,https://www.brahmakumaris.com/soul-sustenance/26th-sep-soul-sustenance/,Setup 301 Redirect to Primary Page and remove duplicate from sitemap
100.0%,https://www.brahmakumaris.com/soul-sustenance/25th-may-soul-sustenance/,https://www.brahmakumaris.com/soul-sustenance/10th-march-soul-sustenance/,Setup 301 Redirect to Primary Page and remove duplicate from sitemap
100.0%,https://www.brahmakumaris.com/soul-sustenance/25th-may-soul-sustenance/,https://www.brahmakumaris.com/soul-sustenance/an-attitude-of-gratitude/,Setup 301 Redirect to Primary Page and remove duplicate from sitemap
100.0%,https://www.brahmakumaris.com/soul-sustenance/pause-choose-respond/,https://www.brahmakumaris.com/soul-sustenance/25th-may-soul-sustenance/,Setup 301 Redirect to Primary Page and remove duplicate from sitemap
100.0%,https://www.brahmakumaris.com/soul-sustenance/25th-may-soul-sustenance/,https://www.brahmakumaris.com/soul-sustenance/09th-may-soul-sustenance/,Setup 301 Redirect to Primary Page and remove duplicate from sitemap
100.0%,https://www.brahmakumaris.com/soul-sustenance/25th-may-soul-sustenance/,https://www.brahmakumaris.com/soul-sustenance/20th-jul-soul-sustenance/,Setup 301 Redirect to Primary Page and remove duplicate from sitemap
100.0%,https://www.brahmakumaris.com/soul-sustenance/25th-may-soul-sustenance/,https://www.brahmakumaris.com/soul-sustenance/07th-oct-soul-sustenance/,Setup 301 Redirect to Primary Page and remove duplicate from sitemap
100.0%,https://www.brahmakumaris.com/soul-sustenance/25th-may-soul-sustenance/,https://www.brahmakumaris.com/soul-sustenance/2nd-march-soul-sustenance/,Setup 301 Redirect to Primary Page and remove duplicate from sitemap
100.0%,https://www.brahmakumaris.com/soul-sustenance/25th-may-soul-sustenance/,https://www.brahmakumaris.com/soul-sustenance/02nd-may-soul-sustenance/,Setup 301 Redirect to Primary Page and remove duplicate from sitemap
100.0%,https://www.brahmakumaris.com/soul-sustenance/25th-may-soul-sustenance/,https://www.brahmakumaris.com/soul-sustenance/ss-hindi/samay-abhi-hi-hei/,Setup 301 Redirect to Primary Page and remove duplicate from sitemap
100.0%,https://www.brahmakumaris.com/soul-sustenance/25th-may-soul-sustenance/,https://www.brahmakumaris.com/soul-sustenance/02nd-dec-soul-sustenance/,Setup 301 Redirect to Primary Page and remove duplicate from sitemap
100.0%,https://www.brahmakumaris.com/soul-sustenance/25th-may-soul-sustenance/,https://www.brahmakumaris.com/soul-sustenance/30th-jul-soul-sustenance/,Setup 301 Redirect to Primary Page and remove duplicate from sitemap
100.0%,https://www.brahmakumaris.com/soul-sustenance/25th-may-soul-sustenance/,https://www.brahmakumaris.com/soul-sustenance/7th-april-soul-sustenance/,Setup 301 Redirect to Primary Page and remove duplicate from sitemap
100.0%,https://www.brahmakumaris.com/soul-sustenance/25th-may-soul-sustenance/,https://www.brahmakumaris.com/soul-sustenance/11th-jun-soul-sustenance/,Setup 301 Redirect to Primary Page and remove duplicate from sitemap
100.0%,https://www.brahmakumaris.com/soul-sustenance/25th-may-soul-sustenance/,https://www.brahmakumaris.com/soul-sustenance/06th-dec-soul-sustenance/,Setup 301 Redirect to Primary Page and remove duplicate from sitemap
100.0%,https://www.brahmakumaris.com/soul-sustenance/25th-may-soul-sustenance/,https://www.brahmakumaris.com/soul-sustenance/23rd-jul-soul-sustenance/,Setup 301 Redirect to Primary Page and remove duplicate from sitemap
100.0%,https://www.brahmakumaris.com/soul-sustenance/25th-may-soul-sustenance/,https://www.brahmakumaris.com/soul-sustenance/07th-aug-soul-sustenance/,Setup 301 Redirect to Primary Page and remove duplicate from sitemap
100.0%,https://www.brahmakumaris.com/soul-sustenance/25th-may-soul-sustenance/,https://www.brahmakumaris.com/soul-sustenance/08th-sep-soul-sustenance/,Setup 301 Redirect to Primary Page and remove duplicate from sitemap
100.0%,https://www.brahmakumaris.com/soul-sustenance/25th-may-soul-sustenance/,https://www.brahmakumaris.com/soul-sustenance/15th-jul-soul-sustenance/,Setup 301 Redirect to Primary Page and remove duplicate from sitemap
100.0%,https://www.brahmakumaris.com/soul-sustenance/25th-may-soul-sustenance/,https://www.brahmakumaris.com/soul-sustenance/an-attitude-of-abundance/,Setup 301 Redirect to Primary Page and remove duplicate from sitemap
100.0%,https://www.brahmakumaris.com/soul-sustenance/25th-may-soul-sustenance/,https://www.brahmakumaris.com/soul-sustenance/10th-june-soul-sustenance/,Setup 301 Redirect to Primary Page and remove duplicate from sitemap
100.0%,https://www.brahmakumaris.com/soul-sustenance/25th-may-soul-sustenance/,https://www.brahmakumaris.com/soul-sustenance/believe-and-you-will-succeed/,Setup 301 Redirect to Primary Page and remove duplicate from sitemap
100.0%,https://www.brahmakumaris.com/soul-sustenance/25th-may-soul-sustenance/,https://www.brahmakumaris.com/soul-sustenance/29th-oct-soul-sustenance/,Setup 301 Redirect to Primary Page and remove duplicate from sitemap
100.0%,https://www.brahmakumaris.com/soul-sustenance/25th-may-soul-sustenance/,https://www.brahmakumaris.com/soul-sustenance/meeting-peoples-expectations/,Setup 301 Redirect to Primary Page and remove duplicate from sitemap
100.0%,https://www.brahmakumaris.com/soul-sustenance/25th-may-soul-sustenance/,https://www.brahmakumaris.com/soul-sustenance/overcoming-absent-mindedness/,Setup 301 Redirect to Primary Page and remove duplicate from sitemap
100.0%,https://www.brahmakumaris.com/soul-sustenance/25th-may-soul-sustenance/,https://www.brahmakumaris.com/soul-sustenance/11th-april-soul-sustenance/,Setup 301 Redirect to Primary Page and remove duplicate from sitemap
100.0%,https://www.brahmakumaris.com/soul-sustenance/25th-may-soul-sustenance/,https://www.brahmakumaris.com/soul-sustenance/25th-oct-soul-sustenance/,Setup 301 Redirect to Primary Page and remove duplicate from sitemap
100.0%,https://www.brahmakumaris.com/soul-sustenance/25th-may-soul-sustenance/,https://www.brahmakumaris.com/soul-sustenance/22nd-oct-soul-sustenance/,Setup 301 Redirect to Primary Page and remove duplicate from sitemap
100.0%,https://www.brahmakumaris.com/soul-sustenance/25th-may-soul-sustenance/,https://www.brahmakumaris.com/soul-sustenance/10th-aug-soul-sustenance/,Setup 301 Redirect to Primary Page and remove duplicate from sitemap
100.0%,https://www.brahmakumaris.com/soul-sustenance/25th-may-soul-sustenance/,https://www.brahmakumaris.com/soul-sustenance/distractions-cannot-heal/,Setup 301 Redirect to Primary Page and remove duplicate from sitemap
100.0%,https://www.brahmakumaris.com/soul-sustenance/25th-may-soul-sustenance/,https://www.brahmakumaris.com/soul-sustenance/21st-may-soul-sustenance/,Setup 301 Redirect to Primary Page and remove duplicate from sitemap
100.0%,https://www.brahmakumaris.com/soul-sustenance/seeds-of-a-relationship/,https://www.brahmakumaris.com/soul-sustenance/25th-may-soul-sustenance/,Setup 301 Redirect to Primary Page and remove duplicate from sitemap
100.0%,https://www.brahmakumaris.com/soul-sustenance/25th-may-soul-sustenance/,https://www.brahmakumaris.com/soul-sustenance/12th-jul-soul-sustenance/,Setup 301 Redirect to Primary Page and remove duplicate from sitemap
100.0%,https://www.brahmakumaris.com/soul-sustenance/25th-may-soul-sustenance/,https://www.brahmakumaris.com/soul-sustenance/02nd-aug-soul-sustenance/,Setup 301 Redirect to Primary Page and remove duplicate from sitemap
100.0%,https://www.brahmakumaris.com/soul-sustenance/25th-may-soul-sustenance/,https://www.brahmakumaris.com/soul-sustenance/04th-sep-soul-sustenance/,Setup 301 Redirect to Primary Page and remove duplicate from sitemap
100.0%,https://www.brahmakumaris.com/soul-sustenance/25th-may-soul-sustenance/,https://www.brahmakumaris.com/soul-sustenance/13th-jul-soul-sustenance/,Setup 301 Redirect to Primary Page and remove duplicate from sitemap
100.0%,https://www.brahmakumaris.com/soul-sustenance/25th-may-soul-sustenance/,https://www.brahmakumaris.com/soul-sustenance/30th-may-soul-sustenance/,Setup 301 Redirect to Primary Page and remove duplicate from sitemap
100.0%,https://www.brahmakumaris.com/soul-sustenance/25th-may-soul-sustenance/,https://www.brahmakumaris.com/soul-sustenance/4th-march-soul-sustenance/,Setup 301 Redirect to Primary Page and remove duplicate from sitemap
100.0%,https://www.brahmakumaris.com/soul-sustenance/25th-may-soul-sustenance/,https://www.brahmakumaris.com/soul-sustenance/16th-march-soul-sustenance/,Setup 301 Redirect to Primary Page and remove duplicate from sitemap
100.0%,https://www.brahmakumaris.com/soul-sustenance/25th-may-soul-sustenance/,https://www.brahmakumaris.com/soul-sustenance/19th-nov-soul-sustenance/,Setup 301 Redirect to Primary Page and remove duplicate from sitemap
100.0%,https://www.brahmakumaris.com/soul-sustenance/am-i-a-good-gods-child/,https://www.brahmakumaris.com/soul-sustenance/25th-may-soul-sustenance/,Setup 301 Redirect to Primary Page and remove duplicate from sitemap
100.0%,https://www.brahmakumaris.com/soul-sustenance/25th-may-soul-sustenance/,https://www.brahmakumaris.com/soul-sustenance/the-mind-in-control-part-1/,Setup 301 Redirect to Primary Page and remove duplicate from sitemap
100.0%,https://www.brahmakumaris.com/soul-sustenance/25th-may-soul-sustenance/,https://www.brahmakumaris.com/soul-sustenance/02nd-jul-soul-sustenance/,Setup 301 Redirect to Primary Page and remove duplicate from sitemap
100.0%,https://www.brahmakumaris.com/soul-sustenance/how-to-bless-yourself/,https://www.brahmakumaris.com/soul-sustenance/25th-may-soul-sustenance/,Setup 301 Redirect to Primary Page and remove duplicate from sitemap
100.0%,https://www.brahmakumaris.com/soul-sustenance/let-go-of-ego/,https://www.brahmakumaris.com/soul-sustenance/25th-may-soul-sustenance/,Setup 301 Redirect to Primary Page and remove duplicate from sitemap
100.0%,https://www.brahmakumaris.com/soul-sustenance/25th-may-soul-sustenance/,https://www.brahmakumaris.com/soul-sustenance/be-happy-when-others-do-well/,Setup 301 Redirect to Primary Page and remove duplicate from sitemap
100.0%,https://www.brahmakumaris.com/soul-sustenance/25th-may-soul-sustenance/,https://www.brahmakumaris.com/soul-sustenance/17th-jul-soul-sustenance/,Setup 301 Redirect to Primary Page and remove duplicate from sitemap
100.0%,https://www.brahmakumaris.com/soul-sustenance/25th-may-soul-sustenance/,https://www.brahmakumaris.com/soul-sustenance/18th-jul-soul-sustenance/,Setup 301 Redirect to Primary Page and remove duplicate from sitemap
100.0%,https://www.brahmakumaris.com/soul-sustenance/25th-may-soul-sustenance/,https://www.brahmakumaris.com/soul-sustenance/09th-jul-soul-sustenance/,Setup 301 Redirect to Primary Page and remove duplicate from sitemap
100.0%,https://www.brahmakumaris.com/soul-sustenance/have-we-won-gods-heart/,https://www.brahmakumaris.com/soul-sustenance/25th-may-soul-sustenance/,Setup 301 Redirect to Primary Page and remove duplicate from sitemap
100.0%,https://www.brahmakumaris.com/soul-sustenance/25th-may-soul-sustenance/,https://www.brahmakumaris.com/soul-sustenance/05th-sep-soul-sustenance/,Setup 301 Redirect to Primary Page and remove duplicate from sitemap
100.0%,https://www.brahmakumaris.com/soul-sustenance/25th-may-soul-sustenance/,https://www.brahmakumaris.com/soul-sustenance/24th-june-soul-sustenance/,Setup 301 Redirect to Primary Page and remove duplicate from sitemap
100.0%,https://www.brahmakumaris.com/soul-sustenance/25th-may-soul-sustenance/,https://www.brahmakumaris.com/soul-sustenance/08th-oct-soul-sustenance/,Setup 301 Redirect to Primary Page and remove duplicate from sitemap
100.0%,https://www.brahmakumaris.com/soul-sustenance/25th-may-soul-sustenance/,https://www.brahmakumaris.com/soul-sustenance/newness-at-every-step-part-1/,Setup 301 Redirect to Primary Page and remove duplicate from sitemap
100.0%,https://www.brahmakumaris.com/soul-sustenance/25th-may-soul-sustenance/,https://www.brahmakumaris.com/soul-sustenance/03rd-jul-soul-sustenance/,Setup 301 Redirect to Primary Page and remove duplicate from sitemap
100.0%,https://www.brahmakumaris.com/soul-sustenance/25th-may-soul-sustenance/,https://www.brahmakumaris.com/soul-sustenance/20th-may-soul-sustenance/,Setup 301 Redirect to Primary Page and remove duplicate from sitemap
100.0%,https://www.brahmakumaris.com/soul-sustenance/25th-may-soul-sustenance/,https://www.brahmakumaris.com/soul-sustenance/leading-a-stress-free-life/,Setup 301 Redirect to Primary Page and remove duplicate from sitemap
100.0%,https://www.brahmakumaris.com/soul-sustenance/25th-may-soul-sustenance/,https://www.brahmakumaris.com/soul-sustenance/26th-march-soul-sustenance/,Setup 301 Redirect to Primary Page and remove duplicate from sitemap
100.0%,https://www.brahmakumaris.com/soul-sustenance/25th-may-soul-sustenance/,https://www.brahmakumaris.com/soul-sustenance/08th-nov-soul-sustenance/,Setup 301 Redirect to Primary Page and remove duplicate from sitemap
100.0%,https://www.brahmakumaris.com/soul-sustenance/25th-may-soul-sustenance/,https://www.brahmakumaris.com/soul-sustenance/27th-aug-soul-sustenance/,Setup 301 Redirect to Primary Page and remove duplicate from sitemap
100.0%,https://www.brahmakumaris.com/soul-sustenance/25th-may-soul-sustenance/,https://www.brahmakumaris.com/soul-sustenance/23rd-june-soul-sustenance/,Setup 301 Redirect to Primary Page and remove duplicate from sitemap
100.0%,https://www.brahmakumaris.com/soul-sustenance/25th-may-soul-sustenance/,https://www.brahmakumaris.com/soul-sustenance/23rd-may-soul-sustenance/,Setup 301 Redirect to Primary Page and remove duplicate from sitemap
100.0%,https://www.brahmakumaris.com/soul-sustenance/25th-may-soul-sustenance/,https://www.brahmakumaris.com/soul-sustenance/06th-june-soul-sustenance/,Setup 301 Redirect to Primary Page and remove duplicate from sitemap
100.0%,https://www.brahmakumaris.com/soul-sustenance/25th-may-soul-sustenance/,https://www.brahmakumaris.com/soul-sustenance/24th-march-soul-sustenance/,Setup 301 Redirect to Primary Page and remove duplicate from sitemap
100.0%,https://www.brahmakumaris.com/soul-sustenance/25th-may-soul-sustenance/,https://www.brahmakumaris.com/soul-sustenance/17th-nov-soul-sustenance/,Setup 301 Redirect to Primary Page and remove duplicate from sitemap
100.0%,https://www.brahmakumaris.com/soul-sustenance/25th-may-soul-sustenance/,https://www.brahmakumaris.com/soul-sustenance/03rd-dec-soul-sustenance/,Setup 301 Redirect to Primary Page and remove duplicate from sitemap
100.0%,https://www.brahmakumaris.com/soul-sustenance/25th-may-soul-sustenance/,https://www.brahmakumaris.com/soul-sustenance/11th-nov-soul-sustenance/,Setup 301 Redirect to Primary Page and remove duplicate from sitemap
100.0%,https://www.brahmakumaris.com/soul-sustenance/7-vitamins-for-the-soul/,https://www.brahmakumaris.com/soul-sustenance/25th-may-soul-sustenance/,Setup 301 Redirect to Primary Page and remove duplicate from sitemap
100.0%,https://www.brahmakumaris.com/soul-sustenance/25th-may-soul-sustenance/,https://www.brahmakumaris.com/soul-sustenance/26th-may-soul-sustenance/,Setup 301 Redirect to Primary Page and remove duplicate from sitemap
100.0%,https://www.brahmakumaris.com/soul-sustenance/25th-may-soul-sustenance/,https://www.brahmakumaris.com/soul-sustenance/happy-greetings-that-matter/,Setup 301 Redirect to Primary Page and remove duplicate from sitemap
100.0%,https://www.brahmakumaris.com/soul-sustenance/25th-may-soul-sustenance/,https://www.brahmakumaris.com/soul-sustenance/16th-june-soul-sustenance/,Setup 301 Redirect to Primary Page and remove duplicate from sitemap
100.0%,https://www.brahmakumaris.com/soul-sustenance/25th-may-soul-sustenance/,https://www.brahmakumaris.com/soul-sustenance/27th-nov-soul-sustenance/,Setup 301 Redirect to Primary Page and remove duplicate from sitemap
100.0%,https://www.brahmakumaris.com/soul-sustenance/25th-may-soul-sustenance/,https://www.brahmakumaris.com/soul-sustenance/dealing-with-peer-pressure/,Setup 301 Redirect to Primary Page and remove duplicate from sitemap
100.0%,https://www.brahmakumaris.com/soul-sustenance/25th-may-soul-sustenance/,https://www.brahmakumaris.com/soul-sustenance/10th-oct-soul-sustenance/,Setup 301 Redirect to Primary Page and remove duplicate from sitemap
100.0%,https://www.brahmakumaris.com/soul-sustenance/25th-may-soul-sustenance/,https://www.brahmakumaris.com/soul-sustenance/14th-march-soul-sustenance/,Setup 301 Redirect to Primary Page and remove duplicate from sitemap
100.0%,https://www.brahmakumaris.com/soul-sustenance/25th-may-soul-sustenance/,https://www.brahmakumaris.com/soul-sustenance/4th-april-soul-sustenance/,Setup 301 Redirect to Primary Page and remove duplicate from sitemap
100.0%,https://www.brahmakumaris.com/soul-sustenance/25th-may-soul-sustenance/,https://www.brahmakumaris.com/soul-sustenance/24th-nov-soul-sustenance/,Setup 301 Redirect to Primary Page and remove duplicate from sitemap
100.0%,https://www.brahmakumaris.com/soul-sustenance/25th-may-soul-sustenance/,https://www.brahmakumaris.com/soul-sustenance/28th-nov-soul-sustenance/,Setup 301 Redirect to Primary Page and remove duplicate from sitemap
100.0%,https://www.brahmakumaris.com/soul-sustenance/25th-may-soul-sustenance/,https://www.brahmakumaris.com/soul-sustenance/1st-march-soul-sustenance/,Setup 301 Redirect to Primary Page and remove duplicate from sitemap
100.0%,https://www.brahmakumaris.com/soul-sustenance/25th-may-soul-sustenance/,https://www.brahmakumaris.com/soul-sustenance/31st-aug-soul-sustenance/,Setup 301 Redirect to Primary Page and remove duplicate from sitemap
100.0%,https://www.brahmakumaris.com/soul-sustenance/25th-may-soul-sustenance/,https://www.brahmakumaris.com/soul-sustenance/20th-march-soul-sustenance/,Setup 301 Redirect to Primary Page and remove duplicate from sitemap
100.0%,https://www.brahmakumaris.com/soul-sustenance/25th-may-soul-sustenance/,https://www.brahmakumaris.com/soul-sustenance/05th-may-soul-sustenance/,Setup 301 Redirect to Primary Page and remove duplicate from sitemap
100.0%,https://www.brahmakumaris.com/soul-sustenance/25th-may-soul-sustenance/,https://www.brahmakumaris.com/soul-sustenance/11th-may-soul-sustenance/,Setup 301 Redirect to Primary Page and remove duplicate from sitemap
100.0%,https://www.brahmakumaris.com/soul-sustenance/25th-may-soul-sustenance/,https://www.brahmakumaris.com/soul-sustenance/19th-march-soul-sustenance/,Setup 301 Redirect to Primary Page and remove duplicate from sitemap
100.0%,https://www.brahmakumaris.com/soul-sustenance/25th-may-soul-sustenance/,https://www.brahmakumaris.com/soul-sustenance/celebrating-in-dependence/,Setup 301 Redirect to Primary Page and remove duplicate from sitemap
100.0%,https://www.brahmakumaris.com/soul-sustenance/25th-may-soul-sustenance/,https://www.brahmakumaris.com/soul-sustenance/01st-dec-soul-sustenance/,Setup 301 Redirect to Primary Page and remove duplicate from sitemap
100.0%,https://www.brahmakumaris.com/soul-sustenance/25th-may-soul-sustenance/,https://www.brahmakumaris.com/soul-sustenance/25th-aug-soul-sustenance/,Setup 301 Redirect to Primary Page and remove duplicate from sitemap
100.0%,https://www.brahmakumaris.com/soul-sustenance/dealing-with-impatience/,https://www.brahmakumaris.com/soul-sustenance/25th-may-soul-sustenance/,Setup 301 Redirect to Primary Page and remove duplicate from sitemap
100.0%,https://www.brahmakumaris.com/soul-sustenance/25th-may-soul-sustenance/,https://www.brahmakumaris.com/soul-sustenance/11th-june-soul-sustenance/,Setup 301 Redirect to Primary Page and remove duplicate from sitemap
100.0%,https://www.brahmakumaris.com/soul-sustenance/25th-may-soul-sustenance/,https://www.brahmakumaris.com/soul-sustenance/14th-nov-soul-sustenance/,Setup 301 Redirect to Primary Page and remove duplicate from sitemap
100.0%,https://www.brahmakumaris.com/soul-sustenance/25th-may-soul-sustenance/,https://www.brahmakumaris.com/soul-sustenance/stand-back-observe-and-steer/,Setup 301 Redirect to Primary Page and remove duplicate from sitemap
100.0%,https://www.brahmakumaris.com/soul-sustenance/25th-may-soul-sustenance/,https://www.brahmakumaris.com/soul-sustenance/ss-hindi/log-kya-kahenge/,Setup 301 Redirect to Primary Page and remove duplicate from sitemap
100.0%,https://www.brahmakumaris.com/soul-sustenance/25th-may-soul-sustenance/,https://www.brahmakumaris.com/soul-sustenance/06th-aug-soul-sustenance/,Setup 301 Redirect to Primary Page and remove duplicate from sitemap
100.0%,https://www.brahmakumaris.com/soul-sustenance/25th-may-soul-sustenance/,https://www.brahmakumaris.com/soul-sustenance/18th-sep-soul-sustenance/,Setup 301 Redirect to Primary Page and remove duplicate from sitemap
100.0%,https://www.brahmakumaris.com/soul-sustenance/25th-may-soul-sustenance/,https://www.brahmakumaris.com/soul-sustenance/28th-april-soul-sustenance/,Setup 301 Redirect to Primary Page and remove duplicate from sitemap
100.0%,https://www.brahmakumaris.com/soul-sustenance/25th-may-soul-sustenance/,https://www.brahmakumaris.com/soul-sustenance/13th-may-soul-sustenance/,Setup 301 Redirect to Primary Page and remove duplicate from sitemap
100.0%,https://www.brahmakumaris.com/soul-sustenance/25th-may-soul-sustenance/,https://www.brahmakumaris.com/soul-sustenance/18th-may-soul-sustenance/,Setup 301 Redirect to Primary Page and remove duplicate from sitemap
100.0%,https://www.brahmakumaris.com/soul-sustenance/25th-may-soul-sustenance/,https://www.brahmakumaris.com/soul-sustenance/29th-june-soul-sustenance/,Setup 301 Redirect to Primary Page and remove duplicate from sitemap
100.0%,https://www.brahmakumaris.com/soul-sustenance/25th-may-soul-sustenance/,https://www.brahmakumaris.com/soul-sustenance/30th-nov-soul-sustenance/,Setup 301 Redirect to Primary Page and remove duplicate from sitemap
100.0%,https://www.brahmakumaris.com/soul-sustenance/25th-may-soul-sustenance/,https://www.brahmakumaris.com/soul-sustenance/29th-march-soul-sustenance/,Setup 301 Redirect to Primary Page and remove duplicate from sitemap
100.0%,https://www.brahmakumaris.com/soul-sustenance/25th-may-soul-sustenance/,https://www.brahmakumaris.com/soul-sustenance/14th-june-soul-sustenance/,Setup 301 Redirect to Primary Page and remove duplicate from sitemap
100.0%,https://www.brahmakumaris.com/soul-sustenance/25th-may-soul-sustenance/,https://www.brahmakumaris.com/soul-sustenance/12th-oct-soul-sustenance/,Setup 301 Redirect to Primary Page and remove duplicate from sitemap
100.0%,https://www.brahmakumaris.com/soul-sustenance/25th-may-soul-sustenance/,https://www.brahmakumaris.com/soul-sustenance/attention-to-every-karma/,Setup 301 Redirect to Primary Page and remove duplicate from sitemap
100.0%,https://www.brahmakumaris.com/soul-sustenance/25th-may-soul-sustenance/,https://www.brahmakumaris.com/soul-sustenance/01st-nov-soul-sustenance/,Setup 301 Redirect to Primary Page and remove duplicate from sitemap
100.0%,https://www.brahmakumaris.com/soul-sustenance/25th-may-soul-sustenance/,https://www.brahmakumaris.com/soul-sustenance/letting-go-with-lightness/,Setup 301 Redirect to Primary Page and remove duplicate from sitemap
100.0%,https://www.brahmakumaris.com/soul-sustenance/25th-may-soul-sustenance/,https://www.brahmakumaris.com/soul-sustenance/03rd-oct-soul-sustenance/,Setup 301 Redirect to Primary Page and remove duplicate from sitemap
100.0%,https://www.brahmakumaris.com/soul-sustenance/25th-may-soul-sustenance/,https://www.brahmakumaris.com/soul-sustenance/17th-march-soul-sustenance/,Setup 301 Redirect to Primary Page and remove duplicate from sitemap
100.0%,https://www.brahmakumaris.com/soul-sustenance/25th-may-soul-sustenance/,https://www.brahmakumaris.com/soul-sustenance/03rd-sep-soul-sustenance/,Setup 301 Redirect to Primary Page and remove duplicate from sitemap
100.0%,https://www.brahmakumaris.com/soul-sustenance/25th-may-soul-sustenance/,https://www.brahmakumaris.com/soul-sustenance/18th-april-soul-sustenance/,Setup 301 Redirect to Primary Page and remove duplicate from sitemap
100.0%,https://www.brahmakumaris.com/soul-sustenance/25th-may-soul-sustenance/,https://www.brahmakumaris.com/soul-sustenance/6th-march-soul-sustenance/,Setup 301 Redirect to Primary Page and remove duplicate from sitemap
100.0%,https://www.brahmakumaris.com/soul-sustenance/25th-may-soul-sustenance/,https://www.brahmakumaris.com/soul-sustenance/15th-june-soul-sustenance/,Setup 301 Redirect to Primary Page and remove duplicate from sitemap
100.0%,https://www.brahmakumaris.com/soul-sustenance/25th-may-soul-sustenance/,https://www.brahmakumaris.com/soul-sustenance/honesty-at-the-workplace/,Setup 301 Redirect to Primary Page and remove duplicate from sitemap
100.0%,https://www.brahmakumaris.com/soul-sustenance/25th-may-soul-sustenance/,https://www.brahmakumaris.com/soul-sustenance/01st-oct-soul-sustenance/,Setup 301 Redirect to Primary Page and remove duplicate from sitemap
100.0%,https://www.brahmakumaris.com/soul-sustenance/25th-may-soul-sustenance/,https://www.brahmakumaris.com/soul-sustenance/10th-nov-soul-sustenance/,Setup 301 Redirect to Primary Page and remove duplicate from sitemap
100.0%,https://www.brahmakumaris.com/soul-sustenance/25th-may-soul-sustenance/,https://www.brahmakumaris.com/soul-sustenance/14th-april-soul-sustenance/,Setup 301 Redirect to Primary Page and remove duplicate from sitemap
100.0%,https://www.brahmakumaris.com/soul-sustenance/25th-may-soul-sustenance/,https://www.brahmakumaris.com/soul-sustenance/20th-sep-soul-sustenance/,Setup 301 Redirect to Primary Page and remove duplicate from sitemap
100.0%,https://www.brahmakumaris.com/soul-sustenance/25th-may-soul-sustenance/,https://www.brahmakumaris.com/soul-sustenance/29th-jul-soul-sustenance/,Setup 301 Redirect to Primary Page and remove duplicate from sitemap
100.0%,https://www.brahmakumaris.com/soul-sustenance/25th-may-soul-sustenance/,https://www.brahmakumaris.com/soul-sustenance/increasing-your-inner-beauty/,Setup 301 Redirect to Primary Page and remove duplicate from sitemap
100.0%,https://www.brahmakumaris.com/soul-sustenance/love-yourself/,https://www.brahmakumaris.com/soul-sustenance/25th-may-soul-sustenance/,Setup 301 Redirect to Primary Page and remove duplicate from sitemap
100.0%,https://www.brahmakumaris.com/soul-sustenance/25th-may-soul-sustenance/,https://www.brahmakumaris.com/soul-sustenance/23rd-nov-soul-sustenance/,Setup 301 Redirect to Primary Page and remove duplicate from sitemap
100.0%,https://www.brahmakumaris.com/soul-sustenance/25th-may-soul-sustenance/,https://www.brahmakumaris.com/soul-sustenance/12th-nov-soul-sustenance/,Setup 301 Redirect to Primary Page and remove duplicate from sitemap
100.0%,https://www.brahmakumaris.com/soul-sustenance/25th-may-soul-sustenance/,https://www.brahmakumaris.com/soul-sustenance/31st-jul-soul-sustenance/,Setup 301 Redirect to Primary Page and remove duplicate from sitemap
100.0%,https://www.brahmakumaris.com/soul-sustenance/25th-may-soul-sustenance/,https://www.brahmakumaris.com/soul-sustenance/13th-oct-soul-sustenance/,Setup 301 Redirect to Primary Page and remove duplicate from sitemap
100.0%,https://www.brahmakumaris.com/soul-sustenance/25th-may-soul-sustenance/,https://www.brahmakumaris.com/soul-sustenance/22nd-nov-soul-sustenance/,Setup 301 Redirect to Primary Page and remove duplicate from sitemap
100.0%,https://www.brahmakumaris.com/soul-sustenance/25th-may-soul-sustenance/,https://www.brahmakumaris.com/soul-sustenance/29th-aug-soul-sustenance/,Setup 301 Redirect to Primary Page and remove duplicate from sitemap
100.0%,https://www.brahmakumaris.com/soul-sustenance/25th-may-soul-sustenance/,https://www.brahmakumaris.com/soul-sustenance/07th-may-soul-sustenance/,Setup 301 Redirect to Primary Page and remove duplicate from sitemap
100.0%,https://www.brahmakumaris.com/soul-sustenance/25th-may-soul-sustenance/,https://www.brahmakumaris.com/soul-sustenance/10th-may-soul-sustenance/,Setup 301 Redirect to Primary Page and remove duplicate from sitemap
100.0%,https://www.brahmakumaris.com/soul-sustenance/25th-may-soul-sustenance/,https://www.brahmakumaris.com/soul-sustenance/ss-hindi/krutagyata-ka-bhav/,Setup 301 Redirect to Primary Page and remove duplicate from sitemap
100.0%,https://www.brahmakumaris.com/soul-sustenance/25th-may-soul-sustenance/,https://www.brahmakumaris.com/soul-sustenance/dont-postpone-your-happiness/,Setup 301 Redirect to Primary Page and remove duplicate from sitemap
100.0%,https://www.brahmakumaris.com/soul-sustenance/stable-in-appreciation/,https://www.brahmakumaris.com/soul-sustenance/25th-may-soul-sustenance/,Setup 301 Redirect to Primary Page and remove duplicate from sitemap
100.0%,https://www.brahmakumaris.com/soul-sustenance/25th-may-soul-sustenance/,https://www.brahmakumaris.com/soul-sustenance/03rd-june-soul-sustenance/,Setup 301 Redirect to Primary Page and remove duplicate from sitemap
100.0%,https://www.brahmakumaris.com/soul-sustenance/25th-may-soul-sustenance/,https://www.brahmakumaris.com/soul-sustenance/04th-may-soul-sustenance/,Setup 301 Redirect to Primary Page and remove duplicate from sitemap
100.0%,https://www.brahmakumaris.com/soul-sustenance/25th-may-soul-sustenance/,https://www.brahmakumaris.com/soul-sustenance/16th-aug-soul-sustenance/,Setup 301 Redirect to Primary Page and remove duplicate from sitemap
100.0%,https://www.brahmakumaris.com/soul-sustenance/25th-may-soul-sustenance/,https://www.brahmakumaris.com/soul-sustenance/20th-oct-soul-sustenance/,Setup 301 Redirect to Primary Page and remove duplicate from sitemap
100.0%,https://www.brahmakumaris.com/soul-sustenance/25th-may-soul-sustenance/,https://www.brahmakumaris.com/soul-sustenance/27th-jul-soul-sustenance/,Setup 301 Redirect to Primary Page and remove duplicate from sitemap
100.0%,https://www.brahmakumaris.com/soul-sustenance/25th-may-soul-sustenance/,https://www.brahmakumaris.com/soul-sustenance/04th-jul-soul-sustenance/,Setup 301 Redirect to Primary Page and remove duplicate from sitemap
100.0%,https://www.brahmakumaris.com/soul-sustenance/25th-may-soul-sustenance/,https://www.brahmakumaris.com/soul-sustenance/profitable-karmic-balance/,Setup 301 Redirect to Primary Page and remove duplicate from sitemap
100.0%,https://www.brahmakumaris.com/soul-sustenance/25th-may-soul-sustenance/,https://www.brahmakumaris.com/soul-sustenance/16th-nov-soul-sustenance/,Setup 301 Redirect to Primary Page and remove duplicate from sitemap
100.0%,https://www.brahmakumaris.com/soul-sustenance/25th-may-soul-sustenance/,https://www.brahmakumaris.com/soul-sustenance/21st-jul-soul-sustenance/,Setup 301 Redirect to Primary Page and remove duplicate from sitemap
100.0%,https://www.brahmakumaris.com/soul-sustenance/25th-may-soul-sustenance/,https://www.brahmakumaris.com/soul-sustenance/12th-march-soul-sustenance/,Setup 301 Redirect to Primary Page and remove duplicate from sitemap
100.0%,https://www.brahmakumaris.com/soul-sustenance/25th-may-soul-sustenance/,https://www.brahmakumaris.com/soul-sustenance/5-ways-to-become-fearless/,Setup 301 Redirect to Primary Page and remove duplicate from sitemap
100.0%,https://www.brahmakumaris.com/soul-sustenance/25th-may-soul-sustenance/,https://www.brahmakumaris.com/soul-sustenance/accepting-failures-with-ease/,Setup 301 Redirect to Primary Page and remove duplicate from sitemap
100.0%,https://www.brahmakumaris.com/soul-sustenance/25th-may-soul-sustenance/,https://www.brahmakumaris.com/soul-sustenance/24th-jul-soul-sustenance/,Setup 301 Redirect to Primary Page and remove duplicate from sitemap
100.0%,https://www.brahmakumaris.com/soul-sustenance/hold-on-to-your-values/,https://www.brahmakumaris.com/soul-sustenance/25th-may-soul-sustenance/,Setup 301 Redirect to Primary Page and remove duplicate from sitemap
100.0%,https://www.brahmakumaris.com/soul-sustenance/25th-may-soul-sustenance/,https://www.brahmakumaris.com/soul-sustenance/27th-may-soul-sustenance/,Setup 301 Redirect to Primary Page and remove duplicate from sitemap
100.0%,https://www.brahmakumaris.com/soul-sustenance/25th-may-soul-sustenance/,https://www.brahmakumaris.com/soul-sustenance/10th-april-soul-sustenance/,Setup 301 Redirect to Primary Page and remove duplicate from sitemap
100.0%,https://www.brahmakumaris.com/soul-sustenance/25th-may-soul-sustenance/,https://www.brahmakumaris.com/soul-sustenance/26th-april-soul-sustenance/,Setup 301 Redirect to Primary Page and remove duplicate from sitemap
100.0%,https://www.brahmakumaris.com/soul-sustenance/25th-may-soul-sustenance/,https://www.brahmakumaris.com/soul-sustenance/06th-sep-soul-sustenance/,Setup 301 Redirect to Primary Page and remove duplicate from sitemap
100.0%,https://www.brahmakumaris.com/soul-sustenance/25th-may-soul-sustenance/,https://www.brahmakumaris.com/soul-sustenance/24th-oct-soul-sustenance/,Setup 301 Redirect to Primary Page and remove duplicate from sitemap
100.0%,https://www.brahmakumaris.com/soul-sustenance/25th-may-soul-sustenance/,https://www.brahmakumaris.com/soul-sustenance/31st-oct-soul-sustenance/,Setup 301 Redirect to Primary Page and remove duplicate from sitemap
100.0%,https://www.brahmakumaris.com/soul-sustenance/25th-may-soul-sustenance/,https://www.brahmakumaris.com/soul-sustenance/11th-march-soul-sustenance/,Setup 301 Redirect to Primary Page and remove duplicate from sitemap
100.0%,https://www.brahmakumaris.com/soul-sustenance/25th-may-soul-sustenance/,https://www.brahmakumaris.com/soul-sustenance/can-we-change-our-destiny/,Setup 301 Redirect to Primary Page and remove duplicate from sitemap
100.0%,https://www.brahmakumaris.com/soul-sustenance/25th-may-soul-sustenance/,https://www.brahmakumaris.com/soul-sustenance/14th-jul-soul-sustenance/,Setup 301 Redirect to Primary Page and remove duplicate from sitemap
100.0%,https://www.brahmakumaris.com/soul-sustenance/25th-may-soul-sustenance/,https://www.brahmakumaris.com/soul-sustenance/you-can-change-any-habit/,Setup 301 Redirect to Primary Page and remove duplicate from sitemap
100.0%,https://www.brahmakumaris.com/soul-sustenance/25th-may-soul-sustenance/,https://www.brahmakumaris.com/soul-sustenance/balance-5-types-of-health/,Setup 301 Redirect to Primary Page and remove duplicate from sitemap
100.0%,https://www.brahmakumaris.com/soul-sustenance/25th-may-soul-sustenance/,https://www.brahmakumaris.com/soul-sustenance/29th-sep-soul-sustenance/,Setup 301 Redirect to Primary Page and remove duplicate from sitemap
100.0%,https://www.brahmakumaris.com/soul-sustenance/25th-may-soul-sustenance/,https://www.brahmakumaris.com/soul-sustenance/22nd-aug-soul-sustenance/,Setup 301 Redirect to Primary Page and remove duplicate from sitemap
100.0%,https://www.brahmakumaris.com/soul-sustenance/25th-may-soul-sustenance/,https://www.brahmakumaris.com/soul-sustenance/11th-aug-soul-sustenance/,Setup 301 Redirect to Primary Page and remove duplicate from sitemap
100.0%,https://www.brahmakumaris.com/soul-sustenance/25th-may-soul-sustenance/,https://www.brahmakumaris.com/soul-sustenance/23rd-march-soul-sustenance/,Setup 301 Redirect to Primary Page and remove duplicate from sitemap
100.0%,https://www.brahmakumaris.com/soul-sustenance/25th-may-soul-sustenance/,https://www.brahmakumaris.com/soul-sustenance/19th-may-soul-sustenance/,Setup 301 Redirect to Primary Page and remove duplicate from sitemap
100.0%,https://www.brahmakumaris.com/soul-sustenance/25th-may-soul-sustenance/,https://www.brahmakumaris.com/soul-sustenance/13th-march-soul-sustenance/,Setup 301 Redirect to Primary Page and remove duplicate from sitemap
100.0%,https://www.brahmakumaris.com/soul-sustenance/25th-may-soul-sustenance/,https://www.brahmakumaris.com/soul-sustenance/ss-hindi/har-din-perfect-hei/,Setup 301 Redirect to Primary Page and remove duplicate from sitemap
100.0%,https://www.brahmakumaris.com/soul-sustenance/25th-may-soul-sustenance/,https://www.brahmakumaris.com/soul-sustenance/26th-jul-soul-sustenance/,Setup 301 Redirect to Primary Page and remove duplicate from sitemap
100.0%,https://www.brahmakumaris.com/soul-sustenance/learning-from-the-past/,https://www.brahmakumaris.com/soul-sustenance/25th-may-soul-sustenance/,Setup 301 Redirect to Primary Page and remove duplicate from sitemap
100.0%,https://www.brahmakumaris.com/soul-sustenance/25th-may-soul-sustenance/,https://www.brahmakumaris.com/soul-sustenance/28th-sep-soul-sustenance/,Setup 301 Redirect to Primary Page and remove duplicate from sitemap
100.0%,https://www.brahmakumaris.com/soul-sustenance/25th-may-soul-sustenance/,https://www.brahmakumaris.com/soul-sustenance/20th-aug-soul-sustenance/,Setup 301 Redirect to Primary Page and remove duplicate from sitemap
100.0%,https://www.brahmakumaris.com/soul-sustenance/25th-may-soul-sustenance/,https://www.brahmakumaris.com/soul-sustenance/24th-sep-soul-sustenance/,Setup 301 Redirect to Primary Page and remove duplicate from sitemap
100.0%,https://www.brahmakumaris.com/soul-sustenance/25th-may-soul-sustenance/,https://www.brahmakumaris.com/soul-sustenance/everyday-is-a-perfect-day/,Setup 301 Redirect to Primary Page and remove duplicate from sitemap
100.0%,https://www.brahmakumaris.com/soul-sustenance/25th-may-soul-sustenance/,https://www.brahmakumaris.com/soul-sustenance/03rd-nov-soul-sustenance/,Setup 301 Redirect to Primary Page and remove duplicate from sitemap
100.0%,https://www.brahmakumaris.com/soul-sustenance/25th-may-soul-sustenance/,https://www.brahmakumaris.com/soul-sustenance/writing-a-gratitude-diary/,Setup 301 Redirect to Primary Page and remove duplicate from sitemap
100.0%,https://www.brahmakumaris.com/soul-sustenance/25th-may-soul-sustenance/,https://www.brahmakumaris.com/soul-sustenance/04th-oct-soul-sustenance/,Setup 301 Redirect to Primary Page and remove duplicate from sitemap
100.0%,https://www.brahmakumaris.com/soul-sustenance/25th-may-soul-sustenance/,https://www.brahmakumaris.com/soul-sustenance/09th-sep-soul-sustenance/,Setup 301 Redirect to Primary Page and remove duplicate from sitemap
100.0%,https://www.brahmakumaris.com/soul-sustenance/25th-may-soul-sustenance/,https://www.brahmakumaris.com/soul-sustenance/24th-may-soul-sustenance/,Setup 301 Redirect to Primary Page and remove duplicate from sitemap
100.0%,https://www.brahmakumaris.com/soul-sustenance/25th-may-soul-sustenance/,https://www.brahmakumaris.com/soul-sustenance/19th-april-soul-sustenance/,Setup 301 Redirect to Primary Page and remove duplicate from sitemap
100.0%,https://www.brahmakumaris.com/soul-sustenance/25th-may-soul-sustenance/,https://www.brahmakumaris.com/soul-sustenance/14th-may-soul-sustenance/,Setup 301 Redirect to Primary Page and remove duplicate from sitemap
100.0%,https://www.brahmakumaris.com/soul-sustenance/25th-may-soul-sustenance/,https://www.brahmakumaris.com/soul-sustenance/31st-march-soul-sustenance/,Setup 301 Redirect to Primary Page and remove duplicate from sitemap
100.0%,https://www.brahmakumaris.com/soul-sustenance/25th-may-soul-sustenance/,https://www.brahmakumaris.com/soul-sustenance/29th-nov-soul-sustenance/,Setup 301 Redirect to Primary Page and remove duplicate from sitemap
100.0%,https://www.brahmakumaris.com/soul-sustenance/25th-may-soul-sustenance/,https://www.brahmakumaris.com/soul-sustenance/21st-nov-soul-sustenance/,Setup 301 Redirect to Primary Page and remove duplicate from sitemap
100.0%,https://www.brahmakumaris.com/soul-sustenance/25th-may-soul-sustenance/,https://www.brahmakumaris.com/soul-sustenance/15th-oct-soul-sustenance/,Setup 301 Redirect to Primary Page and remove duplicate from sitemap
100.0%,https://www.brahmakumaris.com/soul-sustenance/25th-may-soul-sustenance/,https://www.brahmakumaris.com/soul-sustenance/26th-nov-soul-sustenance/,Setup 301 Redirect to Primary Page and remove duplicate from sitemap
100.0%,https://www.brahmakumaris.com/soul-sustenance/,https://www.brahmakumaris.com/soul-sustenance/25th-may-soul-sustenance/,Setup 301 Redirect to Primary Page and remove duplicate from sitemap
100.0%,https://www.brahmakumaris.com/soul-sustenance/25th-may-soul-sustenance/,https://www.brahmakumaris.com/soul-sustenance/04th-aug-soul-sustenance/,Setup 301 Redirect to Primary Page and remove duplicate from sitemap
100.0%,https://www.brahmakumaris.com/soul-sustenance/25th-may-soul-sustenance/,https://www.brahmakumaris.com/soul-sustenance/16th-oct-soul-sustenance/,Setup 301 Redirect to Primary Page and remove duplicate from sitemap
100.0%,https://www.brahmakumaris.com/soul-sustenance/25th-may-soul-sustenance/,https://www.brahmakumaris.com/soul-sustenance/20th-june-soul-sustenance/,Setup 301 Redirect to Primary Page and remove duplicate from sitemap
100.0%,https://www.brahmakumaris.com/soul-sustenance/25th-may-soul-sustenance/,https://www.brahmakumaris.com/soul-sustenance/5th-march-soul-sustenance/,Setup 301 Redirect to Primary Page and remove duplicate from sitemap
100.0%,https://www.brahmakumaris.com/soul-sustenance/25th-may-soul-sustenance/,https://www.brahmakumaris.com/soul-sustenance/9th-april-soul-sustenance/,Setup 301 Redirect to Primary Page and remove duplicate from sitemap
100.0%,https://www.brahmakumaris.com/soul-sustenance/25th-may-soul-sustenance/,https://www.brahmakumaris.com/soul-sustenance/12th-may-soul-sustenance/,Setup 301 Redirect to Primary Page and remove duplicate from sitemap
100.0%,https://www.brahmakumaris.com/soul-sustenance/25th-may-soul-sustenance/,https://www.brahmakumaris.com/soul-sustenance/have-clarity-no-confusions/,Setup 301 Redirect to Primary Page and remove duplicate from sitemap
100.0%,https://www.brahmakumaris.com/soul-sustenance/25th-may-soul-sustenance/,https://www.brahmakumaris.com/soul-sustenance/02nd-nov-soul-sustenance/,Setup 301 Redirect to Primary Page and remove duplicate from sitemap
100.0%,https://www.brahmakumaris.com/soul-sustenance/,https://www.brahmakumaris.com/soul-sustenance/love-yourself/,Setup 301 Redirect to Primary Page and remove duplicate from sitemap
100.0%,https://www.brahmakumaris.com/soul-sustenance/25th-may-soul-sustenance/,https://www.brahmakumaris.com/soul-sustenance/15th-march-soul-sustenance/,Setup 301 Redirect to Primary Page and remove duplicate from sitemap
100.0%,https://www.brahmakumaris.com/soul-sustenance/25th-may-soul-sustenance/,https://www.brahmakumaris.com/soul-sustenance/23rd-oct-soul-sustenance/,Setup 301 Redirect to Primary Page and remove duplicate from sitemap
100.0%,https://www.brahmakumaris.com/soul-sustenance/25th-may-soul-sustenance/,https://www.brahmakumaris.com/soul-sustenance/05th-aug-soul-sustenance/,Setup 301 Redirect to Primary Page and remove duplicate from sitemap
100.0%,https://www.brahmakumaris.com/soul-sustenance/25th-may-soul-sustenance/,https://www.brahmakumaris.com/soul-sustenance/11th-oct-soul-sustenance/,Setup 301 Redirect to Primary Page and remove duplicate from sitemap
100.0%,https://www.brahmakumaris.com/soul-sustenance/25th-may-soul-sustenance/,https://www.brahmakumaris.com/soul-sustenance/18th-oct-soul-sustenance/,Setup 301 Redirect to Primary Page and remove duplicate from sitemap
100.0%,https://www.brahmakumaris.com/soul-sustenance/25th-may-soul-sustenance/,https://www.brahmakumaris.com/soul-sustenance/15th-nov-soul-sustenance/,Setup 301 Redirect to Primary Page and remove duplicate from sitemap
100.0%,https://www.brahmakumaris.com/soul-sustenance/25th-may-soul-sustenance/,https://www.brahmakumaris.com/soul-sustenance/15th-may-soul-sustenance/,Setup 301 Redirect to Primary Page and remove duplicate from sitemap
100.0%,https://www.brahmakumaris.com/soul-sustenance/25th-may-soul-sustenance/,https://www.brahmakumaris.com/soul-sustenance/18th-june-soul-sustenance/,Setup 301 Redirect to Primary Page and remove duplicate from sitemap
100.0%,https://www.brahmakumaris.com/soul-sustenance/25th-may-soul-sustenance/,https://www.brahmakumaris.com/soul-sustenance/27th-oct-soul-sustenance/,Setup 301 Redirect to Primary Page and remove duplicate from sitemap
100.0%,https://www.brahmakumaris.com/soul-sustenance/25th-may-soul-sustenance/,https://www.brahmakumaris.com/soul-sustenance/6th-april-soul-sustenance/,Setup 301 Redirect to Primary Page and remove duplicate from sitemap
100.0%,https://www.brahmakumaris.com/soul-sustenance/25th-may-soul-sustenance/,https://www.brahmakumaris.com/soul-sustenance/3rd-march-soul-sustenance/,Setup 301 Redirect to Primary Page and remove duplicate from sitemap
100.0%,https://www.brahmakumaris.com/soul-sustenance/25th-may-soul-sustenance/,https://www.brahmakumaris.com/soul-sustenance/2nd-april-soul-sustenance/,Setup 301 Redirect to Primary Page and remove duplicate from sitemap
100.0%,https://www.brahmakumaris.com/soul-sustenance/25th-may-soul-sustenance/,https://www.brahmakumaris.com/soul-sustenance/20th-nov-soul-sustenance/,Setup 301 Redirect to Primary Page and remove duplicate from sitemap
100.0%,https://www.brahmakumaris.com/soul-sustenance/25th-may-soul-sustenance/,https://www.brahmakumaris.com/soul-sustenance/05th-jul-soul-sustenance/,Setup 301 Redirect to Primary Page and remove duplicate from sitemap
100.0%,https://www.brahmakumaris.com/soul-sustenance/25th-may-soul-sustenance/,https://www.brahmakumaris.com/soul-sustenance/is-reincarnation-a-reality/,Setup 301 Redirect to Primary Page and remove duplicate from sitemap
100.0%,https://www.brahmakumaris.com/soul-sustenance/how-to-bless-yourself/,https://www.brahmakumaris.com/soul-sustenance/learning-from-the-past/,Setup 301 Redirect to Primary Page and remove duplicate from sitemap
100.0%,https://www.brahmakumaris.com/literature/,https://www.brahmakumaris.com/literature-coming-soon/,Setup 301 Redirect to Primary Page and remove duplicate from sitemap
100.0%,https://www.brahmakumaris.com/soul-sustenance/,https://www.brahmakumaris.com/soul-sustenance/what-will-people-say/,Setup 301 Redirect to Primary Page and remove duplicate from sitemap
100.0%,https://www.brahmakumaris.com/soul-sustenance/25th-may-soul-sustenance/,https://www.brahmakumaris.com/soul-sustenance/23rd-april-soul-sustenance/,Setup 301 Redirect to Primary Page and remove duplicate from sitemap
100.0%,https://www.brahmakumaris.com/soul-sustenance/freedom-from-guilt/,https://www.brahmakumaris.com/soul-sustenance/25th-may-soul-sustenance/,Setup 301 Redirect to Primary Page and remove duplicate from sitemap
100.0%,https://www.brahmakumaris.com/soul-sustenance/25th-may-soul-sustenance/,https://www.brahmakumaris.com/soul-sustenance/release-your-expectations/,Setup 301 Redirect to Primary Page and remove duplicate from sitemap
100.0%,https://www.brahmakumaris.com/soul-sustenance/25th-may-soul-sustenance/,https://www.brahmakumaris.com/soul-sustenance/27th-june-soul-sustenance/,Setup 301 Redirect to Primary Page and remove duplicate from sitemap
100.0%,https://www.brahmakumaris.com/soul-sustenance/25th-may-soul-sustenance/,https://www.brahmakumaris.com/soul-sustenance/16th-may-soul-sustenance/,Setup 301 Redirect to Primary Page and remove duplicate from sitemap
100.0%,https://www.brahmakumaris.com/soul-sustenance/25th-may-soul-sustenance/,https://www.brahmakumaris.com/soul-sustenance/5th-april-soul-sustenance/,Setup 301 Redirect to Primary Page and remove duplicate from sitemap
100.0%,https://www.brahmakumaris.com/soul-sustenance/25th-may-soul-sustenance/,https://www.brahmakumaris.com/soul-sustenance/22nd-june-soul-sustenance/,Setup 301 Redirect to Primary Page and remove duplicate from sitemap
100.0%,https://www.brahmakumaris.com/soul-sustenance/25th-may-soul-sustenance/,https://www.brahmakumaris.com/soul-sustenance/19th-sep-soul-sustenance/,Setup 301 Redirect to Primary Page and remove duplicate from sitemap
100.0%,https://www.brahmakumaris.com/soul-sustenance/time-cannot-heal/,https://www.brahmakumaris.com/soul-sustenance/25th-may-soul-sustenance/,Setup 301 Redirect to Primary Page and remove duplicate from sitemap
100.0%,https://www.brahmakumaris.com/soul-sustenance/25th-may-soul-sustenance/,https://www.brahmakumaris.com/soul-sustenance/03rd-aug-soul-sustenance/,Setup 301 Redirect to Primary Page and remove duplicate from sitemap
100.0%,https://www.brahmakumaris.com/soul-sustenance/25th-may-soul-sustenance/,https://www.brahmakumaris.com/soul-sustenance/15th-sep-soul-sustenance/,Setup 301 Redirect to Primary Page and remove duplicate from sitemap
100.0%,https://www.brahmakumaris.com/soul-sustenance/25th-may-soul-sustenance/,https://www.brahmakumaris.com/soul-sustenance/04th-june-soul-sustenance/,Setup 301 Redirect to Primary Page and remove duplicate from sitemap
100.0%,https://www.brahmakumaris.com/soul-sustenance/,https://www.brahmakumaris.com/soul-sustenance/time-cannot-heal/,Setup 301 Redirect to Primary Page and remove duplicate from sitemap
100.0%,https://www.brahmakumaris.com/rakshabandhan/,https://www.brahmakumaris.com/blog/festivals/raksha-bandhan-beyond-rituals-a-celebration-of-spiritual-wisdom/,Setup 301 Redirect to Primary Page and remove duplicate from sitemap
100.0%,https://www.brahmakumaris.com/dadi-ratanmohini-ji/,https://www.brahmakumaris.com/rajyogteachers/dadi-ratan-mohini/,Setup 301 Redirect to Primary Page and remove duplicate from sitemap
99.08%,https://www.brahmakumaris.com/blog/why-meditation/,https://www.brahmakumaris.com/blog/why-meditation-2/,Setup 301 Redirect to Primary Page and remove duplicate from sitemap
98.38%,https://www.brahmakumaris.com/blog/environment/ethics-and-sustainability/,https://www.brahmakumaris.com/blog/self-development/ethics-and-sustainability-2/,Setup 301 Redirect to Primary Page and remove duplicate from sitemap
96.38%,https://www.brahmakumaris.com/anubhavgatha/bk-sister-sudha-moscow/,https://www.brahmakumaris.com/anubhavgatha/brahma-kumari-sister-halina-spiritual-journey/,Setup 301 Redirect to Primary Page and remove duplicate from sitemap
96.25%,https://www.brahmakumaris.com/anubhavgatha/bk-sister-chandrika-toronto/,https://www.brahmakumaris.com/anubhavgatha/bk-sister-kiran-eugene/,Setup 301 Redirect to Primary Page and remove duplicate from sitemap
96.21%,https://www.brahmakumaris.com/anubhavgatha/bk-kamla-didi-patiala/,https://www.brahmakumaris.com/anubhavgatha/bk-achal-didi-chandigarh/,Setup 301 Redirect to Primary Page and remove duplicate from sitemap
95.93%,https://www.brahmakumaris.com/anubhavgatha/brahma-kumari-sister-halina-spiritual-journey/,https://www.brahmakumaris.com/anubhavgatha/bk-jayanti-didi/,Setup 301 Redirect to Primary Page and remove duplicate from sitemap
95.78%,https://www.brahmakumaris.com/anubhavgatha/bk-sister-chandrika-toronto/,https://www.brahmakumaris.com/anubhavgatha/bk-sister-erica-germany/,Setup 301 Redirect to Primary Page and remove duplicate from sitemap
95.76%,https://www.brahmakumaris.com/blog/brahma-baba-articles/sadguno-ka-darshan/,https://www.brahmakumaris.com/blog/brahma-baba-articles/mahila-shashaktikaran/,Setup 301 Redirect to Primary Page and remove duplicate from sitemap
95.64%,https://www.brahmakumaris.com/blog/brahma-baba-articles/mahila-shashaktikaran/,https://www.brahmakumaris.com/blog/brahma-baba-articles/jagdish-chandra-and-brahma-baba/,Setup 301 Redirect to Primary Page and remove duplicate from sitemap
95.4%,https://www.brahmakumaris.com/anubhavgatha/santosh-behan-russia-ki-seva-yatra/,https://www.brahmakumaris.com/anubhavgatha/brahma-kumari-sister-halina-spiritual-journey/,Setup 301 Redirect to Primary Page and remove duplicate from sitemap
95.38%,https://www.brahmakumaris.com/blog/brahma-baba-articles/bhagwan-hamara-sathi-hai/,https://www.brahmakumaris.com/blog/brahma-baba-articles/mahila-shashaktikaran/,Setup 301 Redirect to Primary Page and remove duplicate from sitemap
95.34%,https://www.brahmakumaris.com/anubhavgatha/bk-sister-chandrika-toronto/,https://www.brahmakumaris.com/anubhavgatha/bk-trupta-didi/,Setup 301 Redirect to Primary Page and remove duplicate from sitemap
95.26%,https://www.brahmakumaris.com/anubhavgatha/bk-kamlesh-didi-bhatinda/,https://www.brahmakumaris.com/anubhavgatha/bk-achal-didi-chandigarh/,Setup 301 Redirect to Primary Page and remove duplicate from sitemap
95.24%,https://www.brahmakumaris.com/anubhavgatha/bk-achal-didi-chandigarh/,https://www.brahmakumaris.com/anubhavgatha/bk-sheela-didi/,Setup 301 Redirect to Primary Page and remove duplicate from sitemap
95.21%,https://www.brahmakumaris.com/anubhavgatha/bk-sister-chandrika-toronto/,https://www.brahmakumaris.com/anubhavgatha/bk-nirwair-bhaiji/,Setup 301 Redirect to Primary Page and remove duplicate from sitemap
95.16%,https://www.brahmakumaris.com/anubhavgatha/dadi-gulzar/,https://www.brahmakumaris.com/anubhavgatha/bk-sister-chandrika-toronto/,Setup 301 Redirect to Primary Page and remove duplicate from sitemap
95.11%,https://www.brahmakumaris.com/anubhavgatha/dadi-ratanmohini-ji/,https://www.brahmakumaris.com/anubhavgatha/bk-achal-didi-chandigarh/,Setup 301 Redirect to Primary Page and remove duplicate from sitemap
95.07%,https://www.brahmakumaris.com/category/dadi-gulzar/,https://www.brahmakumaris.com/category/mahashivratri/,Setup 301 Redirect to Primary Page and remove duplicate from sitemap
95.05%,https://www.brahmakumaris.com/anubhavgatha/dadi-chandramani-ji/,https://www.brahmakumaris.com/anubhavgatha/bk-sister-chandrika-toronto/,Setup 301 Redirect to Primary Page and remove duplicate from sitemap
94.99%,https://www.brahmakumaris.com/anubhavgatha/brahma-kumari-sister-halina-spiritual-journey/,https://www.brahmakumaris.com/anubhavgatha/sister-batul-ki-roohani-yatra/,Setup 301 Redirect to Primary Page and remove duplicate from sitemap
94.97%,https://www.brahmakumaris.com/anubhavgatha/dadi-prakashmani/,https://www.brahmakumaris.com/anubhavgatha/dadi-pushpshanta-ji/,Setup 301 Redirect to Primary Page and remove duplicate from sitemap
94.92%,https://www.brahmakumaris.com/anubhavgatha/bk-gyani-didi-punja/,https://www.brahmakumaris.com/anubhavgatha/bk-achal-didi-chandigarh/,Setup 301 Redirect to Primary Page and remove duplicate from sitemap
94.9%,https://www.brahmakumaris.com/anubhavgatha/bk-santosh-didi-mumbai/,https://www.brahmakumaris.com/anubhavgatha/bk-achal-didi-chandigarh/,Setup 301 Redirect to Primary Page and remove duplicate from sitemap
94.85%,https://www.brahmakumaris.com/anubhavgatha/bk-sister-chandrika-toronto/,https://www.brahmakumaris.com/anubhavgatha/dadi-ratanmohini-ji/,Setup 301 Redirect to Primary Page and remove duplicate from sitemap
94.82%,https://www.brahmakumaris.com/anubhavgatha/bk-sister-maureen-hongkong/,https://www.brahmakumaris.com/anubhavgatha/bk-achal-didi-chandigarh/,Setup 301 Redirect to Primary Page and remove duplicate from sitemap
94.81%,https://www.brahmakumaris.com/anubhavgatha/dadi-brijindra/,https://www.brahmakumaris.com/anubhavgatha/bk-achal-didi-chandigarh/,Setup 301 Redirect to Primary Page and remove duplicate from sitemap
94.8%,https://www.brahmakumaris.com/anubhavgatha/bk-pushpa-mata/,https://www.brahmakumaris.com/anubhavgatha/bk-achal-didi-chandigarh/,Setup 301 Redirect to Primary Page and remove duplicate from sitemap
94.76%,https://www.brahmakumaris.com/anubhavgatha/bk-purnima-didi/,https://www.brahmakumaris.com/anubhavgatha/bk-achal-didi-chandigarh/,Setup 301 Redirect to Primary Page and remove duplicate from sitemap
94.75%,https://www.brahmakumaris.com/anubhavgatha/dadi-pushpshanta-ji/,https://www.brahmakumaris.com/anubhavgatha/brahma-kumari-sister-halina-spiritual-journey/,Setup 301 Redirect to Primary Page and remove duplicate from sitemap
94.7%,https://www.brahmakumaris.com/anubhavgatha/bk-jayanti-didi-ji/,https://www.brahmakumaris.com/anubhavgatha/bk-achal-didi-chandigarh/,Setup 301 Redirect to Primary Page and remove duplicate from sitemap
94.7%,https://www.brahmakumaris.com/anubhavgatha/dadi-prakashmani/,https://www.brahmakumaris.com/anubhavgatha/dada-vishwaratan/,Setup 301 Redirect to Primary Page and remove duplicate from sitemap
94.7%,https://www.brahmakumaris.com/anubhavgatha/bk-hemlata-didi-hyderabad/,https://www.brahmakumaris.com/anubhavgatha/bk-achal-didi-chandigarh/,Setup 301 Redirect to Primary Page and remove duplicate from sitemap
94.65%,https://www.brahmakumaris.com/anubhavgatha/didi-manmohini-ji/,https://www.brahmakumaris.com/anubhavgatha/dadi-bholi-ji/,Setup 301 Redirect to Primary Page and remove duplicate from sitemap
94.63%,https://www.brahmakumaris.com/anubhavgatha/bk-sister-chandrika-toronto/,https://www.brahmakumaris.com/anubhavgatha/bk-sundarlal-bhai/,Setup 301 Redirect to Primary Page and remove duplicate from sitemap
94.61%,https://www.brahmakumaris.com/blog/brahma-baba-articles/mahila-shashaktikaran/,https://www.brahmakumaris.com/blog/brahma-baba-articles/abla-ko-sabla-banane-wale-pitashree/,Setup 301 Redirect to Primary Page and remove duplicate from sitemap
94.45%,https://www.brahmakumaris.com/anubhavgatha/bk-sundarlal-bhai/,https://www.brahmakumaris.com/anubhavgatha/bk-achal-didi-chandigarh/,Setup 301 Redirect to Primary Page and remove duplicate from sitemap
94.44%,https://www.brahmakumaris.com/anubhavgatha/bk-uma-didi-dharmashala/,https://www.brahmakumaris.com/anubhavgatha/bk-achal-didi-chandigarh/,Setup 301 Redirect to Primary Page and remove duplicate from sitemap
94.39%,https://www.brahmakumaris.com/anubhavgatha/dadi-santri-ji/,https://www.brahmakumaris.com/anubhavgatha/bk-sister-chandrika-toronto/,Setup 301 Redirect to Primary Page and remove duplicate from sitemap
94.38%,https://www.brahmakumaris.com/anubhavgatha/bk-geeta-los-angeles/,https://www.brahmakumaris.com/anubhavgatha/brahma-kumari-sister-halina-spiritual-journey/,Setup 301 Redirect to Primary Page and remove duplicate from sitemap
94.37%,https://www.brahmakumaris.com/anubhavgatha/dadi-prakashmani/,https://www.brahmakumaris.com/anubhavgatha/bk-meera-didi-malasia/,Setup 301 Redirect to Primary Page and remove duplicate from sitemap
94.35%,https://www.brahmakumaris.com/raipur/,https://www.brahmakumaris.com/raipur/shanti-shikhar/,Setup 301 Redirect to Primary Page and remove duplicate from sitemap
94.13%,https://www.brahmakumaris.com/anubhavgatha/bk-geeta-didi-batala/,https://www.brahmakumaris.com/anubhavgatha/bk-achal-didi-chandigarh/,Setup 301 Redirect to Primary Page and remove duplicate from sitemap
94.1%,https://www.brahmakumaris.com/anubhavgatha/bk-nalini-didi/,https://www.brahmakumaris.com/anubhavgatha/bk-achal-didi-chandigarh/,Setup 301 Redirect to Primary Page and remove duplicate from sitemap
94.09%,https://www.brahmakumaris.com/anubhavgatha/dadi-allrounder-ji/,https://www.brahmakumaris.com/anubhavgatha/bk-achal-didi-chandigarh/,Setup 301 Redirect to Primary Page and remove duplicate from sitemap
94.06%,https://www.brahmakumaris.com/anubhavgatha/bk-pushpal-didi/,https://www.brahmakumaris.com/anubhavgatha/bk-sister-chandrika-toronto/,Setup 301 Redirect to Primary Page and remove duplicate from sitemap
93.98%,https://www.brahmakumaris.com/anubhavgatha/brahma-kumari-sister-halina-spiritual-journey/,https://www.brahmakumaris.com/anubhavgatha/dadi-gange-ji/,Setup 301 Redirect to Primary Page and remove duplicate from sitemap
93.98%,https://www.brahmakumaris.com/anubhavgatha/bk-krishna-didi/,https://www.brahmakumaris.com/anubhavgatha/bk-achal-didi-chandigarh/,Setup 301 Redirect to Primary Page and remove duplicate from sitemap
93.98%,https://www.brahmakumaris.com/anubhavgatha/bk-sister-chandrika-toronto/,https://www.brahmakumaris.com/blog/hindi-blog/vibration-ek-moun-bhasha/,Setup 301 Redirect to Primary Page and remove duplicate from sitemap
93.94%,https://www.brahmakumaris.com/anubhavgatha/bk-kailash-didi/,https://www.brahmakumaris.com/anubhavgatha/bk-achal-didi-chandigarh/,Setup 301 Redirect to Primary Page and remove duplicate from sitemap
93.94%,https://www.brahmakumaris.com/anubhavgatha/bk-sister-chandrika-toronto/,https://www.brahmakumaris.com/anubhavgatha/bk-gurumukh-dada/,Setup 301 Redirect to Primary Page and remove duplicate from sitemap
93.85%,https://www.brahmakumaris.com/anubhavgatha/%e0%a4%a6%e0%a4%be%e0%a4%a6%e0%a5%80-%e0%a4%b6%e0%a5%80%e0%a4%b2%e0%a4%87%e0%a4%a8%e0%a5%8d%e0%a4%a6%e0%a5%8d%e0%a4%b0%e0%a4%be-%e0%a4%85%e0%a4%a8%e0%a5%81%e0%a4%ad%e0%a4%b5%e0%a4%97%e0%a4%be/,https://www.brahmakumaris.com/anubhavgatha/bk-achal-didi-chandigarh/,Setup 301 Redirect to Primary Page and remove duplicate from sitemap
93.81%,https://www.brahmakumaris.com/blog/brahma-baba-articles/mahila-shashaktikaran/,https://www.brahmakumaris.com/blog/brahma-baba-articles/ek-mein-magan/,Setup 301 Redirect to Primary Page and remove duplicate from sitemap
93.81%,https://www.brahmakumaris.com/anubhavgatha/santosh-behan-russia-ki-seva-yatra/,https://www.brahmakumaris.com/anubhavgatha/bk-sister-chandrika-toronto/,Setup 301 Redirect to Primary Page and remove duplicate from sitemap
93.81%,https://www.brahmakumaris.com/anubhavgatha/bk-sister-chandrika-toronto/,https://www.brahmakumaris.com/anubhavgatha/bk-prabha-didi/,Setup 301 Redirect to Primary Page and remove duplicate from sitemap
93.79%,https://www.brahmakumaris.com/anubhavgatha/dadi-prakashmani/,https://www.brahmakumaris.com/anubhavgatha/dadi-sandeshi-ji/,Setup 301 Redirect to Primary Page and remove duplicate from sitemap
93.78%,https://www.brahmakumaris.com/anubhavgatha/bk-sister-chandrika-toronto/,https://www.brahmakumaris.com/anubhavgatha/dadi-allrounder-ji/,Setup 301 Redirect to Primary Page and remove duplicate from sitemap
93.78%,https://www.brahmakumaris.com/anubhavgatha/dadi-gulzar/,https://www.brahmakumaris.com/anubhavgatha/bk-achal-didi-chandigarh/,Setup 301 Redirect to Primary Page and remove duplicate from sitemap
93.77%,https://www.brahmakumaris.com/category/mahashivratri/ms-audio/,https://www.brahmakumaris.com/category/mahashivratri/ms-articles/,Setup 301 Redirect to Primary Page and remove duplicate from sitemap
93.76%,https://www.brahmakumaris.com/anubhavgatha/bk-sister-chandrika-toronto/,https://www.brahmakumaris.com/anubhavgatha/bk-santosh-didi-mumbai/,Setup 301 Redirect to Primary Page and remove duplicate from sitemap
93.75%,https://www.brahmakumaris.com/blog/brahma-baba-articles/mahila-shashaktikaran/,https://www.brahmakumaris.com/anubhavgatha/bk-raj-didi-amritsar/,Setup 301 Redirect to Primary Page and remove duplicate from sitemap
93.74%,https://www.brahmakumaris.com/anubhavgatha/bk-sister-chandrika-toronto/,https://www.brahmakumaris.com/hi/anubhavgatha/,Setup 301 Redirect to Primary Page and remove duplicate from sitemap
93.73%,https://www.brahmakumaris.com/blog/brahma-baba-articles/mahila-shashaktikaran/,https://www.brahmakumaris.com/blog/brahma-baba-articles/gunmurt-brahma-baba/,Setup 301 Redirect to Primary Page and remove duplicate from sitemap
93.71%,https://www.brahmakumaris.com/anubhavgatha/dadi-prakashmani/,https://www.brahmakumaris.com/anubhavgatha/dadi-kamalsundari-ji/,Setup 301 Redirect to Primary Page and remove duplicate from sitemap
93.69%,https://www.brahmakumaris.com/anubhavgatha/bk-achal-didi-chandigarh/,https://www.brahmakumaris.com/anubhavgatha/bk-damyanti-didi/,Setup 301 Redirect to Primary Page and remove duplicate from sitemap
93.68%,https://www.brahmakumaris.com/anubhavgatha/dadi-mithoo-ji/,https://www.brahmakumaris.com/anubhavgatha/bk-sister-chandrika-toronto/,Setup 301 Redirect to Primary Page and remove duplicate from sitemap
93.67%,https://www.brahmakumaris.com/anubhavgatha/bk-trupta-didi/,https://www.brahmakumaris.com/anubhavgatha/bk-achal-didi-chandigarh/,Setup 301 Redirect to Primary Page and remove duplicate from sitemap
93.65%,https://www.brahmakumaris.com/anubhavgatha/bk-sister-chandrika-toronto/,https://www.brahmakumaris.com/anubhavgatha/bk-satyavati-didi/,Setup 301 Redirect to Primary Page and remove duplicate from sitemap
93.65%,https://www.brahmakumaris.com/blog/brahma-baba-articles/mahila-shashaktikaran/,https://www.brahmakumaris.com/blog/hindi-blog/shivratri-message/,Setup 301 Redirect to Primary Page and remove duplicate from sitemap
93.64%,https://www.brahmakumaris.com/anubhavgatha/bk-sudharshan-didi/,https://www.brahmakumaris.com/anubhavgatha/bk-achal-didi-chandigarh/,Setup 301 Redirect to Primary Page and remove duplicate from sitemap
93.64%,https://www.brahmakumaris.com/anubhavgatha/bk-premlata-didi/,https://www.brahmakumaris.com/anubhavgatha/bk-achal-didi-chandigarh/,Setup 301 Redirect to Primary Page and remove duplicate from sitemap
93.63%,https://www.brahmakumaris.com/anubhavgatha/bk-pushpal-didi/,https://www.brahmakumaris.com/anubhavgatha/bk-achal-didi-chandigarh/,Setup 301 Redirect to Primary Page and remove duplicate from sitemap
93.62%,https://www.brahmakumaris.com/anubhavgatha/bk-pushpal-didi/,https://www.brahmakumaris.com/anubhavgatha/brahma-kumari-sister-halina-spiritual-journey/,Setup 301 Redirect to Primary Page and remove duplicate from sitemap
93.61%,https://www.brahmakumaris.com/anubhavgatha/bk-vedanti-did/,https://www.brahmakumaris.com/anubhavgatha/bk-achal-didi-chandigarh/,Setup 301 Redirect to Primary Page and remove duplicate from sitemap
93.58%,https://www.brahmakumaris.com/anubhavgatha/dadi-prakashmani/,https://www.brahmakumaris.com/anubhavgatha/bk-sister-sudha-moscow/,Setup 301 Redirect to Primary Page and remove duplicate from sitemap
93.58%,https://www.brahmakumaris.com/anubhavgatha/dadi-dhyani-ji/,https://www.brahmakumaris.com/anubhavgatha/bk-achal-didi-chandigarh/,Setup 301 Redirect to Primary Page and remove duplicate from sitemap
93.58%,https://www.brahmakumaris.com/anubhavgatha/bk-uttara-didi-chandigarh/,https://www.brahmakumaris.com/anubhavgatha/bk-achal-didi-chandigarh/,Setup 301 Redirect to Primary Page and remove duplicate from sitemap
93.57%,https://www.brahmakumaris.com/anubhavgatha/bk-jagdishbhai/,https://www.brahmakumaris.com/anubhavgatha/brahma-kumari-sister-halina-spiritual-journey/,Setup 301 Redirect to Primary Page and remove duplicate from sitemap
93.57%,https://www.brahmakumaris.com/anubhavgatha/bk-sister-denise/,https://www.brahmakumaris.com/anubhavgatha/bk-sister-chandrika-toronto/,Setup 301 Redirect to Primary Page and remove duplicate from sitemap
93.57%,https://www.brahmakumaris.com/anubhavgatha/bk-sister-kiran-eugene/,https://www.brahmakumaris.com/anubhavgatha/bk-achal-didi-chandigarh/,Setup 301 Redirect to Primary Page and remove duplicate from sitemap
93.54%,https://www.brahmakumaris.com/anubhavgatha/dadi-kamalsundari-ji/,https://www.brahmakumaris.com/blog/brahma-baba-articles/mahila-shashaktikaran/,Setup 301 Redirect to Primary Page and remove duplicate from sitemap
93.53%,https://www.brahmakumaris.com/anubhavgatha/dadi-brijindra/,https://www.brahmakumaris.com/anubhavgatha/bk-sister-chandrika-toronto/,Setup 301 Redirect to Primary Page and remove duplicate from sitemap
93.52%,https://www.brahmakumaris.com/anubhavgatha/dadi-bholi-ji/,https://www.brahmakumaris.com/anubhavgatha/bk-geeta-los-angeles/,Setup 301 Redirect to Primary Page and remove duplicate from sitemap
93.48%,https://www.brahmakumaris.com/anubhavgatha/dadi-mithoo-ji/,https://www.brahmakumaris.com/anubhavgatha/bk-achal-didi-chandigarh/,Setup 301 Redirect to Primary Page and remove duplicate from sitemap
93.46%,https://www.brahmakumaris.com/anubhavgatha/bk-sister-chandrika-toronto/,https://www.brahmakumaris.com/blog/specialdays/new-inspirations-for-new-year/,Setup 301 Redirect to Primary Page and remove duplicate from sitemap
93.45%,https://www.brahmakumaris.com/anubhavgatha/brahma-kumari-sister-halina-spiritual-journey/,https://www.brahmakumaris.com/anubhavgatha/brahmakumari-kamlesh-didi-ji/,Setup 301 Redirect to Primary Page and remove duplicate from sitemap
93.45%,https://www.brahmakumaris.com/anubhavgatha/bk-sister-chandrika-toronto/,https://www.brahmakumaris.com/anubhavgatha/%e0%a4%ac%e0%a5%80-%e0%a4%95%e0%a5%87-%e0%a4%b8%e0%a4%bf%e0%a4%b8%e0%a5%8d%e0%a4%9f%e0%a4%b0-%e0%a4%8f%e0%a4%b2%e0%a4%bf%e0%a4%9c%e0%a4%bc%e0%a4%be%e0%a4%ac%e0%a5%87%e0%a4%a5-%e0%a4%85%e0%a4%a8/,Setup 301 Redirect to Primary Page and remove duplicate from sitemap
93.45%,https://www.brahmakumaris.com/anubhavgatha/didi-manmohini-ji/,https://www.brahmakumaris.com/anubhavgatha/bk-sister-chandrika-toronto/,Setup 301 Redirect to Primary Page and remove duplicate from sitemap
93.44%,https://www.brahmakumaris.com/anubhavgatha/dadi-chandramani-ji/,https://www.brahmakumaris.com/anubhavgatha/brahma-kumari-sister-halina-spiritual-journey/,Setup 301 Redirect to Primary Page and remove duplicate from sitemap
93.44%,https://www.brahmakumaris.com/anubhavgatha/dadi-santri-ji/,https://www.brahmakumaris.com/anubhavgatha/bk-achal-didi-chandigarh/,Setup 301 Redirect to Primary Page and remove duplicate from sitemap
93.43%,https://www.brahmakumaris.com/anubhavgatha/dadi-prakashmani/,https://www.brahmakumaris.com/anubhavgatha/bk-sudhesh-didi/,Setup 301 Redirect to Primary Page and remove duplicate from sitemap
93.43%,https://www.brahmakumaris.com/anubhavgatha/brahma-kumari-sister-halina-spiritual-journey/,https://www.brahmakumaris.com/anubhavgatha/dadi-situ/,Setup 301 Redirect to Primary Page and remove duplicate from sitemap
93.42%,https://www.brahmakumaris.com/anubhavgatha/bk-radha-didi-ajmer/,https://www.brahmakumaris.com/anubhavgatha/bk-achal-didi-chandigarh/,Setup 301 Redirect to Primary Page and remove duplicate from sitemap
93.41%,https://www.brahmakumaris.com/anubhavgatha/dadi-hriday-pushpa/,https://www.brahmakumaris.com/anubhavgatha/bk-achal-didi-chandigarh/,Setup 301 Redirect to Primary Page and remove duplicate from sitemap
93.41%,https://www.brahmakumaris.com/anubhavgatha/dada-vishwaratan/,https://www.brahmakumaris.com/anubhavgatha/bk-sister-chandrika-toronto/,Setup 301 Redirect to Primary Page and remove duplicate from sitemap
93.41%,https://www.brahmakumaris.com/anubhavgatha/bk-pushpa-didi-nagpur/,https://www.brahmakumaris.com/anubhavgatha/bk-achal-didi-chandigarh/,Setup 301 Redirect to Primary Page and remove duplicate from sitemap
93.4%,https://www.brahmakumaris.com/anubhavgatha/bk-satyavati-didi/,https://www.brahmakumaris.com/anubhavgatha/bk-achal-didi-chandigarh/,Setup 301 Redirect to Primary Page and remove duplicate from sitemap
93.4%,https://www.brahmakumaris.com/anubhavgatha/brahma-kumari-sister-halina-spiritual-journey/,https://www.brahmakumaris.com/anubhavgatha/bk-nayna-behen-london-experience/,Setup 301 Redirect to Primary Page and remove duplicate from sitemap
93.39%,https://www.brahmakumaris.com/anubhavgatha/dadi-shantamani-ji/,https://www.brahmakumaris.com/anubhavgatha/bk-achal-didi-chandigarh/,Setup 301 Redirect to Primary Page and remove duplicate from sitemap
93.37%,https://www.brahmakumaris.com/anubhavgatha/dadi-bholi-ji/,https://www.brahmakumaris.com/anubhavgatha/brahma-kumari-sister-halina-spiritual-journey/,Setup 301 Redirect to Primary Page and remove duplicate from sitemap
93.34%,https://www.brahmakumaris.com/anubhavgatha/bk-sister-chandrika-toronto/,https://www.brahmakumaris.com/anubhavgatha/bk-kailash-didi/,Setup 301 Redirect to Primary Page and remove duplicate from sitemap
93.32%,https://www.brahmakumaris.com/anubhavgatha/dada-vishwaratan/,https://www.brahmakumaris.com/anubhavgatha/brahma-kumari-sister-halina-spiritual-journey/,Setup 301 Redirect to Primary Page and remove duplicate from sitemap
93.27%,https://www.brahmakumaris.com/anubhavgatha/bk-sister-chandrika-toronto/,https://www.brahmakumaris.com/anubhavgatha/%e0%a4%a6%e0%a4%be%e0%a4%a6%e0%a5%80-%e0%a4%b6%e0%a5%80%e0%a4%b2%e0%a4%87%e0%a4%a8%e0%a5%8d%e0%a4%a6%e0%a5%8d%e0%a4%b0%e0%a4%be-%e0%a4%85%e0%a4%a8%e0%a5%81%e0%a4%ad%e0%a4%b5%e0%a4%97%e0%a4%be/,Setup 301 Redirect to Primary Page and remove duplicate from sitemap
93.25%,https://www.brahmakumaris.com/anubhavgatha/dadi-manoharindra-ji/,https://www.brahmakumaris.com/anubhavgatha/brahma-kumari-sister-halina-spiritual-journey/,Setup 301 Redirect to Primary Page and remove duplicate from sitemap
93.25%,https://www.brahmakumaris.com/anubhavgatha/dadi-manoharindra-ji/,https://www.brahmakumaris.com/anubhavgatha/bk-sister-chandrika-toronto/,Setup 301 Redirect to Primary Page and remove duplicate from sitemap
93.25%,https://www.brahmakumaris.com/anubhavgatha/dadi-gulzar/,https://www.brahmakumaris.com/anubhavgatha/brahma-kumari-sister-halina-spiritual-journey/,Setup 301 Redirect to Primary Page and remove duplicate from sitemap
93.24%,https://www.brahmakumaris.com/anubhavgatha/bk-sister-chandrika-toronto/,https://www.brahmakumaris.com/anubhavgatha/dadi-shantamani-ji/,Setup 301 Redirect to Primary Page and remove duplicate from sitemap
93.24%,https://www.brahmakumaris.com/blog/hindi-blog/story-of-maa-durga-on-navratri/,https://www.brahmakumaris.com/blog/brahma-baba-articles/mahila-shashaktikaran/,Setup 301 Redirect to Primary Page and remove duplicate from sitemap
93.21%,https://www.brahmakumaris.com/anubhavgatha/bk-sister-denise/,https://www.brahmakumaris.com/anubhavgatha/bk-achal-didi-chandigarh/,Setup 301 Redirect to Primary Page and remove duplicate from sitemap
93.2%,https://www.brahmakumaris.com/anubhavgatha/bk-sister-chandrika-toronto/,https://www.brahmakumaris.com/anubhavgatha/bk-sister-maureen-hongkong/,Setup 301 Redirect to Primary Page and remove duplicate from sitemap
93.19%,https://www.brahmakumaris.com/anubhavgatha/bk-sister-chandrika-toronto/,https://www.brahmakumaris.com/anubhavgatha/bk-raj-didi-nepal/,Setup 301 Redirect to Primary Page and remove duplicate from sitemap
93.18%,https://www.brahmakumaris.com/anubhavgatha/brahma-kumari-sister-halina-spiritual-journey/,https://www.brahmakumaris.com/blog/festivals/raksha-bandhan/beautiful-relation-raksha-bandhan/,Setup 301 Redirect to Primary Page and remove duplicate from sitemap
93.18%,https://www.brahmakumaris.com/anubhavgatha/bk-pushpal-didi/,https://www.brahmakumaris.com/blog/brahma-baba-articles/mahila-shashaktikaran/,Setup 301 Redirect to Primary Page and remove duplicate from sitemap
93.17%,https://www.brahmakumaris.com/anubhavgatha/bk-puri-bhai/,https://www.brahmakumaris.com/anubhavgatha/bk-achal-didi-chandigarh/,Setup 301 Redirect to Primary Page and remove duplicate from sitemap
93.17%,https://www.brahmakumaris.com/anubhavgatha/bk-meera-didi-malasia/,https://www.brahmakumaris.com/anubhavgatha/brahma-kumari-sister-halina-spiritual-journey/,Setup 301 Redirect to Primary Page and remove duplicate from sitemap
93.16%,https://www.brahmakumaris.com/anubhavgatha/brahma-kumari-sister-halina-spiritual-journey/,https://www.brahmakumaris.com/diwali/,Setup 301 Redirect to Primary Page and remove duplicate from sitemap
93.16%,https://www.brahmakumaris.com/anubhavgatha/bk-sister-chandrika-toronto/,https://www.brahmakumaris.com/anubhavgatha/bk-krishna-didi/,Setup 301 Redirect to Primary Page and remove duplicate from sitemap
93.15%,https://www.brahmakumaris.com/anubhavgatha/bk-sister-erica-germany/,https://www.brahmakumaris.com/anubhavgatha/bk-achal-didi-chandigarh/,Setup 301 Redirect to Primary Page and remove duplicate from sitemap
93.15%,https://www.brahmakumaris.com/anubhavgatha/dadi-prakashmani/,https://www.brahmakumaris.com/anubhavgatha/mateshwari-mamma/,Setup 301 Redirect to Primary Page and remove duplicate from sitemap
93.13%,https://www.brahmakumaris.com/anubhavgatha/bk-hemlata-didi-hyderabad/,https://www.brahmakumaris.com/anubhavgatha/bk-sister-chandrika-toronto/,Setup 301 Redirect to Primary Page and remove duplicate from sitemap
93.11%,https://www.brahmakumaris.com/rajyogteachers/,https://www.brahmakumaris.com/blog/dadi-prakashmani/journey-of-dadiji/,Setup 301 Redirect to Primary Page and remove duplicate from sitemap
93.11%,https://www.brahmakumaris.com/anubhavgatha/bk-sister-chandrika-toronto/,https://www.brahmakumaris.com/anubhavgatha/bk-purnima-didi/,Setup 301 Redirect to Primary Page and remove duplicate from sitemap
93.11%,https://www.brahmakumaris.com/blog/hindi-blog/vibration-ek-moun-bhasha/,https://www.brahmakumaris.com/anubhavgatha/bk-achal-didi-chandigarh/,Setup 301 Redirect to Primary Page and remove duplicate from sitemap
93.09%,https://www.brahmakumaris.com/blog/hindi-blog/man-ki-bechaini-chinta-tanav-samajhna/,https://www.brahmakumaris.com/anubhavgatha/bk-achal-didi-chandigarh/,Setup 301 Redirect to Primary Page and remove duplicate from sitemap
93.06%,https://www.brahmakumaris.com/anubhavgatha/dadi-chandramani-ji/,https://www.brahmakumaris.com/anubhavgatha/bk-achal-didi-chandigarh/,Setup 301 Redirect to Primary Page and remove duplicate from sitemap
93.06%,https://www.brahmakumaris.com/category/mahashivratri/,https://www.brahmakumaris.com/category/rajyogteachers/,Setup 301 Redirect to Primary Page and remove duplicate from sitemap
93.06%,https://www.brahmakumaris.com/anubhavgatha/didi-manmohini-ji/,https://www.brahmakumaris.com/anubhavgatha/brahma-kumari-sister-halina-spiritual-journey/,Setup 301 Redirect to Primary Page and remove duplicate from sitemap
93.06%,https://www.brahmakumaris.com/anubhavgatha/bk-sister-denise/,https://www.brahmakumaris.com/anubhavgatha/brahma-kumari-sister-halina-spiritual-journey/,Setup 301 Redirect to Primary Page and remove duplicate from sitemap
93.04%,https://www.brahmakumaris.com/anubhavgatha/dada-anand-kishore/,https://www.brahmakumaris.com/anubhavgatha/bk-sister-chandrika-toronto/,Setup 301 Redirect to Primary Page and remove duplicate from sitemap
93.04%,https://www.brahmakumaris.com/anubhavgatha/dadi-manoharindra-ji/,https://www.brahmakumaris.com/anubhavgatha/bk-achal-didi-chandigarh/,Setup 301 Redirect to Primary Page and remove duplicate from sitemap
93.04%,https://www.brahmakumaris.com/anubhavgatha/dadi-kamalsundari-ji/,https://www.brahmakumaris.com/anubhavgatha/brahma-kumari-sister-halina-spiritual-journey/,Setup 301 Redirect to Primary Page and remove duplicate from sitemap
93.02%,https://www.brahmakumaris.com/anubhavgatha/dadi-prakashmani/,https://www.brahmakumaris.com/anubhavgatha/dadi-dhyani-ji/,Setup 301 Redirect to Primary Page and remove duplicate from sitemap
93.02%,https://www.brahmakumaris.com/category/storytime/,https://www.brahmakumaris.com/category/dadi-gulzar/,Setup 301 Redirect to Primary Page and remove duplicate from sitemap
93.0%,https://www.brahmakumaris.com/anubhavgatha/brahma-kumari-sister-halina-spiritual-journey/,https://www.brahmakumaris.com/blog/festivals/sachchi-aazadi-ka-arth/,Setup 301 Redirect to Primary Page and remove duplicate from sitemap
92.99%,https://www.brahmakumaris.com/anubhavgatha/dadi-rukmani-ji/,https://www.brahmakumaris.com/blog/brahma-baba-articles/mahila-shashaktikaran/,Setup 301 Redirect to Primary Page and remove duplicate from sitemap
92.95%,https://www.brahmakumaris.com/anubhavgatha/dada-chandrahas-ji/,https://www.brahmakumaris.com/anubhavgatha/bk-sister-chandrika-toronto/,Setup 301 Redirect to Primary Page and remove duplicate from sitemap
92.91%,https://www.brahmakumaris.com/anubhavgatha/dadi-prakashmani/,https://www.brahmakumaris.com/anubhavgatha/dadi-brijindra/,Setup 301 Redirect to Primary Page and remove duplicate from sitemap
92.9%,https://www.brahmakumaris.com/anubhavgatha/bk-kamlesh-didi-odisha/,https://www.brahmakumaris.com/anubhavgatha/bk-achal-didi-chandigarh/,Setup 301 Redirect to Primary Page and remove duplicate from sitemap
92.89%,https://www.brahmakumaris.com/anubhavgatha/bk-sister-chandrika-toronto/,https://www.brahmakumaris.com/blog/hindi-blog/satvik-bhojan-ka-atmik-prabhav/,Setup 301 Redirect to Primary Page and remove duplicate from sitemap
92.88%,https://www.brahmakumaris.com/anubhavgatha/dadi-prakashmani/,https://www.brahmakumaris.com/anubhavgatha/dadi-santri-ji/,Setup 301 Redirect to Primary Page and remove duplicate from sitemap
92.84%,https://www.brahmakumaris.com/anubhavgatha/bk-sister-chandrika-toronto/,https://www.brahmakumaris.com/anubhavgatha/bk-sutish-didi/,Setup 301 Redirect to Primary Page and remove duplicate from sitemap
92.83%,https://www.brahmakumaris.com/anubhavgatha/bk-raj-didi-amritsar/,https://www.brahmakumaris.com/anubhavgatha/bk-achal-didi-chandigarh/,Setup 301 Redirect to Primary Page and remove duplicate from sitemap
92.83%,https://www.brahmakumaris.com/anubhavgatha/dadi-rukmani-ji/,https://www.brahmakumaris.com/anubhavgatha/bk-achal-didi-chandigarh/,Setup 301 Redirect to Primary Page and remove duplicate from sitemap
92.82%,https://www.brahmakumaris.com/anubhavgatha/bk-sister-chandrika-toronto/,https://www.brahmakumaris.com/anubhavgatha/bk-premlata-didi/,Setup 301 Redirect to Primary Page and remove duplicate from sitemap
92.82%,https://www.brahmakumaris.com/anubhavgatha/brahma-kumari-sister-halina-spiritual-journey/,https://www.brahmakumaris.com/blog/festivals/janmashtami/life-of-krishna/,Setup 301 Redirect to Primary Page and remove duplicate from sitemap
92.81%,https://www.brahmakumaris.com/anubhavgatha/bk-rajkrishna-bhai/,https://www.brahmakumaris.com/anubhavgatha/bk-achal-didi-chandigarh/,Setup 301 Redirect to Primary Page and remove duplicate from sitemap
92.81%,https://www.brahmakumaris.com/anubhavgatha/brahma-kumari-sister-halina-spiritual-journey/,https://www.brahmakumaris.com/blog/festivals/janmashtami-spiritual-significance/,Setup 301 Redirect to Primary Page and remove duplicate from sitemap
92.79%,https://www.brahmakumaris.com/anubhavgatha/dadi-bholi-ji/,https://www.brahmakumaris.com/anubhavgatha/bk-sister-chandrika-toronto/,Setup 301 Redirect to Primary Page and remove duplicate from sitemap
92.78%,https://www.brahmakumaris.com/anubhavgatha/bk-premlata-didi/,https://www.brahmakumaris.com/blog/brahma-baba-articles/mahila-shashaktikaran/,Setup 301 Redirect to Primary Page and remove duplicate from sitemap
92.78%,https://www.brahmakumaris.com/anubhavgatha/brahma-kumari-sister-halina-spiritual-journey/,https://www.brahmakumaris.com/anubhavgatha/dadi-mithoo-ji/,Setup 301 Redirect to Primary Page and remove duplicate from sitemap
92.78%,https://www.brahmakumaris.com/anubhavgatha/dadi-prakashmani/,https://www.brahmakumaris.com/anubhavgatha/dadi-hriday-pushpa/,Setup 301 Redirect to Primary Page and remove duplicate from sitemap
92.77%,https://www.brahmakumaris.com/anubhavgatha/dadi-prakashmani/,https://www.brahmakumaris.com/anubhavgatha/bhau-vishwakishore/,Setup 301 Redirect to Primary Page and remove duplicate from sitemap
92.76%,https://www.brahmakumaris.com/anubhavgatha/dadi-brijindra/,https://www.brahmakumaris.com/anubhavgatha/brahma-kumari-sister-halina-spiritual-journey/,Setup 301 Redirect to Primary Page and remove duplicate from sitemap
92.76%,https://www.brahmakumaris.com/blog/hindi-blog/shivratri-a-universal-festival/,https://www.brahmakumaris.com/anubhavgatha/bk-sister-chandrika-toronto/,Setup 301 Redirect to Primary Page and remove duplicate from sitemap
92.74%,https://www.brahmakumaris.com/anubhavgatha/dadi-prakashmani/,https://www.brahmakumaris.com/anubhavgatha/santosh-behan-russia-ki-seva-yatra/,Setup 301 Redirect to Primary Page and remove duplicate from sitemap
92.72%,https://www.brahmakumaris.com/anubhavgatha/santosh-behan-russia-ki-seva-yatra/,https://www.brahmakumaris.com/anubhavgatha/bk-achal-didi-chandigarh/,Setup 301 Redirect to Primary Page and remove duplicate from sitemap
92.71%,https://www.brahmakumaris.com/anubhavgatha/bk-sister-chandrika-toronto/,https://www.brahmakumaris.com/blog/hindi-blog/seva-ka-gehra-svaroop-man-vachan-karm-dwara/,Setup 301 Redirect to Primary Page and remove duplicate from sitemap
92.71%,https://www.brahmakumaris.com/anubhavgatha/bk-sister-chandrika-toronto/,https://www.brahmakumaris.com/blog/mamma-b/inspiration-for-all-brahmins-mamma/,Setup 301 Redirect to Primary Page and remove duplicate from sitemap
92.69%,https://www.brahmakumaris.com/anubhavgatha/dadi-kamalsundari-ji/,https://www.brahmakumaris.com/anubhavgatha/bk-achal-didi-chandigarh/,Setup 301 Redirect to Primary Page and remove duplicate from sitemap
92.67%,https://www.brahmakumaris.com/anubhavgatha/bk-sutish-didi/,https://www.brahmakumaris.com/blog/brahma-baba-articles/mahila-shashaktikaran/,Setup 301 Redirect to Primary Page and remove duplicate from sitemap
92.64%,https://www.brahmakumaris.com/anubhavgatha/dadi-hriday-pushpa/,https://www.brahmakumaris.com/anubhavgatha/brahma-kumari-sister-halina-spiritual-journey/,Setup 301 Redirect to Primary Page and remove duplicate from sitemap
92.63%,https://www.brahmakumaris.com/anubhavgatha/sister-batul-ki-roohani-yatra/,https://www.brahmakumaris.com/anubhavgatha/bk-sister-chandrika-toronto/,Setup 301 Redirect to Primary Page and remove duplicate from sitemap
92.61%,https://www.brahmakumaris.com/anubhavgatha/bk-sister-chandrika-toronto/,https://www.brahmakumaris.com/blog/hindi-blog/story-of-maa-durga-on-navratri/,Setup 301 Redirect to Primary Page and remove duplicate from sitemap
92.61%,https://www.brahmakumaris.com/blog/brahma-baba-articles/mahila-shashaktikaran/,https://www.brahmakumaris.com/blog/festivals/raksha-bandhan/not-just-limited-to-brother-and-sister/,Setup 301 Redirect to Primary Page and remove duplicate from sitemap
92.59%,https://www.brahmakumaris.com/anubhavgatha/bk-atmaprakash-bhaiji/,https://www.brahmakumaris.com/blog/brahma-baba-articles/mahila-shashaktikaran/,Setup 301 Redirect to Primary Page and remove duplicate from sitemap
92.58%,https://www.brahmakumaris.com/anubhavgatha/sister-sirona-ki-adhyatmik-yatra/,https://www.brahmakumaris.com/anubhavgatha/bk-achal-didi-chandigarh/,Setup 301 Redirect to Primary Page and remove duplicate from sitemap
92.57%,https://www.brahmakumaris.com/anubhavgatha/bk-nirwair-bhaiji/,https://www.brahmakumaris.com/anubhavgatha/bk-achal-didi-chandigarh/,Setup 301 Redirect to Primary Page and remove duplicate from sitemap
92.56%,https://www.brahmakumaris.com/anubhavgatha/brahma-kumari-sister-halina-spiritual-journey/,https://www.brahmakumaris.com/blog/environment/vishwa-vanyajeev-diwas-prakruti-ki-saath-hamar-gahre-sambandh-ki-aadhyatmik-anubhuti/,Setup 301 Redirect to Primary Page and remove duplicate from sitemap
92.56%,https://www.brahmakumaris.com/anubhavgatha/bk-hemlata-didi-hyderabad/,https://www.brahmakumaris.com/blog/brahma-baba-articles/mahila-shashaktikaran/,Setup 301 Redirect to Primary Page and remove duplicate from sitemap
92.55%,https://www.brahmakumaris.com/anubhavgatha/brahma-kumari-sister-halina-spiritual-journey/,https://www.brahmakumaris.com/anubhavgatha/bk-avdhesh-nandan-bhai/,Setup 301 Redirect to Primary Page and remove duplicate from sitemap
92.51%,https://www.brahmakumaris.com/anubhavgatha/bk-sister-chandrika-toronto/,https://www.brahmakumaris.com/anubhavgatha/bk-mohini-didi-madhuban/,Setup 301 Redirect to Primary Page and remove duplicate from sitemap
92.5%,https://www.brahmakumaris.com/anubhavgatha/brahma-kumari-sister-halina-spiritual-journey/,https://www.brahmakumaris.com/blog/hindi-blog/shivratri-a-universal-festival/,Setup 301 Redirect to Primary Page and remove duplicate from sitemap
92.49%,https://www.brahmakumaris.com/anubhavgatha/bk-sister-sudha-moscow/,https://www.brahmakumaris.com/anubhavgatha/bk-sister-chandrika-toronto/,Setup 301 Redirect to Primary Page and remove duplicate from sitemap
92.49%,https://www.brahmakumaris.com/blog/specialdays/yog-is-a-gift-to-the-humanity-by-god/,https://www.brahmakumaris.com/blog/specialdays/sahaj-rajyoga-sarvangin-swasthya-pane-ka-marg/,Setup 301 Redirect to Primary Page and remove duplicate from sitemap
92.48%,https://www.brahmakumaris.com/anubhavgatha/bk-sister-gayatri-newyork/,https://www.brahmakumaris.com/anubhavgatha/bk-sister-chandrika-toronto/,Setup 301 Redirect to Primary Page and remove duplicate from sitemap
92.47%,https://www.brahmakumaris.com/anubhavgatha/bk-sister-chandrika-toronto/,https://www.brahmakumaris.com/anubhavgatha/sister-sirona-ki-adhyatmik-yatra/,Setup 301 Redirect to Primary Page and remove duplicate from sitemap
92.45%,https://www.brahmakumaris.com/anubhavgatha/bk-sister-chandrika-toronto/,https://www.brahmakumaris.com/anubhavgatha/bk-kamla-didi-patiala/,Setup 301 Redirect to Primary Page and remove duplicate from sitemap
92.44%,https://www.brahmakumaris.com/anubhavgatha/bk-sister-chandrika-toronto/,https://www.brahmakumaris.com/anubhavgatha/sister-anne-bomian-ki-jeevan-kahani/,Setup 301 Redirect to Primary Page and remove duplicate from sitemap
92.44%,https://www.brahmakumaris.com/anubhavgatha/bk-sister-chandrika-toronto/,https://www.brahmakumaris.com/anubhavgatha/bk-vidhyasagar-bhai/,Setup 301 Redirect to Primary Page and remove duplicate from sitemap
92.44%,https://www.brahmakumaris.com/anubhavgatha/dadi-prakashmani/,https://www.brahmakumaris.com/blog/hindi-blog/man-ki-vikaro-ko-jitna-hi-sacchi-navratri/,Setup 301 Redirect to Primary Page and remove duplicate from sitemap
92.43%,https://www.brahmakumaris.com/raipur/shanti-shikhar/,https://www.brahmakumaris.com/raipur/shanti-shikhar/glimpses-shanti-shikhar/,Setup 301 Redirect to Primary Page and remove duplicate from sitemap
92.42%,https://www.brahmakumaris.com/anubhavgatha/bk-saroj-didi-ambala/,https://www.brahmakumaris.com/anubhavgatha/bk-achal-didi-chandigarh/,Setup 301 Redirect to Primary Page and remove duplicate from sitemap
92.41%,https://www.brahmakumaris.com/anubhavgatha/bk-sister-chandrika-toronto/,https://www.brahmakumaris.com/blog/specialdays/sada-rahene-wali-prasannata-ka-rahasya-world-happiness-day/,Setup 301 Redirect to Primary Page and remove duplicate from sitemap
92.41%,https://www.brahmakumaris.com/anubhavgatha/bk-sister-chandrika-toronto/,https://www.brahmakumaris.com/anubhavgatha/bk-vedanti-did/,Setup 301 Redirect to Primary Page and remove duplicate from sitemap
92.4%,https://www.brahmakumaris.com/blog/hindi-blog/om-shanti-ka-arth/,https://www.brahmakumaris.com/anubhavgatha/bk-achal-didi-chandigarh/,Setup 301 Redirect to Primary Page and remove duplicate from sitemap
92.39%,https://www.brahmakumaris.com/anubhavgatha/dadi-santri-ji/,https://www.brahmakumaris.com/anubhavgatha/brahma-kumari-sister-halina-spiritual-journey/,Setup 301 Redirect to Primary Page and remove duplicate from sitemap
92.39%,https://www.brahmakumaris.com/storytime/power-st/aatmik-shakti-aur-manifestation/,https://www.brahmakumaris.com/anubhavgatha/bk-achal-didi-chandigarh/,Setup 301 Redirect to Primary Page and remove duplicate from sitemap
92.38%,https://www.brahmakumaris.com/anubhavgatha/bk-sister-chandrika-toronto/,https://www.brahmakumaris.com/blog/hindi-blog/om-shanti-ka-arth/,Setup 301 Redirect to Primary Page and remove duplicate from sitemap
92.38%,https://www.brahmakumaris.com/anubhavgatha/%e0%a4%ac%e0%a5%80-%e0%a4%95%e0%a5%87-%e0%a4%b2%e0%a4%95%e0%a5%8d%e0%a4%b7%e0%a5%8d%e0%a4%ae%e0%a4%a3-%e0%a4%ad%e0%a4%be%e0%a4%88-%e0%a4%85%e0%a4%a8%e0%a5%81%e0%a4%ad%e0%a4%b5%e0%a4%97%e0%a4%be/,https://www.brahmakumaris.com/anubhavgatha/bk-achal-didi-chandigarh/,Setup 301 Redirect to Primary Page and remove duplicate from sitemap
92.37%,https://www.brahmakumaris.com/raipur/shanti-shikhar/,https://www.brahmakumaris.com/raipur/shanti-sarovar/,Setup 301 Redirect to Primary Page and remove duplicate from sitemap
92.37%,https://www.brahmakumaris.com/anubhavgatha/brahma-kumari-sister-halina-spiritual-journey/,https://www.brahmakumaris.com/blog/specialdays/parmatma-hamare-jeevan-ke-prakash-stambh-shikshak-diwas/,Setup 301 Redirect to Primary Page and remove duplicate from sitemap
92.36%,https://www.brahmakumaris.com/anubhavgatha/dadi-dhyani-ji/,https://www.brahmakumaris.com/anubhavgatha/brahma-kumari-sister-halina-spiritual-journey/,Setup 301 Redirect to Primary Page and remove duplicate from sitemap
92.35%,https://www.brahmakumaris.com/anubhavgatha/bk-sister-chandrika-toronto/,https://www.brahmakumaris.com/blog/brahma-baba-articles/ek-aloukik-safar/,Setup 301 Redirect to Primary Page and remove duplicate from sitemap
92.35%,https://www.brahmakumaris.com/anubhavgatha/dadi-pushpshanta-ji/,https://www.brahmakumaris.com/blog/brahma-baba-articles/mahila-shashaktikaran/,Setup 301 Redirect to Primary Page and remove duplicate from sitemap
92.35%,https://www.brahmakumaris.com/anubhavgatha/mateshwari-mamma/,https://www.brahmakumaris.com/anubhavgatha/bk-achal-didi-chandigarh/,Setup 301 Redirect to Primary Page and remove duplicate from sitemap
92.31%,https://www.brahmakumaris.com/anubhavgatha/bk-sister-denise/,https://www.brahmakumaris.com/blog/brahma-baba-articles/mahila-shashaktikaran/,Setup 301 Redirect to Primary Page and remove duplicate from sitemap
92.31%,https://www.brahmakumaris.com/anubhavgatha/dadi-bholi-ji/,https://www.brahmakumaris.com/anubhavgatha/bk-achal-didi-chandigarh/,Setup 301 Redirect to Primary Page and remove duplicate from sitemap
92.3%,https://www.brahmakumaris.com/anubhavgatha/bk-sister-chandrika-toronto/,https://www.brahmakumaris.com/anubhavgatha/bk-sister-rajni-japan/,Setup 301 Redirect to Primary Page and remove duplicate from sitemap
92.29%,https://www.brahmakumaris.com/anubhavgatha/bk-achal-didi-chandigarh/,https://www.brahmakumaris.com/anubhavgatha/bk-janak-didi-sonipat/,Setup 301 Redirect to Primary Page and remove duplicate from sitemap
92.28%,https://www.brahmakumaris.com/anubhavgatha/bk-sutish-didi/,https://www.brahmakumaris.com/anubhavgatha/bk-achal-didi-chandigarh/,Setup 301 Redirect to Primary Page and remove duplicate from sitemap
92.28%,https://www.brahmakumaris.com/anubhavgatha/sister-batul-ki-roohani-yatra/,https://www.brahmakumaris.com/anubhavgatha/bk-achal-didi-chandigarh/,Setup 301 Redirect to Primary Page and remove duplicate from sitemap
92.27%,https://www.brahmakumaris.com/anubhavgatha/bk-geeta-los-angeles/,https://www.brahmakumaris.com/anubhavgatha/bk-sister-chandrika-toronto/,Setup 301 Redirect to Primary Page and remove duplicate from sitemap
92.26%,https://www.brahmakumaris.com/blog/hindi-blog/shivratri-a-universal-festival/,https://www.brahmakumaris.com/blog/brahma-baba-articles/mahila-shashaktikaran/,Setup 301 Redirect to Primary Page and remove duplicate from sitemap
92.26%,https://www.brahmakumaris.com/anubhavgatha/brahma-kumari-sister-halina-spiritual-journey/,https://www.brahmakumaris.com/anubhavgatha/bk-hemlata-didi-hyderabad/,Setup 301 Redirect to Primary Page and remove duplicate from sitemap
92.25%,https://www.brahmakumaris.com/anubhavgatha/bk-sister-chandrika-toronto/,https://www.brahmakumaris.com/anubhavgatha/bk-pushpa-didi-haryana/,Setup 301 Redirect to Primary Page and remove duplicate from sitemap
92.2%,https://www.brahmakumaris.com/anubhavgatha/dadi-pushpshanta-ji/,https://www.brahmakumaris.com/anubhavgatha/bk-sister-chandrika-toronto/,Setup 301 Redirect to Primary Page and remove duplicate from sitemap
92.2%,https://www.brahmakumaris.com/anubhavgatha/bk-kailash-didi/,https://www.brahmakumaris.com/blog/brahma-baba-articles/mahila-shashaktikaran/,Setup 301 Redirect to Primary Page and remove duplicate from sitemap
92.19%,https://www.brahmakumaris.com/anubhavgatha/bk-sister-sudha-moscow/,https://www.brahmakumaris.com/anubhavgatha/bk-achal-didi-chandigarh/,Setup 301 Redirect to Primary Page and remove duplicate from sitemap
92.19%,https://www.brahmakumaris.com/anubhavgatha/dadi-kamalsundari-ji/,https://www.brahmakumaris.com/anubhavgatha/bk-sister-chandrika-toronto/,Setup 301 Redirect to Primary Page and remove duplicate from sitemap
92.19%,https://www.brahmakumaris.com/anubhavgatha/bk-mohini-didi-america/,https://www.brahmakumaris.com/anubhavgatha/bk-brijmohan-bhaiji/,Setup 301 Redirect to Primary Page and remove duplicate from sitemap
92.19%,https://www.brahmakumaris.com/anubhavgatha/bk-sister-chandrika-toronto/,https://www.brahmakumaris.com/anubhavgatha/bk-kamlesh-didi-odisha/,Setup 301 Redirect to Primary Page and remove duplicate from sitemap
92.18%,https://www.brahmakumaris.com/anubhavgatha/bk-sister-chandrika-toronto/,https://www.brahmakumaris.com/anubhavgatha/bk-jayanti-didi-ji/,Setup 301 Redirect to Primary Page and remove duplicate from sitemap
92.16%,https://www.brahmakumaris.com/blog/brahma-baba-articles/mahila-shashaktikaran/,https://www.brahmakumaris.com/anubhavgatha/bk-pushpa-didi-nagpur/,Setup 301 Redirect to Primary Page and remove duplicate from sitemap
92.16%,https://www.brahmakumaris.com/anubhavgatha/dadi-prakashmani/,https://www.brahmakumaris.com/blog/brahma-baba-articles/mahila-shashaktikaran/,Setup 301 Redirect to Primary Page and remove duplicate from sitemap
92.16%,https://www.brahmakumaris.com/anubhavgatha/dadi-prakashmani/,https://www.brahmakumaris.com/anubhavgatha/bk-jagdishbhai/,Setup 301 Redirect to Primary Page and remove duplicate from sitemap
92.14%,https://www.brahmakumaris.com/anubhavgatha/bk-sister-maureen-hongkong/,https://www.brahmakumaris.com/blog/brahma-baba-articles/mahila-shashaktikaran/,Setup 301 Redirect to Primary Page and remove duplicate from sitemap
92.14%,https://www.brahmakumaris.com/anubhavgatha/bk-sister-kiran-eugene/,https://www.brahmakumaris.com/blog/brahma-baba-articles/mahila-shashaktikaran/,Setup 301 Redirect to Primary Page and remove duplicate from sitemap
92.13%,https://www.brahmakumaris.com/anubhavgatha/bk-nirwair-bhaiji/,https://www.brahmakumaris.com/blog/brahma-baba-articles/mahila-shashaktikaran/,Setup 301 Redirect to Primary Page and remove duplicate from sitemap
92.1%,https://www.brahmakumaris.com/anubhavgatha/bhau-vishwakishore/,https://www.brahmakumaris.com/anubhavgatha/brahma-kumari-sister-halina-spiritual-journey/,Setup 301 Redirect to Primary Page and remove duplicate from sitemap
92.1%,https://www.brahmakumaris.com/anubhavgatha/dadi-prakashmani/,https://www.brahmakumaris.com/anubhavgatha/brahma-kumari-sister-halina-spiritual-journey/,Setup 301 Redirect to Primary Page and remove duplicate from sitemap
92.08%,https://www.brahmakumaris.com/anubhavgatha/sister-anne-bomian-ki-jeevan-kahani/,https://www.brahmakumaris.com/anubhavgatha/bk-achal-didi-chandigarh/,Setup 301 Redirect to Primary Page and remove duplicate from sitemap
92.08%,https://www.brahmakumaris.com/anubhavgatha/dada-vishwaratan/,https://www.brahmakumaris.com/anubhavgatha/bk-achal-didi-chandigarh/,Setup 301 Redirect to Primary Page and remove duplicate from sitemap
92.06%,https://www.brahmakumaris.com/blog/brahma-baba-articles/ek-aloukik-safar/,https://www.brahmakumaris.com/blog/brahma-baba-articles/mahila-shashaktikaran/,Setup 301 Redirect to Primary Page and remove duplicate from sitemap
92.05%,https://www.brahmakumaris.com/anubhavgatha/dadi-gange-ji/,https://www.brahmakumaris.com/anubhavgatha/bk-sister-chandrika-toronto/,Setup 301 Redirect to Primary Page and remove duplicate from sitemap
92.03%,https://www.brahmakumaris.com/diwali/,https://www.brahmakumaris.com/blog/brahma-baba-articles/mahila-shashaktikaran/,Setup 301 Redirect to Primary Page and remove duplicate from sitemap
92.03%,https://www.brahmakumaris.com/anubhavgatha/%e0%a4%a6%e0%a4%be%e0%a4%a6%e0%a5%80-%e0%a4%ad%e0%a5%82%e0%a4%b0%e0%a5%80-%e0%a4%9c%e0%a5%80-%e0%a4%85%e0%a4%a8%e0%a5%81%e0%a4%ad%e0%a4%b5%e0%a4%97%e0%a4%be%e0%a4%a5%e0%a4%be/,https://www.brahmakumaris.com/anubhavgatha/bk-achal-didi-chandigarh/,Setup 301 Redirect to Primary Page and remove duplicate from sitemap
92.02%,https://www.brahmakumaris.com/anubhavgatha/bk-sister-chandrika-toronto/,https://www.brahmakumaris.com/anubhavgatha/bk-amirchand-bhai/,Setup 301 Redirect to Primary Page and remove duplicate from sitemap
92.01%,https://www.brahmakumaris.com/anubhavgatha/bk-prabha-didi/,https://www.brahmakumaris.com/anubhavgatha/bk-achal-didi-chandigarh/,Setup 301 Redirect to Primary Page and remove duplicate from sitemap
91.98%,https://www.brahmakumaris.com/anubhavgatha/bk-trupta-didi/,https://www.brahmakumaris.com/blog/brahma-baba-articles/mahila-shashaktikaran/,Setup 301 Redirect to Primary Page and remove duplicate from sitemap
91.98%,https://www.brahmakumaris.com/anubhavgatha/dadi-atmamohini-ji/,https://www.brahmakumaris.com/blog/brahma-baba-articles/mahila-shashaktikaran/,Setup 301 Redirect to Primary Page and remove duplicate from sitemap
91.97%,https://www.brahmakumaris.com/anubhavgatha/dadi-ratanmohini-ji/,https://www.brahmakumaris.com/blog/brahma-baba-articles/mahila-shashaktikaran/,Setup 301 Redirect to Primary Page and remove duplicate from sitemap
91.95%,https://www.brahmakumaris.com/anubhavgatha/brahma-kumari-sister-halina-spiritual-journey/,https://www.brahmakumaris.com/blog/festivals/raksha-bandhan/festival-of-brotherhood-and-purity/,Setup 301 Redirect to Primary Page and remove duplicate from sitemap
91.95%,https://www.brahmakumaris.com/anubhavgatha/bk-sister-sudha-moscow/,https://www.brahmakumaris.com/blog/brahma-baba-articles/mahila-shashaktikaran/,Setup 301 Redirect to Primary Page and remove duplicate from sitemap
91.94%,https://www.brahmakumaris.com/blog/brahma-baba-articles/mahila-shashaktikaran/,https://www.brahmakumaris.com/anubhavgatha/bk-kamlesh-didi-bhatinda/,Setup 301 Redirect to Primary Page and remove duplicate from sitemap
91.93%,https://www.brahmakumaris.com/anubhavgatha/bk-mohini-didi-america/,https://www.brahmakumaris.com/anubhavgatha/brahma-kumari-sister-halina-spiritual-journey/,Setup 301 Redirect to Primary Page and remove duplicate from sitemap
91.92%,https://www.brahmakumaris.com/anubhavgatha/bk-vidhyasagar-bhai/,https://www.brahmakumaris.com/anubhavgatha/bk-achal-didi-chandigarh/,Setup 301 Redirect to Primary Page and remove duplicate from sitemap
91.91%,https://www.brahmakumaris.com/storytime/power-st/vo-raat-jab-bechain-man-ko-sukoon-mila/,https://www.brahmakumaris.com/anubhavgatha/bk-achal-didi-chandigarh/,Setup 301 Redirect to Primary Page and remove duplicate from sitemap
91.91%,https://www.brahmakumaris.com/anubhavgatha/dadi-prakashmani/,https://www.brahmakumaris.com/anubhavgatha/dadi-chandramani-ji/,Setup 301 Redirect to Primary Page and remove duplicate from sitemap
91.91%,https://www.brahmakumaris.com/anubhavgatha/bk-raj-didi-nepal/,https://www.brahmakumaris.com/anubhavgatha/bk-achal-didi-chandigarh/,Setup 301 Redirect to Primary Page and remove duplicate from sitemap
91.9%,https://www.brahmakumaris.com/storytime/power-st/aatmik-shakti-aur-manifestation/,https://www.brahmakumaris.com/blog/brahma-baba-articles/mahila-shashaktikaran/,Setup 301 Redirect to Primary Page and remove duplicate from sitemap
91.9%,https://www.brahmakumaris.com/anubhavgatha/dada-vishwaratan/,https://www.brahmakumaris.com/blog/brahma-baba-articles/mahila-shashaktikaran/,Setup 301 Redirect to Primary Page and remove duplicate from sitemap
91.89%,https://www.brahmakumaris.com/anubhavgatha/bk-sister-chandrika-toronto/,https://www.brahmakumaris.com/blog/festivals/holi-ka-vastavik-mahatva-rango-se-pare-ka-tyohar/,Setup 301 Redirect to Primary Page and remove duplicate from sitemap
91.89%,https://www.brahmakumaris.com/anubhavgatha/%e0%a4%a6%e0%a4%be%e0%a4%a6%e0%a5%80-%e0%a4%b6%e0%a5%80%e0%a4%b2%e0%a4%87%e0%a4%a8%e0%a5%8d%e0%a4%a6%e0%a5%8d%e0%a4%b0%e0%a4%be-%e0%a4%85%e0%a4%a8%e0%a5%81%e0%a4%ad%e0%a4%b5%e0%a4%97%e0%a4%be/,https://www.brahmakumaris.com/blog/brahma-baba-articles/mahila-shashaktikaran/,Setup 301 Redirect to Primary Page and remove duplicate from sitemap
91.88%,https://www.brahmakumaris.com/anubhavgatha/bk-sister-chandrika-toronto/,https://www.brahmakumaris.com/anubhavgatha/%e0%a4%a6%e0%a4%be%e0%a4%a6%e0%a5%80-%e0%a4%ad%e0%a5%82%e0%a4%b0%e0%a5%80-%e0%a4%9c%e0%a5%80-%e0%a4%85%e0%a4%a8%e0%a5%81%e0%a4%ad%e0%a4%b5%e0%a4%97%e0%a4%be%e0%a4%a5%e0%a4%be/,Setup 301 Redirect to Primary Page and remove duplicate from sitemap
91.87%,https://www.brahmakumaris.com/anubhavgatha/dadi-prakashmani/,https://www.brahmakumaris.com/anubhavgatha/bk-sister-denise/,Setup 301 Redirect to Primary Page and remove duplicate from sitemap
91.84%,https://www.brahmakumaris.com/anubhavgatha/brahma-kumari-sister-halina-spiritual-journey/,https://www.brahmakumaris.com/anubhavgatha/bk-sister-chandrika-toronto/,Setup 301 Redirect to Primary Page and remove duplicate from sitemap
91.83%,https://www.brahmakumaris.com/anubhavgatha/%e0%a4%ac%e0%a5%80-%e0%a4%95%e0%a5%87-%e0%a4%b8%e0%a4%bf%e0%a4%b8%e0%a5%8d%e0%a4%9f%e0%a4%b0-%e0%a4%8f%e0%a4%b2%e0%a4%bf%e0%a4%9c%e0%a4%bc%e0%a4%be%e0%a4%ac%e0%a5%87%e0%a4%a5-%e0%a4%85%e0%a4%a8/,https://www.brahmakumaris.com/anubhavgatha/bk-achal-didi-chandigarh/,Setup 301 Redirect to Primary Page and remove duplicate from sitemap
91.83%,https://www.brahmakumaris.com/anubhavgatha/bk-sister-chandrika-toronto/,https://www.brahmakumaris.com/anubhavgatha/dadi-rukmani-ji/,Setup 301 Redirect to Primary Page and remove duplicate from sitemap
91.82%,https://www.brahmakumaris.com/anubhavgatha/brahma-kumari-sister-halina-spiritual-journey/,https://www.brahmakumaris.com/blog/hindi-blog/shiv-and-shivratri/,Setup 301 Redirect to Primary Page and remove duplicate from sitemap
91.81%,https://www.brahmakumaris.com/anubhavgatha/bk-meera-didi-malasia/,https://www.brahmakumaris.com/anubhavgatha/bk-sister-chandrika-toronto/,Setup 301 Redirect to Primary Page and remove duplicate from sitemap
91.8%,https://www.brahmakumaris.com/blog/hindi-blog/shivratri-ka-adhyatmik-rahasya/,https://www.brahmakumaris.com/anubhavgatha/brahma-kumari-sister-halina-spiritual-journey/,Setup 301 Redirect to Primary Page and remove duplicate from sitemap
91.8%,https://www.brahmakumaris.com/anubhavgatha/bk-jayanti-didi/,https://www.brahmakumaris.com/blog/brahma-baba-articles/mahila-shashaktikaran/,Setup 301 Redirect to Primary Page and remove duplicate from sitemap
91.79%,https://www.brahmakumaris.com/anubhavgatha/bk-sister-chandrika-toronto/,https://www.brahmakumaris.com/anubhavgatha/dadi-atmamohini-ji/,Setup 301 Redirect to Primary Page and remove duplicate from sitemap
91.79%,https://www.brahmakumaris.com/anubhavgatha/dadi-hriday-pushpa/,https://www.brahmakumaris.com/blog/brahma-baba-articles/mahila-shashaktikaran/,Setup 301 Redirect to Primary Page and remove duplicate from sitemap
91.79%,https://www.brahmakumaris.com/anubhavgatha/bk-sister-chandrika-toronto/,https://www.brahmakumaris.com/hi/parichay/,Setup 301 Redirect to Primary Page and remove duplicate from sitemap
91.78%,https://www.brahmakumaris.com/anubhavgatha/dadi-gange-ji/,https://www.brahmakumaris.com/anubhavgatha/bk-achal-didi-chandigarh/,Setup 301 Redirect to Primary Page and remove duplicate from sitemap
91.78%,https://www.brahmakumaris.com/anubhavgatha/bk-sister-gayatri-newyork/,https://www.brahmakumaris.com/anubhavgatha/brahma-kumari-sister-halina-spiritual-journey/,Setup 301 Redirect to Primary Page and remove duplicate from sitemap
91.77%,https://www.brahmakumaris.com/anubhavgatha/bk-sister-chandrika-toronto/,https://www.brahmakumaris.com/blog/hindi-blog/man-ki-bechaini-chinta-tanav-samajhna/,Setup 301 Redirect to Primary Page and remove duplicate from sitemap
91.73%,https://www.brahmakumaris.com/anubhavgatha/%e0%a4%ac%e0%a5%80-%e0%a4%95%e0%a5%87-%e0%a4%b8%e0%a4%bf%e0%a4%b8%e0%a5%8d%e0%a4%9f%e0%a4%b0-%e0%a4%8f%e0%a4%b2%e0%a4%bf%e0%a4%9c%e0%a4%bc%e0%a4%be%e0%a4%ac%e0%a5%87%e0%a4%a5-%e0%a4%85%e0%a4%a8/,https://www.brahmakumaris.com/blog/brahma-baba-articles/mahila-shashaktikaran/,Setup 301 Redirect to Primary Page and remove duplicate from sitemap
91.71%,https://www.brahmakumaris.com/anubhavgatha/bk-vijaya-didi/,https://www.brahmakumaris.com/anubhavgatha/bk-achal-didi-chandigarh/,Setup 301 Redirect to Primary Page and remove duplicate from sitemap
91.7%,https://www.brahmakumaris.com/blog/brahma-baba-articles/mahila-shashaktikaran/,https://www.brahmakumaris.com/blog/specialdays/%e0%a4%95%e0%a5%88%e0%a4%b8%e0%a5%87-%e0%a4%b9%e0%a5%8b%e0%a4%82-%e0%a4%a8%e0%a4%b5%e0%a4%b5%e0%a4%b0%e0%a5%8d%e0%a4%b7-%e0%a4%ae%e0%a5%87%e0%a4%82-%e0%a4%b9%e0%a4%ae%e0%a4%be%e0%a4%b0%e0%a5%87/,Setup 301 Redirect to Primary Page and remove duplicate from sitemap
91.69%,https://www.brahmakumaris.com/anubhavgatha/bk-prabha-didi/,https://www.brahmakumaris.com/blog/brahma-baba-articles/mahila-shashaktikaran/,Setup 301 Redirect to Primary Page and remove duplicate from sitemap
91.67%,https://www.brahmakumaris.com/anubhavgatha/brahma-kumari-sister-halina-spiritual-journey/,https://www.brahmakumaris.com/anubhavgatha/dada-anand-kishore/,Setup 301 Redirect to Primary Page and remove duplicate from sitemap
91.62%,https://www.brahmakumaris.com/blog/brahma-baba-articles/mahila-shashaktikaran/,https://www.brahmakumaris.com/anubhavgatha/bk-pushpa-mata/,Setup 301 Redirect to Primary Page and remove duplicate from sitemap
91.6%,https://www.brahmakumaris.com/anubhavgatha/bk-sister-rajni-japan/,https://www.brahmakumaris.com/blog/brahma-baba-articles/mahila-shashaktikaran/,Setup 301 Redirect to Primary Page and remove duplicate from sitemap
91.58%,https://www.brahmakumaris.com/anubhavgatha/bk-sister-chandrika-toronto/,https://www.brahmakumaris.com/anubhavgatha/sister-elizabath-ki-adhyatmik-yatra/,Setup 301 Redirect to Primary Page and remove duplicate from sitemap
91.57%,https://www.brahmakumaris.com/anubhavgatha/bk-purnima-didi/,https://www.brahmakumaris.com/blog/brahma-baba-articles/mahila-shashaktikaran/,Setup 301 Redirect to Primary Page and remove duplicate from sitemap
91.57%,https://www.brahmakumaris.com/anubhavgatha/bk-santosh-didi-mumbai/,https://www.brahmakumaris.com/blog/brahma-baba-articles/mahila-shashaktikaran/,Setup 301 Redirect to Primary Page and remove duplicate from sitemap
91.56%,https://www.brahmakumaris.com/anubhavgatha/dadi-sandeshi-ji/,https://www.brahmakumaris.com/anubhavgatha/bk-achal-didi-chandigarh/,Setup 301 Redirect to Primary Page and remove duplicate from sitemap
91.56%,https://www.brahmakumaris.com/anubhavgatha/dada-chandrahas-ji/,https://www.brahmakumaris.com/anubhavgatha/bk-achal-didi-chandigarh/,Setup 301 Redirect to Primary Page and remove duplicate from sitemap
91.56%,https://www.brahmakumaris.com/anubhavgatha/bk-sister-chandrika-toronto/,https://www.brahmakumaris.com/blog/hindi-blog/bharat-swarg-and-narak/,Setup 301 Redirect to Primary Page and remove duplicate from sitemap
91.55%,https://www.brahmakumaris.com/blog/brahma-baba-articles/mahila-shashaktikaran/,https://www.brahmakumaris.com/anubhavgatha/bk-saroj-didi-ambala/,Setup 301 Redirect to Primary Page and remove duplicate from sitemap
91.54%,https://www.brahmakumaris.com/anubhavgatha/bk-brijmohan-bhaiji/,https://www.brahmakumaris.com/anubhavgatha/bk-sister-chandrika-toronto/,Setup 301 Redirect to Primary Page and remove duplicate from sitemap
91.53%,https://www.brahmakumaris.com/anubhavgatha/dadi-prakashmani/,https://www.brahmakumaris.com/hi/rajyog-meditation-course/,Setup 301 Redirect to Primary Page and remove duplicate from sitemap
91.53%,https://www.brahmakumaris.com/anubhavgatha/bk-sister-chandrika-toronto/,https://www.brahmakumaris.com/anubhavgatha/bk-achal-didi-chandigarh/,Setup 301 Redirect to Primary Page and remove duplicate from sitemap
91.52%,https://www.brahmakumaris.com/anubhavgatha/bk-meera-didi-malasia/,https://www.brahmakumaris.com/blog/brahma-baba-articles/mahila-shashaktikaran/,Setup 301 Redirect to Primary Page and remove duplicate from sitemap
91.51%,https://www.brahmakumaris.com/anubhavgatha/bk-sister-chandrika-toronto/,https://www.brahmakumaris.com/anubhavgatha/bk-prem-didi-punjab/,Setup 301 Redirect to Primary Page and remove duplicate from sitemap
91.5%,https://www.brahmakumaris.com/anubhavgatha/dadi-hriday-pushpa/,https://www.brahmakumaris.com/anubhavgatha/bk-sister-chandrika-toronto/,Setup 301 Redirect to Primary Page and remove duplicate from sitemap
91.49%,https://www.brahmakumaris.com/anubhavgatha/bk-atmaprakash-bhaiji/,https://www.brahmakumaris.com/anubhavgatha/bk-achal-didi-chandigarh/,Setup 301 Redirect to Primary Page and remove duplicate from sitemap
91.49%,https://www.brahmakumaris.com/anubhavgatha/brahma-kumari-sister-halina-spiritual-journey/,https://www.brahmakumaris.com/blog/brahma-baba-articles/mahila-shashaktikaran/,Setup 301 Redirect to Primary Page and remove duplicate from sitemap
91.48%,https://www.brahmakumaris.com/anubhavgatha/bk-jayanti-didi/,https://www.brahmakumaris.com/anubhavgatha/bk-achal-didi-chandigarh/,Setup 301 Redirect to Primary Page and remove duplicate from sitemap
91.48%,https://www.brahmakumaris.com/anubhavgatha/dadi-pushpshanta-ji/,https://www.brahmakumaris.com/anubhavgatha/bk-achal-didi-chandigarh/,Setup 301 Redirect to Primary Page and remove duplicate from sitemap
91.47%,https://www.brahmakumaris.com/anubhavgatha/dadi-brijindra/,https://www.brahmakumaris.com/blog/brahma-baba-articles/mahila-shashaktikaran/,Setup 301 Redirect to Primary Page and remove duplicate from sitemap
91.45%,https://www.brahmakumaris.com/anubhavgatha/bk-brijmohan-bhaiji/,https://www.brahmakumaris.com/anubhavgatha/bk-achal-didi-chandigarh/,Setup 301 Redirect to Primary Page and remove duplicate from sitemap
91.44%,https://www.brahmakumaris.com/anubhavgatha/bk-gurumukh-dada/,https://www.brahmakumaris.com/anubhavgatha/bk-achal-didi-chandigarh/,Setup 301 Redirect to Primary Page and remove duplicate from sitemap
91.44%,https://www.brahmakumaris.com/anubhavgatha/bk-kamlesh-didi-odisha/,https://www.brahmakumaris.com/blog/brahma-baba-articles/mahila-shashaktikaran/,Setup 301 Redirect to Primary Page and remove duplicate from sitemap
91.44%,https://www.brahmakumaris.com/blog/brahma-baba-articles/jagdish-chandra-and-brahma-baba/,https://www.brahmakumaris.com/anubhavgatha/bk-achal-didi-chandigarh/,Setup 301 Redirect to Primary Page and remove duplicate from sitemap
91.42%,https://www.brahmakumaris.com/blog/holi-ka-adhyatmik-rahasya/,https://www.brahmakumaris.com/anubhavgatha/bk-achal-didi-chandigarh/,Setup 301 Redirect to Primary Page and remove duplicate from sitemap
91.42%,https://www.brahmakumaris.com/anubhavgatha/bk-meera-didi-malasia/,https://www.brahmakumaris.com/anubhavgatha/bk-achal-didi-chandigarh/,Setup 301 Redirect to Primary Page and remove duplicate from sitemap
91.42%,https://www.brahmakumaris.com/anubhavgatha/dadi-prakashmani/,https://www.brahmakumaris.com/anubhavgatha/dadi-gulzar/,Setup 301 Redirect to Primary Page and remove duplicate from sitemap
91.41%,https://www.brahmakumaris.com/blog/brahma-baba-articles/mahila-shashaktikaran/,https://www.brahmakumaris.com/blog/hindi-blog/navratri-atma-ki-jyoti-jagane-ka-parv/,Setup 301 Redirect to Primary Page and remove duplicate from sitemap
91.41%,https://www.brahmakumaris.com/kumbh/,https://www.brahmakumaris.com/hi/articles/,Setup 301 Redirect to Primary Page and remove duplicate from sitemap
91.4%,https://www.brahmakumaris.com/anubhavgatha/bk-raj-didi-nepal/,https://www.brahmakumaris.com/blog/brahma-baba-articles/mahila-shashaktikaran/,Setup 301 Redirect to Primary Page and remove duplicate from sitemap
91.4%,https://www.brahmakumaris.com/anubhavgatha/brahma-kumari-sister-halina-spiritual-journey/,https://www.brahmakumaris.com/blog/environment/world-soil-day/,Setup 301 Redirect to Primary Page and remove duplicate from sitemap
91.39%,https://www.brahmakumaris.com/anubhavgatha/bk-sudhesh-didi/,https://www.brahmakumaris.com/anubhavgatha/bk-sister-chandrika-toronto/,Setup 301 Redirect to Primary Page and remove duplicate from sitemap
91.39%,https://www.brahmakumaris.com/anubhavgatha/sister-batul-ki-roohani-yatra/,https://www.brahmakumaris.com/blog/brahma-baba-articles/mahila-shashaktikaran/,Setup 301 Redirect to Primary Page and remove duplicate from sitemap
91.37%,https://www.brahmakumaris.com/anubhavgatha/bk-sister-chandrika-toronto/,https://www.brahmakumaris.com/anubhavgatha/bk-chandrika-didi/,Setup 301 Redirect to Primary Page and remove duplicate from sitemap
91.36%,https://www.brahmakumaris.com/anubhavgatha/bk-sister-chandrika-toronto/,https://www.brahmakumaris.com/blog/hindi-blog/karein-adhyatmikta-se-zindagi-aasan/,Setup 301 Redirect to Primary Page and remove duplicate from sitemap
91.34%,https://www.brahmakumaris.com/anubhavgatha/mateshwari-mamma/,https://www.brahmakumaris.com/blog/brahma-baba-articles/mahila-shashaktikaran/,Setup 301 Redirect to Primary Page and remove duplicate from sitemap
91.34%,https://www.brahmakumaris.com/blog/brahma-baba-articles/mahila-shashaktikaran/,https://www.brahmakumaris.com/anubhavgatha/bk-nalini-didi/,Setup 301 Redirect to Primary Page and remove duplicate from sitemap
91.33%,https://www.brahmakumaris.com/anubhavgatha/bk-pushpa-didi-haryana/,https://www.brahmakumaris.com/anubhavgatha/bk-achal-didi-chandigarh/,Setup 301 Redirect to Primary Page and remove duplicate from sitemap
91.33%,https://www.brahmakumaris.com/anubhavgatha/bk-sister-gayatri-newyork/,https://www.brahmakumaris.com/anubhavgatha/bk-achal-didi-chandigarh/,Setup 301 Redirect to Primary Page and remove duplicate from sitemap
91.33%,https://www.brahmakumaris.com/anubhavgatha/dadi-chandramani-ji/,https://www.brahmakumaris.com/blog/brahma-baba-articles/mahila-shashaktikaran/,Setup 301 Redirect to Primary Page and remove duplicate from sitemap
91.32%,https://www.brahmakumaris.com/anubhavgatha/bk-sister-chandrika-toronto/,https://www.brahmakumaris.com/anubhavgatha/bk-sundari-didi/,Setup 301 Redirect to Primary Page and remove duplicate from sitemap
91.31%,https://www.brahmakumaris.com/anubhavgatha/dadi-bholi-ji/,https://www.brahmakumaris.com/anubhavgatha/bk-sudha-didi-burhanpur/,Setup 301 Redirect to Primary Page and remove duplicate from sitemap
91.3%,https://www.brahmakumaris.com/anubhavgatha/dada-anand-kishore/,https://www.brahmakumaris.com/anubhavgatha/bk-achal-didi-chandigarh/,Setup 301 Redirect to Primary Page and remove duplicate from sitemap
91.3%,https://www.brahmakumaris.com/anubhavgatha/brahma-kumari-sister-halina-spiritual-journey/,https://www.brahmakumaris.com/anubhavgatha/bk-ramesh-bhaiji/,Setup 301 Redirect to Primary Page and remove duplicate from sitemap
91.3%,https://www.brahmakumaris.com/anubhavgatha/brahma-kumari-sister-halina-spiritual-journey/,https://www.brahmakumaris.com/hi/magazine-and-newsletter/,Setup 301 Redirect to Primary Page and remove duplicate from sitemap
91.26%,https://www.brahmakumaris.com/anubhavgatha/dadi-mithoo-ji/,https://www.brahmakumaris.com/blog/brahma-baba-articles/mahila-shashaktikaran/,Setup 301 Redirect to Primary Page and remove duplicate from sitemap
91.26%,https://www.brahmakumaris.com/blog/brahma-baba-articles/mahila-shashaktikaran/,https://www.brahmakumaris.com/anubhavgatha/bk-mahesh-bhai-pandav-bhavan/,Setup 301 Redirect to Primary Page and remove duplicate from sitemap
91.24%,https://www.brahmakumaris.com/anubhavgatha/bk-geeta-los-angeles/,https://www.brahmakumaris.com/anubhavgatha/bk-sister-gayatri-newyork/,Setup 301 Redirect to Primary Page and remove duplicate from sitemap
91.21%,https://www.brahmakumaris.com/blog/hindi-blog/story-of-maa-durga-on-navratri/,https://www.brahmakumaris.com/anubhavgatha/bk-achal-didi-chandigarh/,Setup 301 Redirect to Primary Page and remove duplicate from sitemap
91.21%,https://www.brahmakumaris.com/anubhavgatha/dadi-dhyani-ji/,https://www.brahmakumaris.com/blog/brahma-baba-articles/mahila-shashaktikaran/,Setup 301 Redirect to Primary Page and remove duplicate from sitemap
91.21%,https://www.brahmakumaris.com/anubhavgatha/bhau-vishwakishore/,https://www.brahmakumaris.com/anubhavgatha/bk-sister-chandrika-toronto/,Setup 301 Redirect to Primary Page and remove duplicate from sitemap
91.2%,https://www.brahmakumaris.com/blog/specialdays/sada-rahene-wali-prasannata-ka-rahasya-world-happiness-day/,https://www.brahmakumaris.com/blog/brahma-baba-articles/mahila-shashaktikaran/,Setup 301 Redirect to Primary Page and remove duplicate from sitemap
91.2%,https://www.brahmakumaris.com/blog/hindi-blog/om-shanti-ka-arth/,https://www.brahmakumaris.com/blog/brahma-baba-articles/mahila-shashaktikaran/,Setup 301 Redirect to Primary Page and remove duplicate from sitemap
91.18%,https://www.brahmakumaris.com/anubhavgatha/dadi-prakashmani/,https://www.brahmakumaris.com/anubhavgatha/dada-chandrahas-ji/,Setup 301 Redirect to Primary Page and remove duplicate from sitemap
91.17%,https://www.brahmakumaris.com/anubhavgatha/dadi-prakashmani/,https://www.brahmakumaris.com/anubhavgatha/bk-pushpal-didi/,Setup 301 Redirect to Primary Page and remove duplicate from sitemap
91.17%,https://www.brahmakumaris.com/anubhavgatha/brahma-kumari-sister-halina-spiritual-journey/,https://www.brahmakumaris.com/blog/hindi-blog/iss-navratri-apni-aantrik-shaktiyon-ka-anubhav-karein/,Setup 301 Redirect to Primary Page and remove duplicate from sitemap
91.16%,https://www.brahmakumaris.com/blog/brahma-baba-articles/mahila-shashaktikaran/,https://www.brahmakumaris.com/anubhavgatha/bk-geeta-didi-batala/,Setup 301 Redirect to Primary Page and remove duplicate from sitemap
91.15%,https://www.brahmakumaris.com/anubhavgatha/brahma-kumari-sister-halina-spiritual-journey/,https://www.brahmakumaris.com/anubhavgatha/bk-achal-didi-chandigarh/,Setup 301 Redirect to Primary Page and remove duplicate from sitemap
91.14%,https://www.brahmakumaris.com/anubhavgatha/bk-achal-didi-chandigarh/,https://www.brahmakumaris.com/anubhavgatha/%e0%a4%ac%e0%a5%80-%e0%a4%95%e0%a5%87-%e0%a4%b8%e0%a5%81%e0%a4%b0%e0%a5%87%e0%a4%b6-%e0%a4%aa%e0%a4%be%e0%a4%b2-%e0%a4%ad%e0%a4%be%e0%a4%88-%e0%a4%85%e0%a4%a8%e0%a5%81%e0%a4%ad%e0%a4%b5%e0%a4%97/,Setup 301 Redirect to Primary Page and remove duplicate from sitemap
91.13%,https://www.brahmakumaris.com/anubhavgatha/brahma-kumari-sister-halina-spiritual-journey/,https://www.brahmakumaris.com/blog/hindi-blog/shaktiyon-ka-pujan-navratri-mein/,Setup 301 Redirect to Primary Page and remove duplicate from sitemap
91.12%,https://www.brahmakumaris.com/anubhavgatha/dadi-dhyani-ji/,https://www.brahmakumaris.com/anubhavgatha/bk-sister-chandrika-toronto/,Setup 301 Redirect to Primary Page and remove duplicate from sitemap
91.1%,https://www.brahmakumaris.com/blog/brahma-baba-articles/sadguno-ka-darshan/,https://www.brahmakumaris.com/anubhavgatha/brahma-kumari-sister-halina-spiritual-journey/,Setup 301 Redirect to Primary Page and remove duplicate from sitemap
91.09%,https://www.brahmakumaris.com/blog/specialdays/%e0%a4%95%e0%a5%88%e0%a4%b8%e0%a5%87-%e0%a4%b9%e0%a5%8b%e0%a4%82-%e0%a4%a8%e0%a4%b5%e0%a4%b5%e0%a4%b0%e0%a5%8d%e0%a4%b7-%e0%a4%ae%e0%a5%87%e0%a4%82-%e0%a4%b9%e0%a4%ae%e0%a4%be%e0%a4%b0%e0%a5%87/,https://www.brahmakumaris.com/anubhavgatha/bk-achal-didi-chandigarh/,Setup 301 Redirect to Primary Page and remove duplicate from sitemap
91.08%,https://www.brahmakumaris.com/anubhavgatha/bk-sister-chandrika-toronto/,https://www.brahmakumaris.com/blog/hindi-blog/antarashtriya-shanti-divas-inner-peace/,Setup 301 Redirect to Primary Page and remove duplicate from sitemap
91.07%,https://www.brahmakumaris.com/anubhavgatha/brahma-kumari-sister-halina-spiritual-journey/,https://www.brahmakumaris.com/blog/hindi-blog/shivratri-a-time-of-gods-birth/,Setup 301 Redirect to Primary Page and remove duplicate from sitemap
91.07%,https://www.brahmakumaris.com/blog/specialdays/kisan-desh-ki-shaan-hai/,https://www.brahmakumaris.com/blog/brahma-baba-articles/mahila-shashaktikaran/,Setup 301 Redirect to Primary Page and remove duplicate from sitemap
91.06%,https://www.brahmakumaris.com/anubhavgatha/brahma-kumari-sister-halina-spiritual-journey/,https://www.brahmakumaris.com/hi/sansthapak-aur-aadharstambh/,Setup 301 Redirect to Primary Page and remove duplicate from sitemap
91.02%,https://www.brahmakumaris.com/anubhavgatha/bk-sister-erica-germany/,https://www.brahmakumaris.com/blog/brahma-baba-articles/mahila-shashaktikaran/,Setup 301 Redirect to Primary Page and remove duplicate from sitemap
91.0%,https://www.brahmakumaris.com/anubhavgatha/brahma-kumari-sister-halina-spiritual-journey/,https://www.brahmakumaris.com/blog/hindi-blog/rajyog-meditation-antaryatra/,Setup 301 Redirect to Primary Page and remove duplicate from sitemap
90.99%,https://www.brahmakumaris.com/anubhavgatha/bk-ramesh-bhaiji/,https://www.brahmakumaris.com/blog/brahma-baba-articles/mahila-shashaktikaran/,Setup 301 Redirect to Primary Page and remove duplicate from sitemap
90.98%,https://www.brahmakumaris.com/anubhavgatha/bk-sister-chandrika-toronto/,https://www.brahmakumaris.com/anubhavgatha/bk-uma-didi-dharmashala/,Setup 301 Redirect to Primary Page and remove duplicate from sitemap
90.98%,https://www.brahmakumaris.com/blog/brahma-baba-articles/mahila-shashaktikaran/,https://www.brahmakumaris.com/blog/brahma-baba-articles/baba-hi-hamara-sansar-hai/,Setup 301 Redirect to Primary Page and remove duplicate from sitemap
90.97%,https://www.brahmakumaris.com/blog/brahma-baba-articles/mahila-shashaktikaran/,https://www.brahmakumaris.com/hi/,Setup 301 Redirect to Primary Page and remove duplicate from sitemap
90.97%,https://www.brahmakumaris.com/anubhavgatha/mateshwari-mamma/,https://www.brahmakumaris.com/anubhavgatha/bk-sister-chandrika-toronto/,Setup 301 Redirect to Primary Page and remove duplicate from sitemap
90.96%,https://www.brahmakumaris.com/blog/brahma-baba-articles/mahila-shashaktikaran/,https://www.brahmakumaris.com/anubhavgatha/bk-vijaya-didi/,Setup 301 Redirect to Primary Page and remove duplicate from sitemap
90.96%,https://www.brahmakumaris.com/anubhavgatha/didi-manmohini-ji/,https://www.brahmakumaris.com/blog/hindi-blog/gods-role-and-its-creation/,Setup 301 Redirect to Primary Page and remove duplicate from sitemap
90.96%,https://www.brahmakumaris.com/anubhavgatha/dadi-allrounder-ji/,https://www.brahmakumaris.com/blog/brahma-baba-articles/mahila-shashaktikaran/,Setup 301 Redirect to Primary Page and remove duplicate from sitemap
90.94%,https://www.brahmakumaris.com/blog/specialdays/andhakar-se-prakash-ki-aur-antarrashtriy-mahila-diwas/,https://www.brahmakumaris.com/blog/brahma-baba-articles/mahila-shashaktikaran/,Setup 301 Redirect to Primary Page and remove duplicate from sitemap
90.92%,https://www.brahmakumaris.com/anubhavgatha/bk-sudhesh-didi/,https://www.brahmakumaris.com/anubhavgatha/bk-achal-didi-chandigarh/,Setup 301 Redirect to Primary Page and remove duplicate from sitemap
90.89%,https://www.brahmakumaris.com/anubhavgatha/mateshwari-mamma/,https://www.brahmakumaris.com/anubhavgatha/brahma-kumari-sister-halina-spiritual-journey/,Setup 301 Redirect to Primary Page and remove duplicate from sitemap
90.89%,https://www.brahmakumaris.com/anubhavgatha/bk-prem-didi-punjab/,https://www.brahmakumaris.com/anubhavgatha/bk-achal-didi-chandigarh/,Setup 301 Redirect to Primary Page and remove duplicate from sitemap
90.88%,https://www.brahmakumaris.com/blog/hindi-blog/shivratri-ka-adhyatmik-rahasya/,https://www.brahmakumaris.com/blog/hindi-blog/gods-role-and-its-creation/,Setup 301 Redirect to Primary Page and remove duplicate from sitemap
90.87%,https://www.brahmakumaris.com/anubhavgatha/dadi-prakashmani/,https://www.brahmakumaris.com/anubhavgatha/bk-achal-didi-chandigarh/,Setup 301 Redirect to Primary Page and remove duplicate from sitemap
90.86%,https://www.brahmakumaris.com/blog/brahma-baba-articles/mahila-shashaktikaran/,https://www.brahmakumaris.com/blog/hindi-blog/importance-of-water/,Setup 301 Redirect to Primary Page and remove duplicate from sitemap
90.84%,https://www.brahmakumaris.com/anubhavgatha/bk-mohini-didi-america/,https://www.brahmakumaris.com/kumbh/,Setup 301 Redirect to Primary Page and remove duplicate from sitemap
90.83%,https://www.brahmakumaris.com/blog/brahma-baba-articles/mahila-shashaktikaran/,https://www.brahmakumaris.com/anubhavgatha/bk-rajkrishna-bhai/,Setup 301 Redirect to Primary Page and remove duplicate from sitemap
90.83%,https://www.brahmakumaris.com/anubhavgatha/dadi-prakashmani/,https://www.brahmakumaris.com/blog/brahma-baba-articles/sadguno-ka-darshan/,Setup 301 Redirect to Primary Page and remove duplicate from sitemap
90.82%,https://www.brahmakumaris.com/anubhavgatha/santosh-behan-russia-ki-seva-yatra/,https://www.brahmakumaris.com/blog/brahma-baba-articles/mahila-shashaktikaran/,Setup 301 Redirect to Primary Page and remove duplicate from sitemap
90.8%,https://www.brahmakumaris.com/anubhavgatha/bk-sister-chandrika-toronto/,https://www.brahmakumaris.com/blog/specialdays/andhakar-se-prakash-ki-aur-antarrashtriy-mahila-diwas/,Setup 301 Redirect to Primary Page and remove duplicate from sitemap
90.78%,https://www.brahmakumaris.com/anubhavgatha/dadi-sandeshi-ji/,https://www.brahmakumaris.com/anubhavgatha/bk-sister-chandrika-toronto/,Setup 301 Redirect to Primary Page and remove duplicate from sitemap
90.78%,https://www.brahmakumaris.com/anubhavgatha/dadi-situ/,https://www.brahmakumaris.com/anubhavgatha/bk-achal-didi-chandigarh/,Setup 301 Redirect to Primary Page and remove duplicate from sitemap
90.77%,https://www.brahmakumaris.com/anubhavgatha/bk-mohini-didi-madhuban/,https://www.brahmakumaris.com/anubhavgatha/bk-achal-didi-chandigarh/,Setup 301 Redirect to Primary Page and remove duplicate from sitemap
90.76%,https://www.brahmakumaris.com/anubhavgatha/sister-sirona-ki-adhyatmik-yatra/,https://www.brahmakumaris.com/blog/brahma-baba-articles/mahila-shashaktikaran/,Setup 301 Redirect to Primary Page and remove duplicate from sitemap
90.76%,https://www.brahmakumaris.com/blog/hindi-blog/karein-adhyatmikta-se-zindagi-aasan/,https://www.brahmakumaris.com/anubhavgatha/bk-achal-didi-chandigarh/,Setup 301 Redirect to Primary Page and remove duplicate from sitemap
90.75%,https://www.brahmakumaris.com/blog/hindi-blog/gods-role-and-its-creation/,https://www.brahmakumaris.com/blog/hindi-blog/vishwa-paryavaran-divas-2025-aadhyatmik-chintan/,Setup 301 Redirect to Primary Page and remove duplicate from sitemap
90.75%,https://www.brahmakumaris.com/anubhavgatha/bk-jagdishbhai/,https://www.brahmakumaris.com/anubhavgatha/bk-sister-chandrika-toronto/,Setup 301 Redirect to Primary Page and remove duplicate from sitemap
90.73%,https://www.brahmakumaris.com/anubhavgatha/brahma-kumari-sister-halina-spiritual-journey/,https://www.brahmakumaris.com/blog/brahma-baba-articles/bhagwan-hamara-sathi-hai/,Setup 301 Redirect to Primary Page and remove duplicate from sitemap
90.72%,https://www.brahmakumaris.com/anubhavgatha/bk-sister-chandrika-toronto/,https://www.brahmakumaris.com/janmashtami/,Setup 301 Redirect to Primary Page and remove duplicate from sitemap
90.72%,https://www.brahmakumaris.com/anubhavgatha/bk-sister-chandrika-toronto/,https://www.brahmakumaris.com/blog/hindi-blog/result-ko-svikar-kaise-kare/,Setup 301 Redirect to Primary Page and remove duplicate from sitemap
90.71%,https://www.brahmakumaris.com/blog/brahma-baba-articles/mahila-shashaktikaran/,https://www.brahmakumaris.com/anubhavgatha/bk-achal-didi-chandigarh/,Setup 301 Redirect to Primary Page and remove duplicate from sitemap
90.7%,https://www.brahmakumaris.com/anubhavgatha/bk-sister-chandrika-toronto/,https://www.brahmakumaris.com/blog/hindi-blog/rakshabandhan-samay-se-pare-ek-pavitra-bandhan/,Setup 301 Redirect to Primary Page and remove duplicate from sitemap
90.7%,https://www.brahmakumaris.com/anubhavgatha/dadi-manoharindra-ji/,https://www.brahmakumaris.com/blog/brahma-baba-articles/mahila-shashaktikaran/,Setup 301 Redirect to Primary Page and remove duplicate from sitemap
90.68%,https://www.brahmakumaris.com/blog/hindi-blog/rajyog-atma-ka-paramatma-se-sambandh-yog-diwas/,https://www.brahmakumaris.com/anubhavgatha/bk-achal-didi-chandigarh/,Setup 301 Redirect to Primary Page and remove duplicate from sitemap
90.67%,https://www.brahmakumaris.com/diwali/,https://www.brahmakumaris.com/anubhavgatha/bk-achal-didi-chandigarh/,Setup 301 Redirect to Primary Page and remove duplicate from sitemap
90.67%,https://www.brahmakumaris.com/blog/hindi-blog/antarashtriya-shanti-divas-inner-peace/,https://www.brahmakumaris.com/anubhavgatha/bk-achal-didi-chandigarh/,Setup 301 Redirect to Primary Page and remove duplicate from sitemap
90.66%,https://www.brahmakumaris.com/anubhavgatha/dadi-santri-ji/,https://www.brahmakumaris.com/blog/brahma-baba-articles/mahila-shashaktikaran/,Setup 301 Redirect to Primary Page and remove duplicate from sitemap
90.66%,https://www.brahmakumaris.com/anubhavgatha/bk-sister-chandrika-toronto/,https://www.brahmakumaris.com/blog/specialdays/kisan-desh-ki-shaan-hai/,Setup 301 Redirect to Primary Page and remove duplicate from sitemap
90.65%,https://www.brahmakumaris.com/blog/festivals/raksha-bandhan/not-just-limited-to-brother-and-sister/,https://www.brahmakumaris.com/anubhavgatha/bk-achal-didi-chandigarh/,Setup 301 Redirect to Primary Page and remove duplicate from sitemap
90.63%,https://www.brahmakumaris.com/blog/hindi-blog/vibration-ek-moun-bhasha/,https://www.brahmakumaris.com/blog/brahma-baba-articles/mahila-shashaktikaran/,Setup 301 Redirect to Primary Page and remove duplicate from sitemap
90.61%,https://www.brahmakumaris.com/blog/brahma-baba-articles/mahila-shashaktikaran/,https://www.brahmakumaris.com/blog/festivals/raksha-bandhan/rakhi-ka-mahatva/,Setup 301 Redirect to Primary Page and remove duplicate from sitemap
90.61%,https://www.brahmakumaris.com/blog/brahma-baba-articles/sadguno-ka-darshan/,https://www.brahmakumaris.com/anubhavgatha/bk-sister-chandrika-toronto/,Setup 301 Redirect to Primary Page and remove duplicate from sitemap
90.61%,https://www.brahmakumaris.com/anubhavgatha/dadi-sandeshi-ji/,https://www.brahmakumaris.com/anubhavgatha/brahma-kumari-sister-halina-spiritual-journey/,Setup 301 Redirect to Primary Page and remove duplicate from sitemap
90.6%,https://www.brahmakumaris.com/anubhavgatha/bk-jayanti-didi/,https://www.brahmakumaris.com/anubhavgatha/bk-sister-chandrika-toronto/,Setup 301 Redirect to Primary Page and remove duplicate from sitemap
90.55%,https://www.brahmakumaris.com/anubhavgatha/bk-ramesh-bhaiji/,https://www.brahmakumaris.com/anubhavgatha/bk-achal-didi-chandigarh/,Setup 301 Redirect to Primary Page and remove duplicate from sitemap
90.52%,https://www.brahmakumaris.com/anubhavgatha/dadi-gange-ji/,https://www.brahmakumaris.com/blog/brahma-baba-articles/mahila-shashaktikaran/,Setup 301 Redirect to Primary Page and remove duplicate from sitemap
90.51%,https://www.brahmakumaris.com/anubhavgatha/brahma-kumari-sister-halina-spiritual-journey/,https://www.brahmakumaris.com/blog/spirituality/teachers-day/,Setup 301 Redirect to Primary Page and remove duplicate from sitemap
90.51%,https://www.brahmakumaris.com/anubhavgatha/brahmakumari-kamlesh-didi-ji/,https://www.brahmakumaris.com/anubhavgatha/bk-sister-chandrika-toronto/,Setup 301 Redirect to Primary Page and remove duplicate from sitemap
90.51%,https://www.brahmakumaris.com/anubhavgatha/bk-kamla-didi-patiala/,https://www.brahmakumaris.com/blog/brahma-baba-articles/mahila-shashaktikaran/,Setup 301 Redirect to Primary Page and remove duplicate from sitemap
90.5%,https://www.brahmakumaris.com/blog/hindi-blog/importance-of-water/,https://www.brahmakumaris.com/anubhavgatha/bk-achal-didi-chandigarh/,Setup 301 Redirect to Primary Page and remove duplicate from sitemap
90.49%,https://www.brahmakumaris.com/blog/festivals/holi-ka-vastavik-mahatva-rango-se-pare-ka-tyohar/,https://www.brahmakumaris.com/anubhavgatha/bk-achal-didi-chandigarh/,Setup 301 Redirect to Primary Page and remove duplicate from sitemap
90.47%,https://www.brahmakumaris.com/anubhavgatha/dadi-shantamani-ji/,https://www.brahmakumaris.com/blog/brahma-baba-articles/mahila-shashaktikaran/,Setup 301 Redirect to Primary Page and remove duplicate from sitemap
90.46%,https://www.brahmakumaris.com/anubhavgatha/bhau-vishwakishore/,https://www.brahmakumaris.com/blog/brahma-baba-articles/mahila-shashaktikaran/,Setup 301 Redirect to Primary Page and remove duplicate from sitemap
90.45%,https://www.brahmakumaris.com/blog/brahma-baba-articles/mahila-shashaktikaran/,https://www.brahmakumaris.com/anubhavgatha/%e0%a4%ac%e0%a5%80-%e0%a4%95%e0%a5%87-%e0%a4%b2%e0%a4%95%e0%a5%8d%e0%a4%b7%e0%a5%8d%e0%a4%ae%e0%a4%a3-%e0%a4%ad%e0%a4%be%e0%a4%88-%e0%a4%85%e0%a4%a8%e0%a5%81%e0%a4%ad%e0%a4%b5%e0%a4%97%e0%a4%be/,Setup 301 Redirect to Primary Page and remove duplicate from sitemap
90.42%,https://www.brahmakumaris.com/anubhavgatha/dadi-bholi-ji/,https://www.brahmakumaris.com/anubhavgatha/bk-mohini-didi-america/,Setup 301 Redirect to Primary Page and remove duplicate from sitemap
90.41%,https://www.brahmakumaris.com/anubhavgatha/brahma-kumari-sister-halina-spiritual-journey/,https://www.brahmakumaris.com/storytime/power-st/aatmik-shakti-aur-manifestation/,Setup 301 Redirect to Primary Page and remove duplicate from sitemap
90.4%,https://www.brahmakumaris.com/blog/brahma-baba-articles/mahila-shashaktikaran/,https://www.brahmakumaris.com/anubhavgatha/bk-puri-bhai/,Setup 301 Redirect to Primary Page and remove duplicate from sitemap
90.4%,https://www.brahmakumaris.com/blog/brahma-baba-articles/mahila-shashaktikaran/,https://www.brahmakumaris.com/anubhavgatha/bk-uttara-didi-chandigarh/,Setup 301 Redirect to Primary Page and remove duplicate from sitemap
90.38%,https://www.brahmakumaris.com/blog/specialdays/new-inspirations-for-new-year/,https://www.brahmakumaris.com/anubhavgatha/bk-achal-didi-chandigarh/,Setup 301 Redirect to Primary Page and remove duplicate from sitemap
90.37%,https://www.brahmakumaris.com/anubhavgatha/dadi-prakashmani/,https://www.brahmakumaris.com/anubhavgatha/dadi-manoharindra-ji/,Setup 301 Redirect to Primary Page and remove duplicate from sitemap
90.37%,https://www.brahmakumaris.com/blog/hindi-blog/antarashtriya-shanti-divas-inner-peace/,https://www.brahmakumaris.com/blog/brahma-baba-articles/mahila-shashaktikaran/,Setup 301 Redirect to Primary Page and remove duplicate from sitemap
90.36%,https://www.brahmakumaris.com/anubhavgatha/brahmakumari-kamlesh-didi-ji/,https://www.brahmakumaris.com/blog/brahma-baba-articles/mahila-shashaktikaran/,Setup 301 Redirect to Primary Page and remove duplicate from sitemap
90.35%,https://www.brahmakumaris.com/blog/brahma-baba-articles/mahila-shashaktikaran/,https://www.brahmakumaris.com/blog/hindi-blog/spiritual-significance-of-navratri-festival/,Setup 301 Redirect to Primary Page and remove duplicate from sitemap
90.34%,https://www.brahmakumaris.com/anubhavgatha/brahma-kumari-sister-halina-spiritual-journey/,https://www.brahmakumaris.com/blog/hindi-blog/rajyog-atma-ka-paramatma-se-sambandh-yog-diwas/,Setup 301 Redirect to Primary Page and remove duplicate from sitemap
90.33%,https://www.brahmakumaris.com/blog/brahma-baba-articles/ek-aloukik-safar/,https://www.brahmakumaris.com/anubhavgatha/bk-achal-didi-chandigarh/,Setup 301 Redirect to Primary Page and remove duplicate from sitemap
90.33%,https://www.brahmakumaris.com/anubhavgatha/dadi-prakashmani/,https://www.brahmakumaris.com/anubhavgatha/bk-sister-chandrika-toronto/,Setup 301 Redirect to Primary Page and remove duplicate from sitemap
90.31%,https://www.brahmakumaris.com/anubhavgatha/%e0%a4%a6%e0%a4%be%e0%a4%a6%e0%a5%80-%e0%a4%ad%e0%a5%82%e0%a4%b0%e0%a5%80-%e0%a4%9c%e0%a5%80-%e0%a4%85%e0%a4%a8%e0%a5%81%e0%a4%ad%e0%a4%b5%e0%a4%97%e0%a4%be%e0%a4%a5%e0%a4%be/,https://www.brahmakumaris.com/blog/brahma-baba-articles/mahila-shashaktikaran/,Setup 301 Redirect to Primary Page and remove duplicate from sitemap
90.31%,https://www.brahmakumaris.com/anubhavgatha/brahma-kumari-sister-halina-spiritual-journey/,https://www.brahmakumaris.com/blog/hindi-blog/vikaro-par-vijay/,Setup 301 Redirect to Primary Page and remove duplicate from sitemap
90.29%,https://www.brahmakumaris.com/blog/brahma-baba-articles/mahila-shashaktikaran/,https://www.brahmakumaris.com/anubhavgatha/bk-gyani-didi-punja/,Setup 301 Redirect to Primary Page and remove duplicate from sitemap
90.28%,https://www.brahmakumaris.com/blog/brahma-baba-articles/mahila-shashaktikaran/,https://www.brahmakumaris.com/blog/hindi-blog/mahashivratri-aatma-ka-divya-jagran/,Setup 301 Redirect to Primary Page and remove duplicate from sitemap
90.27%,https://www.brahmakumaris.com/anubhavgatha/dadi-prakashmani/,https://www.brahmakumaris.com/mahashivratri/,Setup 301 Redirect to Primary Page and remove duplicate from sitemap
90.24%,https://www.brahmakumaris.com/anubhavgatha/bk-sister-chandrika-toronto/,https://www.brahmakumaris.com/blog/specialdays/bharat-ka-prachin-yog/,Setup 301 Redirect to Primary Page and remove duplicate from sitemap
90.23%,https://www.brahmakumaris.com/anubhavgatha/dadi-prakashmani/,https://www.brahmakumaris.com/anubhavgatha/bk-radha-didi-ajmer/,Setup 301 Redirect to Primary Page and remove duplicate from sitemap
90.22%,https://www.brahmakumaris.com/anubhavgatha/bk-geeta-los-angeles/,https://www.brahmakumaris.com/anubhavgatha/bk-mohini-didi-america/,Setup 301 Redirect to Primary Page and remove duplicate from sitemap
90.22%,https://www.brahmakumaris.com/raipur/shanti-shikhar/,https://www.brahmakumaris.com/raipur/shanti-sarovar/glimpses-shanti-sarovar/,Setup 301 Redirect to Primary Page and remove duplicate from sitemap
90.21%,https://www.brahmakumaris.com/anubhavgatha/dadi-atmamohini-ji/,https://www.brahmakumaris.com/anubhavgatha/bk-achal-didi-chandigarh/,Setup 301 Redirect to Primary Page and remove duplicate from sitemap
90.21%,https://www.brahmakumaris.com/blog/hindi-blog/khuli-aankhon-se-rajyog/,https://www.brahmakumaris.com/blog/brahma-baba-articles/mahila-shashaktikaran/,Setup 301 Redirect to Primary Page and remove duplicate from sitemap
90.17%,https://www.brahmakumaris.com/anubhavgatha/brahma-kumari-sister-halina-spiritual-journey/,https://www.brahmakumaris.com/blog/hindi-blog/2026-swayam-ki-pahechan-ke-saath-aage-ki-aur/,Setup 301 Redirect to Primary Page and remove duplicate from sitemap
90.14%,https://www.brahmakumaris.com/blog/festivals/janmashtami/life-of-krishna/,https://www.brahmakumaris.com/blog/brahma-baba-articles/mahila-shashaktikaran/,Setup 301 Redirect to Primary Page and remove duplicate from sitemap
90.13%,https://www.brahmakumaris.com/blog/hindi-blog/shivratri-a-universal-festival/,https://www.brahmakumaris.com/anubhavgatha/bk-achal-didi-chandigarh/,Setup 301 Redirect to Primary Page and remove duplicate from sitemap
90.11%,https://www.brahmakumaris.com/anubhavgatha/bk-sister-chandrika-toronto/,https://www.brahmakumaris.com/anubhavgatha/bk-atmaprakash-bhaiji/,Setup 301 Redirect to Primary Page and remove duplicate from sitemap
90.11%,https://www.brahmakumaris.com/anubhavgatha/bk-sister-chandrika-toronto/,https://www.brahmakumaris.com/blog/hindi-blog/khuli-aankhon-se-rajyog/,Setup 301 Redirect to Primary Page and remove duplicate from sitemap
90.11%,https://www.brahmakumaris.com/blog/brahma-baba-articles/sadguno-ka-darshan/,https://www.brahmakumaris.com/anubhavgatha/bk-achal-didi-chandigarh/,Setup 301 Redirect to Primary Page and remove duplicate from sitemap
90.1%,https://www.brahmakumaris.com/blog/festivals/janmashtami/life-of-krishna/,https://www.brahmakumaris.com/anubhavgatha/bk-achal-didi-chandigarh/,Setup 301 Redirect to Primary Page and remove duplicate from sitemap
90.1%,https://www.brahmakumaris.com/anubhavgatha/bk-sister-chandrika-toronto/,https://www.brahmakumaris.com/storytime/power-st/vo-raat-jab-bechain-man-ko-sukoon-mila/,Setup 301 Redirect to Primary Page and remove duplicate from sitemap
90.08%,https://www.brahmakumaris.com/anubhavgatha/didi-manmohini-ji/,https://www.brahmakumaris.com/blog/brahma-baba-articles/mahila-shashaktikaran/,Setup 301 Redirect to Primary Page and remove duplicate from sitemap
90.08%,https://www.brahmakumaris.com/blog/brahma-baba-articles/mahila-shashaktikaran/,https://www.brahmakumaris.com/blog/holi-ka-adhyatmik-rahasya/,Setup 301 Redirect to Primary Page and remove duplicate from sitemap
90.07%,https://www.brahmakumaris.com/anubhavgatha/sister-anne-bomian-ki-jeevan-kahani/,https://www.brahmakumaris.com/blog/brahma-baba-articles/mahila-shashaktikaran/,Setup 301 Redirect to Primary Page and remove duplicate from sitemap
90.07%,https://www.brahmakumaris.com/anubhavgatha/brahma-kumari-sister-halina-spiritual-journey/,https://www.brahmakumaris.com/blog/mamma-b/mamma-adhyatmik-kranti-ki-agradoot/,Setup 301 Redirect to Primary Page and remove duplicate from sitemap
90.06%,https://www.brahmakumaris.com/anubhavgatha/brahma-kumari-sister-halina-spiritual-journey/,https://www.brahmakumaris.com/blog/hindi-blog/aakhir-mein-atma-ke-saath-kya-jata-hai/,Setup 301 Redirect to Primary Page and remove duplicate from sitemap
90.04%,https://www.brahmakumaris.com/blog/brahma-baba-articles/mahila-shashaktikaran/,https://www.brahmakumaris.com/anubhavgatha/bk-sudharshan-didi/,Setup 301 Redirect to Primary Page and remove duplicate from sitemap
90.02%,https://www.brahmakumaris.com/anubhavgatha/dadi-situ/,https://www.brahmakumaris.com/blog/brahma-baba-articles/mahila-shashaktikaran/,Setup 301 Redirect to Primary Page and remove duplicate from sitemap
90.01%,https://www.brahmakumaris.com/anubhavgatha/dada-anand-kishore/,https://www.brahmakumaris.com/blog/brahma-baba-articles/mahila-shashaktikaran/,Setup 301 Redirect to Primary Page and remove duplicate from sitemap
90.01%,https://www.brahmakumaris.com/anubhavgatha/bk-prem-didi-punjab/,https://www.brahmakumaris.com/blog/brahma-baba-articles/mahila-shashaktikaran/,Setup 301 Redirect to Primary Page and remove duplicate from sitemap
90.01%,https://www.brahmakumaris.com/anubhavgatha/dadi-bholi-ji/,https://www.brahmakumaris.com/blog/brahma-baba-articles/mahila-shashaktikaran/,Setup 301 Redirect to Primary Page and remove duplicate from sitemap
